dataset,band,test_idx,train_idx,jaccard8,flagged,test_label,train_label,sw_score,sw_identity,sw_coverage,sw_aln_len,len_test,len_train,homolog,homolog_strict,homolog_loose
human_nontata_promoters,j_lt_0p1,27408,26737,0.0,0,0,1,137.0,0.3931297709923664,0.4103585657370518,262,251,251,0,0,0
human_nontata_promoters,j_lt_0p1,27321,22550,0.00413223123177886,0,0,1,220.0,0.4186046511627907,0.50199203187251,301,251,251,0,0,0
human_nontata_promoters,j_lt_0p1,27463,9621,0.008350730873644352,0,0,0,146.5,0.4350282485875706,0.30677290836653387,177,251,251,0,0,0
human_nontata_promoters,j_lt_0p1,27263,11847,0.0020964359864592552,0,0,0,217.5,0.4349315068493151,0.5059760956175299,292,251,251,0,0,0
human_nontata_promoters,j_lt_0p1,27449,4965,0.0,0,0,0,202.0,0.436241610738255,0.5179282868525896,298,251,251,0,0,0
human_nontata_promoters,j_lt_0p1,27115,7674,0.002087682718411088,0,0,0,238.0,0.47038327526132406,0.5378486055776892,287,251,251,0,0,0
human_nontata_promoters,j_lt_0p1,27218,16180,0.010593220591545105,0,0,1,144.0,0.38114754098360654,0.3705179282868526,244,251,251,0,0,0
human_nontata_promoters,j_lt_0p1,27216,6612,0.0147368423640728,0,0,0,213.0,0.45054945054945056,0.4900398406374502,273,251,251,0,0,0
human_nontata_promoters,j_lt_0p1,27464,7010,0.010570824146270752,0,0,0,258.0,0.48,0.5737051792828686,300,251,251,0,0,0
human_nontata_promoters,j_lt_0p1,27493,23132,0.0021052630618214607,0,0,1,170.5,0.450199203187251,0.450199203187251,251,251,251,0,0,0
human_nontata_promoters,j_lt_0p1,27264,2991,0.0,0,0,0,95.5,0.3741721854304636,0.450199203187251,302,251,251,0,0,0
human_nontata_promoters,j_lt_0p1,27474,728,0.0021052630618214607,0,0,0,95.5,0.35968379446640314,0.36254980079681276,253,251,251,0,0,0
human_nontata_promoters,j_lt_0p1,27323,17076,0.0,0,0,1,229.5,0.47058823529411764,0.5418326693227091,289,251,251,0,0,0
human_nontata_promoters,j_lt_0p1,27423,8685,0.014583333395421505,0,0,0,227.5,0.45787545787545786,0.49800796812749004,273,251,251,0,0,0
human_nontata_promoters,j_lt_0p1,27175,2592,0.0,0,0,0,176.0,0.40298507462686567,0.4302788844621514,268,251,251,0,0,0
human_nontata_promoters,j_lt_0p1,27363,19427,0.002061855746433139,0,0,1,139.5,0.3815261044176707,0.3784860557768924,249,251,251,0,0,0
human_nontata_promoters,j_lt_0p1,27471,18618,0.0,0,0,1,162.5,0.3916083916083916,0.44621513944223107,286,251,251,0,0,0
human_nontata_promoters,j_lt_0p1,27152,23391,0.0,0,0,1,191.0,0.47035573122529645,0.47410358565737054,253,251,251,0,0,0
human_nontata_promoters,j_lt_0p1,27401,13957,0.004115226212888956,0,0,1,238.0,0.47440273037542663,0.5537848605577689,293,251,251,0,0,0
human_nontata_promoters,j_lt_0p1,27397,9602,0.0,0,0,0,189.5,0.4368231046931408,0.4820717131474104,277,251,251,0,0,0
human_nontata_promoters,j_lt_0p1,27153,8311,0.004140786826610565,0,0,0,205.5,0.4981684981684982,0.5418326693227091,273,251,251,0,0,0
human_nontata_promoters,j_lt_0p1,27359,15501,0.006211180239915848,0,0,1,170.0,0.39655172413793105,0.4581673306772908,290,251,251,0,0,0
human_nontata_promoters,j_lt_0p1,27220,16175,0.006493506487458944,0,0,1,216.0,0.5176470588235295,0.5258964143426295,255,251,251,0,0,0
human_nontata_promoters,j_lt_0p1,27288,19264,0.0,0,0,1,186.5,0.4456140350877193,0.5059760956175299,285,251,251,0,0,0
human_nontata_promoters,j_lt_0p1,27495,20882,0.004282655194401741,0,0,1,149.0,0.42033898305084744,0.4940239043824701,295,251,251,0,0,0
human_nontata_promoters,j_lt_0p1,27322,23303,0.004535147454589605,0,0,1,247.5,0.5234657039711191,0.5776892430278885,277,251,251,0,0,0
human_nontata_promoters,j_lt_0p1,27352,21233,0.002057613106444478,0,0,1,255.0,0.4807017543859649,0.545816733067729,285,251,251,0,0,0
human_nontata_promoters,j_lt_0p1,27137,15863,0.002074688905850053,0,0,1,205.0,0.4517241379310345,0.5219123505976095,290,251,251,0,0,0
human_nontata_promoters,j_lt_0p1,27466,7254,0.0,0,0,0,161.0,0.40064102564102566,0.49800796812749004,312,251,251,0,0,0
human_nontata_promoters,j_lt_0p1,27216,20523,0.014893617480993271,0,0,1,253.0,0.4753521126760563,0.5378486055776892,284,251,251,0,0,0
human_nontata_promoters,j_lt_0p1,27470,6122,0.0,0,0,0,173.0,0.4140625,0.42231075697211157,256,251,251,0,0,0
human_nontata_promoters,j_lt_0p1,27154,2360,0.0021413275972008705,0,0,0,199.0,0.43050847457627117,0.5059760956175299,295,251,251,0,0,0
human_nontata_promoters,j_lt_0p1,27476,1105,0.0,0,0,0,182.5,0.44482758620689655,0.5139442231075697,290,251,251,0,0,0
human_nontata_promoters,j_lt_0p1,27149,26676,0.0,0,0,1,167.5,0.47465437788018433,0.4103585657370518,217,251,251,0,0,0
human_nontata_promoters,j_lt_0p1,27210,1048,0.0,0,0,0,179.5,0.38175675675675674,0.450199203187251,296,251,251,0,0,0
human_nontata_promoters,j_lt_0p1,27447,25026,0.008752735331654549,0,0,1,231.0,0.4174454828660436,0.5338645418326693,321,251,251,0,0,0
human_nontata_promoters,j_lt_0p1,27208,22030,0.015021459199488163,0,0,1,286.0,0.475177304964539,0.5338645418326693,282,251,251,0,0,0
human_nontata_promoters,j_lt_0p1,27240,20693,0.012684989720582962,0,0,1,175.5,0.38562091503267976,0.4701195219123506,306,251,251,0,0,0
human_nontata_promoters,j_lt_0p1,27229,5645,0.0,0,0,0,102.0,0.4032258064516129,0.398406374501992,248,251,251,0,0,0
human_nontata_promoters,j_lt_0p1,27469,25881,0.0062761506997048855,0,0,1,218.0,0.41009463722397477,0.5179282868525896,317,251,251,0,0,0
human_nontata_promoters,j_lt_0p1,27286,26512,0.0020703934133052826,0,0,1,175.0,0.4270833333333333,0.4900398406374502,288,251,251,0,0,0
human_nontata_promoters,j_lt_0p1,27131,22808,0.0021052630618214607,0,0,1,212.5,0.46613545816733065,0.46613545816733065,251,251,251,0,0,0
human_nontata_promoters,j_lt_0p1,27164,1137,0.010548523627221584,0,0,0,202.0,0.4265232974910394,0.47410358565737054,279,251,251,0,0,0
human_nontata_promoters,j_lt_0p1,27146,937,0.006224066484719515,0,0,0,209.5,0.4243421052631579,0.5139442231075697,304,251,251,0,0,0
human_nontata_promoters,j_lt_0p1,27302,23839,0.0,0,0,1,208.5,0.46779661016949153,0.549800796812749,295,251,251,0,0,0
human_nontata_promoters,j_lt_0p1,27396,14838,0.02298850566148758,0,0,1,317.0,0.4563758389261745,0.5418326693227091,298,251,251,0,0,0
human_nontata_promoters,j_lt_0p1,27211,22281,0.006342494860291481,0,0,1,165.5,0.3723076923076923,0.4820717131474104,325,251,251,0,0,0
human_nontata_promoters,j_lt_0p1,27340,25969,0.008602150715887547,0,0,1,270.0,0.48322147651006714,0.5737051792828686,298,251,251,0,0,0
human_nontata_promoters,j_lt_0p1,27283,15116,0.004175365436822176,0,0,1,249.0,0.4666666666666667,0.5298804780876494,285,251,251,0,0,0
human_nontata_promoters,j_lt_0p1,27410,22630,0.0,0,0,1,182.5,0.41254125412541254,0.49800796812749004,303,251,251,0,0,0
human_nontata_promoters,j_lt_0p1,27455,19291,0.0,0,0,1,143.5,0.39344262295081966,0.47808764940239046,305,251,251,0,0,0
human_nontata_promoters,j_lt_0p1,27136,11548,0.008510638028383255,0,0,0,213.0,0.4740484429065744,0.545816733067729,289,251,251,0,0,0
human_nontata_promoters,j_lt_0p1,27177,24404,0.012631579302251339,0,0,1,308.5,0.4782608695652174,0.5697211155378487,299,251,251,0,0,0
human_nontata_promoters,j_lt_0p1,27105,17639,0.006211180239915848,0,0,1,246.0,0.4689655172413793,0.5418326693227091,290,251,251,0,0,0
human_nontata_promoters,j_lt_0p1,27425,5873,0.0020833334419876337,0,0,0,114.0,0.3795620437956204,0.41434262948207173,274,251,251,0,0,0
human_nontata_promoters,j_lt_0p1,27300,15541,0.0,0,0,1,189.5,0.3972602739726027,0.46215139442231074,292,251,251,0,0,0
human_nontata_promoters,j_lt_0p1,27370,1580,0.006185567006468773,0,0,0,162.0,0.41935483870967744,0.46613545816733065,279,251,251,0,0,0
human_nontata_promoters,j_lt_0p1,27415,20518,0.006329114083200693,0,0,1,187.5,0.3979933110367893,0.47410358565737054,299,251,251,0,0,0
human_nontata_promoters,j_lt_0p1,27457,21264,0.0064239827916026115,0,0,1,234.0,0.4299363057324841,0.5378486055776892,314,251,251,0,0,0
human_nontata_promoters,j_lt_0p1,27456,24247,0.0020790020935237408,0,0,1,214.0,0.42996742671009774,0.5258964143426295,307,251,251,0,0,0
human_nontata_promoters,j_lt_0p1,27400,1294,0.0,0,0,0,216.0,0.4178082191780822,0.4860557768924303,292,251,251,0,0,0
human_nontata_promoters,j_lt_0p1,27351,6624,0.002053388161584735,0,0,0,143.5,0.36303630363036304,0.43824701195219123,303,251,251,0,0,0
human_nontata_promoters,j_lt_0p1,27349,22014,0.0,0,0,1,201.5,0.43389830508474575,0.5099601593625498,295,251,251,0,0,0
human_nontata_promoters,j_lt_0p1,27372,18058,0.006211180239915848,0,0,1,199.0,0.4265232974910394,0.47410358565737054,279,251,251,0,0,0
human_nontata_promoters,j_lt_0p1,27362,25832,0.0,0,0,1,183.5,0.42955326460481097,0.49800796812749004,291,251,251,0,0,0
human_nontata_promoters,j_lt_0p1,27316,6784,0.0,0,0,0,142.0,0.41947565543071164,0.44621513944223107,267,251,251,0,0,0
human_nontata_promoters,j_lt_0p1,27429,14997,0.0,0,0,1,219.0,0.43223443223443225,0.4701195219123506,273,251,251,0,0,0
human_nontata_promoters,j_lt_0p1,27168,16295,0.0,0,0,1,175.5,0.42448979591836733,0.41434262948207173,245,251,251,0,0,0
human_nontata_promoters,j_lt_0p1,27292,20504,0.002123142359778285,0,0,1,209.5,0.45454545454545453,0.5378486055776892,297,251,251,0,0,0
human_nontata_promoters,j_lt_0p1,27305,3569,0.00626304792240262,0,0,0,127.5,0.43478260869565216,0.398406374501992,230,251,251,0,0,0
human_nontata_promoters,j_lt_0p1,27193,318,0.0,0,0,0,156.5,0.36363636363636365,0.47808764940239046,330,251,251,0,0,0
human_nontata_promoters,j_lt_0p1,27146,12355,0.0,0,0,1,238.0,0.43661971830985913,0.4940239043824701,284,251,251,0,0,0
human_nontata_promoters,j_lt_0p1,27234,21734,0.0,0,0,1,96.0,0.3463035019455253,0.3545816733067729,257,251,251,0,0,0
human_nontata_promoters,j_lt_0p1,27175,1131,0.013100436888635159,0,0,0,213.0,0.48986486486486486,0.5776892430278885,296,251,251,0,0,0
human_nontata_promoters,j_lt_0p1,27204,20864,0.002053388161584735,0,0,1,237.0,0.42560553633217996,0.4900398406374502,289,251,251,0,0,0
human_nontata_promoters,j_lt_0p1,27484,19021,0.017130620777606964,0,0,1,247.0,0.4794007490636704,0.5099601593625498,267,251,251,0,0,0
human_nontata_promoters,j_lt_0p1,27407,6823,0.0,0,0,0,159.5,0.423728813559322,0.49800796812749004,295,251,251,0,0,0
human_nontata_promoters,j_lt_0p1,27272,26668,0.00206611561588943,0,0,1,221.5,0.4674329501915709,0.4860557768924303,261,251,251,0,0,0
human_nontata_promoters,j_lt_0p1,27363,20948,0.004123711492866278,0,0,1,198.5,0.39747634069400634,0.50199203187251,317,251,251,0,0,0
human_nontata_promoters,j_lt_0p1,27453,8236,0.0,0,0,0,106.0,0.33933933933933935,0.450199203187251,333,251,251,0,0,0
human_nontata_promoters,j_lt_0p1,27487,17866,0.0,0,0,1,196.5,0.4471830985915493,0.5059760956175299,284,251,251,0,0,0
human_nontata_promoters,j_lt_0p1,27486,26944,0.0,0,0,1,205.0,0.45936395759717313,0.5179282868525896,283,251,251,0,0,0
human_nontata_promoters,j_lt_0p1,27120,9111,0.002087682718411088,0,0,0,215.5,0.4664429530201342,0.5537848605577689,298,251,251,0,0,0
human_nontata_promoters,j_lt_0p1,27412,22384,0.0,0,0,1,134.5,0.37037037037037035,0.43824701195219123,297,251,251,0,0,0
human_nontata_promoters,j_lt_0p1,27436,21834,0.0,0,0,1,224.0,0.4057507987220447,0.5059760956175299,313,251,251,0,0,0
human_nontata_promoters,j_lt_0p1,27405,13717,0.0021691974252462387,0,0,1,223.0,0.48,0.5258964143426295,275,251,251,0,0,0
human_nontata_promoters,j_lt_0p1,27415,20478,0.00413223123177886,0,0,1,204.0,0.41914191419141916,0.5059760956175299,303,251,251,0,0,0
human_nontata_promoters,j_lt_0p1,27327,3120,0.004123711492866278,0,0,0,170.0,0.4420289855072464,0.4860557768924303,276,251,251,0,0,0
human_nontata_promoters,j_lt_0p1,27171,18907,0.0,0,0,1,196.0,0.45454545454545453,0.5179282868525896,286,251,251,0,0,0
human_nontata_promoters,j_lt_0p1,27328,26285,0.008316008374094963,0,0,1,222.5,0.47244094488188976,0.47808764940239046,254,251,251,0,0,0
human_nontata_promoters,j_lt_0p1,27342,4249,0.0,0,0,0,138.0,0.46846846846846846,0.41434262948207173,222,251,251,0,0,0
human_nontata_promoters,j_lt_0p1,27322,23488,0.0042372881434857845,0,0,1,227.5,0.4384057971014493,0.4820717131474104,276,251,251,0,0,0
human_nontata_promoters,j_lt_0p1,27176,26671,0.0,0,0,1,141.0,0.38620689655172413,0.44621513944223107,290,251,251,0,0,0
human_nontata_promoters,j_lt_0p1,27106,13982,0.004115226212888956,0,0,1,216.5,0.45514950166112955,0.545816733067729,301,251,251,0,0,0
human_nontata_promoters,j_lt_0p1,27338,14616,0.0,0,0,1,139.5,0.4053030303030303,0.4262948207171315,264,251,251,0,0,0
human_nontata_promoters,j_lt_0p1,27147,21944,0.0021598271559923887,0,0,1,200.5,0.44912280701754387,0.5099601593625498,285,251,251,0,0,0
human_nontata_promoters,j_lt_0p1,27254,20155,0.0020790020935237408,0,0,1,221.5,0.46825396825396826,0.4701195219123506,252,251,251,0,0,0
human_nontata_promoters,j_lt_0p1,27188,26283,0.0024038462433964014,0,0,1,124.5,0.4205607476635514,0.35856573705179284,214,251,251,0,0,0
human_nontata_promoters,j_lt_0p1,27427,6339,0.0,0,0,0,187.0,0.4119601328903654,0.4940239043824701,301,251,251,0,0,0
human_nontata_promoters,j_lt_0p1,27225,27046,0.0,0,0,1,187.5,0.4618320610687023,0.4820717131474104,262,251,251,0,0,0
human_nontata_promoters,j_lt_0p1,27136,13075,0.010775862261652946,0,0,1,248.0,0.52,0.5697211155378487,275,251,251,0,0,0
human_nontata_promoters,j_lt_0p1,27169,13218,0.01046025101095438,0,0,1,132.5,0.38427947598253276,0.350597609561753,229,251,251,0,0,0
human_nontata_promoters,j_lt_0p1,27294,418,0.006369426846504211,0,0,0,231.0,0.4463667820069204,0.5139442231075697,289,251,251,0,0,0
human_nontata_promoters,j_lt_0p1,27204,6875,0.00413223123177886,0,0,0,209.0,0.41358024691358025,0.5338645418326693,324,251,251,0,0,0
human_nontata_promoters,j_lt_0p1,27427,17342,0.0,0,0,1,260.0,0.43666666666666665,0.5219123505976095,300,251,251,0,0,0
human_nontata_promoters,j_lt_0p1,27127,13271,0.0,0,0,1,213.5,0.46545454545454545,0.5099601593625498,275,251,251,0,0,0
human_nontata_promoters,j_lt_0p1,27363,7378,0.012631579302251339,0,0,0,182.5,0.3562091503267974,0.4342629482071713,306,251,251,0,0,0
human_nontata_promoters,j_lt_0p1,27099,20590,0.0,0,0,1,227.0,0.451505016722408,0.5378486055776892,299,251,251,0,0,0
human_nontata_promoters,j_lt_0p1,27129,1283,0.012820512987673283,0,0,0,222.5,0.4773662551440329,0.46215139442231074,243,251,251,0,0,0
human_nontata_promoters,j_lt_0p1,27279,12294,0.0021008404437452555,0,0,0,131.0,0.5391304347826087,0.24701195219123506,115,251,251,0,0,0
human_nontata_promoters,j_lt_0p1,27261,16106,0.006289307959377766,0,0,1,188.5,0.4495798319327731,0.4262948207171315,238,251,251,0,0,0
human_nontata_promoters,j_lt_0p1,27253,23713,0.010482179932296276,0,0,1,252.0,0.4618055555555556,0.5298804780876494,288,251,251,0,0,0
human_nontata_promoters,j_lt_0p1,27191,23898,0.0,0,0,1,176.5,0.42045454545454547,0.44223107569721115,264,251,251,0,0,0
human_nontata_promoters,j_lt_0p1,27393,25894,0.0062500000931322575,0,0,1,142.5,0.391304347826087,0.35856573705179284,230,251,251,0,0,0
human_nontata_promoters,j_lt_0p1,27123,11143,0.0,0,0,0,250.0,0.4965753424657534,0.5776892430278885,292,251,251,0,0,0
human_nontata_promoters,j_lt_0p1,27345,4780,0.0,0,0,0,136.5,0.379746835443038,0.47808764940239046,316,251,251,0,0,0
human_nontata_promoters,j_lt_0p1,27141,25318,0.0,0,0,1,189.5,0.4217687074829932,0.4940239043824701,294,251,251,0,0,0
human_nontata_promoters,j_lt_0p1,27212,9782,0.0,0,0,0,203.0,0.4473684210526316,0.47410358565737054,266,251,251,0,0,0
human_nontata_promoters,j_lt_0p1,27152,16120,0.016701461747288704,0,0,1,252.5,0.4392523364485981,0.5617529880478087,321,251,251,0,0,0
human_nontata_promoters,j_lt_0p1,27135,6455,0.0020703934133052826,0,0,0,154.5,0.3707165109034268,0.47410358565737054,321,251,251,0,0,0
human_nontata_promoters,j_lt_0p1,27123,22581,0.0,0,0,1,166.0,0.40069686411149824,0.4581673306772908,287,251,251,0,0,0
human_nontata_promoters,j_lt_0p1,27217,2562,0.010351967066526413,0,0,0,210.5,0.44551282051282054,0.5537848605577689,312,251,251,0,0,0
human_nontata_promoters,j_lt_0p1,27389,8792,0.0,0,0,0,147.0,0.37337662337662336,0.4581673306772908,308,251,251,0,0,0
human_nontata_promoters,j_lt_0p1,27215,15375,0.0020790020935237408,0,0,1,238.0,0.5017667844522968,0.5657370517928287,283,251,251,0,0,0
human_nontata_promoters,j_lt_0p1,27143,13906,0.0,0,0,1,194.0,0.445993031358885,0.5099601593625498,287,251,251,0,0,0
human_nontata_promoters,j_lt_0p1,27461,25016,0.002057613106444478,0,0,1,185.5,0.44299674267100975,0.5418326693227091,307,251,251,0,0,0
human_nontata_promoters,j_lt_0p1,27118,22632,0.004149377811700106,0,0,1,205.5,0.4756554307116105,0.5059760956175299,267,251,251,0,0,0
human_nontata_promoters,j_lt_0p1,27305,14845,0.006289307959377766,0,0,1,243.0,0.4924812030075188,0.5219123505976095,266,251,251,0,0,0
human_nontata_promoters,j_lt_0p1,27465,3795,0.0,0,0,0,167.0,0.38652482269503546,0.4342629482071713,282,251,251,0,0,0
human_nontata_promoters,j_lt_0p1,27159,12281,0.0062761506997048855,0,0,0,249.0,0.4472843450479233,0.5577689243027888,313,251,251,0,0,0
human_nontata_promoters,j_lt_0p1,27455,4580,0.0,0,0,0,141.0,0.39622641509433965,0.41832669322709165,265,251,251,0,0,0
human_nontata_promoters,j_lt_0p1,27298,20679,0.012658228166401386,0,0,1,244.5,0.45051194539249145,0.5258964143426295,293,251,251,0,0,0
human_nontata_promoters,j_lt_0p1,27123,656,0.0,0,0,0,175.5,0.4344262295081967,0.42231075697211157,244,251,251,0,0,0
human_nontata_promoters,j_lt_0p1,27333,25637,0.0,0,0,1,174.5,0.40559440559440557,0.46215139442231074,286,251,251,0,0,0
human_nontata_promoters,j_lt_0p1,27202,24572,0.006198347080498934,0,0,1,200.5,0.4404332129963899,0.4860557768924303,277,251,251,0,0,0
human_nontata_promoters,j_lt_0p1,27117,22802,0.0,0,0,1,175.0,0.4402730375426621,0.5139442231075697,293,251,251,0,0,0
human_nontata_promoters,j_lt_0p1,27475,19872,0.004385964944958687,0,0,1,83.5,0.33766233766233766,0.3107569721115538,231,251,251,0,0,0
human_nontata_promoters,j_lt_0p1,27458,19562,0.0041928719729185104,0,0,1,136.0,0.39908256880733944,0.3466135458167331,218,251,251,0,0,0
human_nontata_promoters,j_lt_0p1,27470,17194,0.0021929824724793434,0,0,1,209.5,0.46048109965635736,0.5338645418326693,291,251,251,0,0,0
human_nontata_promoters,j_lt_0p1,27179,22852,0.0,0,0,1,143.0,0.38283828382838286,0.46215139442231074,303,251,251,0,0,0
human_nontata_promoters,j_lt_0p1,27297,8063,0.002057613106444478,0,0,0,123.5,0.3898916967509025,0.4302788844621514,277,251,251,0,0,0
human_nontata_promoters,j_lt_0p1,27403,15592,0.0,0,0,1,223.5,0.47183098591549294,0.5338645418326693,284,251,251,0,0,0
human_nontata_promoters,j_lt_0p1,27103,15780,0.002109704539179802,0,0,1,181.5,0.4549019607843137,0.46215139442231074,255,251,251,0,0,0
human_nontata_promoters,j_lt_0p1,27179,11382,0.0,0,0,0,182.0,0.45353159851301117,0.4860557768924303,269,251,251,0,0,0
human_nontata_promoters,j_lt_0p1,27410,3825,0.0021505376789718866,0,0,0,149.5,0.43209876543209874,0.41832669322709165,243,251,251,0,0,0
human_nontata_promoters,j_lt_0p1,27205,5032,0.006198347080498934,0,0,0,168.0,0.4379310344827586,0.5059760956175299,290,251,251,0,0,0
human_nontata_promoters,j_lt_0p1,27414,8820,0.0,0,0,0,223.5,0.43686006825938567,0.5099601593625498,293,251,251,0,0,0
human_nontata_promoters,j_lt_0p1,27195,21182,0.004524887073785067,0,0,1,192.0,0.4421052631578947,0.50199203187251,285,251,251,0,0,0
human_nontata_promoters,j_lt_0p1,27176,1908,0.0,0,0,0,164.0,0.4469026548672566,0.40239043824701193,226,251,251,0,0,0
human_nontata_promoters,j_lt_0p1,27354,2322,0.006224066484719515,0,0,0,186.5,0.43846153846153846,0.4541832669322709,260,251,251,0,0,0
human_nontata_promoters,j_lt_0p1,27453,13485,0.0,0,0,1,81.5,0.4,0.26294820717131473,165,251,251,0,0,0
human_nontata_promoters,j_lt_0p1,27435,15627,0.006382978521287441,0,0,1,179.0,0.4948453608247423,0.38247011952191234,194,251,251,0,0,0
human_nontata_promoters,j_lt_0p1,27097,5474,0.002053388161584735,0,0,0,180.0,0.3903345724907063,0.41832669322709165,269,251,251,0,0,0
human_nontata_promoters,j_lt_0p1,27115,23646,0.004115226212888956,0,0,1,166.0,0.37218045112781956,0.3944223107569721,266,251,251,0,0,0
human_nontata_promoters,j_lt_0p1,27301,3371,0.00413223123177886,0,0,0,185.0,0.4359861591695502,0.50199203187251,289,251,251,0,0,0
human_nontata_promoters,j_lt_0p1,27222,10360,0.008385743945837021,0,0,0,242.5,0.4483985765124555,0.50199203187251,281,251,251,0,0,0
human_nontata_promoters,j_lt_0p1,27142,5197,0.0021008404437452555,0,0,0,220.0,0.419672131147541,0.5099601593625498,305,251,251,0,0,0
human_nontata_promoters,j_lt_0p1,27338,6154,0.004140786826610565,0,0,0,153.0,0.3695652173913043,0.3386454183266932,230,251,251,0,0,0
human_nontata_promoters,j_lt_0p1,27353,3347,0.002061855746433139,0,0,0,238.0,0.43564356435643564,0.5258964143426295,303,251,251,0,0,0
human_nontata_promoters,j_lt_0p1,27107,17545,0.010593220591545105,0,0,1,197.5,0.3670886075949367,0.46215139442231074,316,251,251,0,0,0
human_nontata_promoters,j_lt_0p1,27344,1962,0.016736401244997978,0,0,0,269.5,0.4980694980694981,0.5139442231075697,259,251,251,0,0,0
human_nontata_promoters,j_lt_0p1,27270,13162,0.0,0,0,1,172.0,0.3688212927756654,0.38645418326693226,263,251,251,0,0,0
human_nontata_promoters,j_lt_0p1,27114,3004,0.00206611561588943,0,0,0,139.5,0.4128787878787879,0.4342629482071713,264,251,251,0,0,0
human_nontata_promoters,j_lt_0p1,27215,21740,0.002057613106444478,0,0,1,223.0,0.45964912280701753,0.5219123505976095,285,251,251,0,0,0
human_nontata_promoters,j_lt_0p1,27138,12126,0.0,0,0,0,205.5,0.41,0.4900398406374502,300,251,251,0,0,0
human_nontata_promoters,j_lt_0p1,27097,25671,0.0,0,0,1,219.5,0.44329896907216493,0.5139442231075697,291,251,251,0,0,0
human_nontata_promoters,j_lt_0p1,27495,3847,0.0,0,0,0,218.0,0.4507936507936508,0.5657370517928287,315,251,251,0,0,0
human_nontata_promoters,j_lt_0p1,27137,20022,0.008368200622498989,0,0,1,205.0,0.45323741007194246,0.50199203187251,278,251,251,0,0,0
human_nontata_promoters,j_lt_0p1,27444,15576,0.0020703934133052826,0,0,1,190.5,0.41414141414141414,0.4900398406374502,297,251,251,0,0,0
human_nontata_promoters,j_lt_0p1,27282,7554,0.0020920501556247473,0,0,0,224.5,0.4412811387900356,0.4940239043824701,281,251,251,0,0,0
human_nontata_promoters,j_lt_0p1,27341,12236,0.008368200622498989,0,0,0,266.5,0.503448275862069,0.5816733067729084,290,251,251,0,0,0
human_nontata_promoters,j_lt_0p1,27474,8544,0.004228329751640558,0,0,0,160.0,0.43661971830985913,0.3705179282868526,213,251,251,0,0,0
human_nontata_promoters,j_lt_0p1,27154,14109,0.0020703934133052826,0,0,1,168.5,0.4036363636363636,0.44223107569721115,275,251,251,0,0,0
human_nontata_promoters,j_lt_0p1,27232,14912,0.0,0,0,1,235.0,0.4748201438848921,0.5258964143426295,278,251,251,0,0,0
human_nontata_promoters,j_lt_0p1,27239,24689,0.0020703934133052826,0,0,1,201.5,0.44404332129963897,0.4900398406374502,277,251,251,0,0,0
human_nontata_promoters,j_lt_0p1,27228,15850,0.0041580041870474815,0,0,1,254.5,0.49454545454545457,0.5418326693227091,275,251,251,0,0,0
human_nontata_promoters,j_lt_0p1,27270,11821,0.00413223123177886,0,0,0,183.0,0.4024024024024024,0.5338645418326693,333,251,251,0,0,0
human_nontata_promoters,j_lt_0p1,27330,22967,0.004175365436822176,0,0,1,209.0,0.48091603053435117,0.50199203187251,262,251,251,0,0,0
human_nontata_promoters,j_lt_0p1,27490,13490,0.0,0,0,1,185.5,0.48398576512455516,0.5418326693227091,281,251,251,0,0,0
human_nontata_promoters,j_lt_0p1,27471,22380,0.00909090880304575,0,0,1,214.5,0.3780487804878049,0.4940239043824701,328,251,251,0,0,0
human_nontata_promoters,j_lt_0p1,27336,2016,0.010416666977107525,0,0,0,149.0,0.43673469387755104,0.4262948207171315,245,251,251,0,0,0
human_nontata_promoters,j_lt_0p1,27278,12638,0.006302521098405123,0,0,1,214.0,0.4416058394160584,0.4820717131474104,274,251,251,0,0,0
human_nontata_promoters,j_lt_0p1,27391,4572,0.0021739129442721605,0,0,0,175.5,0.4188679245283019,0.44223107569721115,265,251,251,0,0,0
human_nontata_promoters,j_lt_0p1,27192,356,0.004219409078359604,0,0,0,233.5,0.46710526315789475,0.5657370517928287,304,251,251,0,0,0
human_nontata_promoters,j_lt_0p1,27402,24579,0.008752735331654549,0,0,1,165.5,0.41754385964912283,0.47410358565737054,285,251,251,0,0,0
human_nontata_promoters,j_lt_0p1,27469,19159,0.004123711492866278,0,0,1,185.0,0.4090909090909091,0.50199203187251,308,251,251,0,0,0
human_nontata_promoters,j_lt_0p1,27200,11605,0.0,0,0,0,155.5,0.41935483870967744,0.46613545816733065,279,251,251,0,0,0
human_nontata_promoters,j_lt_0p1,27383,5021,0.004115226212888956,0,0,0,171.0,0.4006849315068493,0.46613545816733065,292,251,251,0,0,0
human_nontata_promoters,j_lt_0p1,27397,3260,0.010351967066526413,0,0,0,185.5,0.4066666666666667,0.4860557768924303,300,251,251,0,0,0
human_nontata_promoters,j_lt_0p1,27249,20538,0.004201680887490511,0,0,1,249.0,0.43973941368078173,0.5378486055776892,307,251,251,0,0,0
human_nontata_promoters,j_lt_0p1,27426,18750,0.0020964359864592552,0,0,1,249.0,0.5,0.5697211155378487,286,251,251,0,0,0
human_nontata_promoters,j_lt_0p1,27161,22423,0.0,0,0,1,80.5,0.37142857142857144,0.2589641434262948,175,251,251,0,0,0
human_nontata_promoters,j_lt_0p1,27255,14909,0.0,0,0,1,192.0,0.42258064516129035,0.5219123505976095,310,251,251,0,0,0
human_nontata_promoters,j_lt_0p1,27465,17384,0.008421052247285843,0,0,1,222.5,0.46551724137931033,0.5378486055776892,290,251,251,0,0,0
human_nontata_promoters,j_lt_0p1,27480,539,0.0,0,0,0,150.0,0.41843971631205673,0.4701195219123506,282,251,251,0,0,0
human_nontata_promoters,j_lt_0p1,27487,16118,0.010570824146270752,0,0,1,250.0,0.48333333333333334,0.5776892430278885,300,251,251,0,0,0
human_nontata_promoters,j_lt_0p1,27364,15384,0.006237006280571222,0,0,1,232.5,0.4560810810810811,0.5378486055776892,296,251,251,0,0,0
human_nontata_promoters,j_lt_0p1,27212,6130,0.0,0,0,0,75.0,0.35658914728682173,0.18326693227091634,129,251,251,0,0,0
human_nontata_promoters,j_lt_0p1,27357,8219,0.006237006280571222,0,0,0,216.0,0.4163934426229508,0.5059760956175299,305,251,251,0,0,0
human_nontata_promoters,j_lt_0p1,27249,24753,0.0020790020935237408,0,0,1,255.5,0.5054945054945055,0.549800796812749,273,251,251,0,0,0
human_nontata_promoters,j_lt_0p1,27212,14547,0.004444444552063942,0,0,1,244.5,0.4472843450479233,0.5577689243027888,313,251,251,0,0,0
human_nontata_promoters,j_lt_0p1,27378,15727,0.0063157896511256695,0,0,1,198.0,0.47876447876447875,0.4940239043824701,259,251,251,0,0,0
human_nontata_promoters,j_lt_0p1,27316,23013,0.010395010001957417,0,0,1,207.0,0.4669260700389105,0.47808764940239046,257,251,251,0,0,0
human_nontata_promoters,j_lt_0p1,27436,5884,0.0,0,0,0,159.5,0.39144736842105265,0.47410358565737054,304,251,251,0,0,0
human_nontata_promoters,j_lt_0p1,27360,13793,0.004140786826610565,0,0,1,151.5,0.41825095057034223,0.43824701195219123,263,251,251,0,0,0
human_nontata_promoters,j_lt_0p1,27342,3367,0.010482179932296276,0,0,0,133.5,0.4050632911392405,0.38247011952191234,237,251,251,0,0,0
human_nontata_promoters,j_lt_0p1,27481,384,0.002053388161584735,0,0,0,143.5,0.37770897832817335,0.4860557768924303,323,251,251,0,0,0
human_nontata_promoters,j_lt_0p1,27221,25103,0.0,0,0,1,178.5,0.4700460829493088,0.4063745019920319,217,251,251,0,0,0
human_nontata_promoters,j_lt_0p1,27311,10053,0.006198347080498934,0,0,0,240.5,0.4742268041237113,0.549800796812749,291,251,251,0,0,0
human_nontata_promoters,j_lt_0p1,27387,19306,0.0041928719729185104,0,0,1,235.5,0.48986486486486486,0.5776892430278885,296,251,251,0,0,0
human_nontata_promoters,j_lt_0p1,27383,4771,0.002053388161584735,0,0,0,169.5,0.3806228373702422,0.43824701195219123,289,251,251,0,0,0
human_nontata_promoters,j_lt_0p1,27482,17066,0.0,0,0,1,192.0,0.43795620437956206,0.47808764940239046,274,251,251,0,0,0
human_nontata_promoters,j_lt_0p1,27216,14251,0.00413223123177886,0,0,1,246.5,0.4782608695652174,0.5697211155378487,299,251,251,0,0,0
human_nontata_promoters,j_lt_0p1,27239,19743,0.0,0,0,1,153.0,0.3853211009174312,0.50199203187251,327,251,251,0,0,0
human_nontata_promoters,j_lt_0p1,27297,10846,0.008333333767950535,0,0,0,186.5,0.45185185185185184,0.4860557768924303,270,251,251,0,0,0
human_nontata_promoters,j_lt_0p1,27401,3434,0.002053388161584735,0,0,0,175.0,0.4150326797385621,0.5059760956175299,306,251,251,0,0,0
human_nontata_promoters,j_lt_0p1,27412,5202,0.004282655194401741,0,0,0,203.5,0.4358974358974359,0.5418326693227091,312,251,251,0,0,0
human_nontata_promoters,j_lt_0p1,27468,24782,0.0,0,0,1,177.0,0.43820224719101125,0.46613545816733065,267,251,251,0,0,0
human_nontata_promoters,j_lt_0p1,27455,11630,0.0,0,0,0,230.5,0.49070631970260226,0.5258964143426295,269,251,251,0,0,0
human_nontata_promoters,j_lt_0p1,27279,16790,0.0,0,0,1,187.5,0.45126353790613716,0.49800796812749004,277,251,251,0,0,0
human_nontata_promoters,j_lt_0p1,27324,21860,0.0,0,0,1,151.5,0.37898089171974525,0.47410358565737054,314,251,251,0,0,0
human_nontata_promoters,j_lt_0p1,27437,19883,0.006302521098405123,0,0,1,177.5,0.4216417910447761,0.450199203187251,268,251,251,0,0,0
human_nontata_promoters,j_lt_0p1,27365,16462,0.0,0,0,1,48.0,0.5098039215686274,0.10358565737051793,51,251,251,0,0,0
human_nontata_promoters,j_lt_0p1,27285,24891,0.004228329751640558,0,0,1,216.5,0.44569288389513106,0.47410358565737054,267,251,251,0,0,0
human_nontata_promoters,j_lt_0p1,27209,4597,0.0020920501556247473,0,0,0,218.5,0.46757679180887374,0.545816733067729,293,251,251,0,0,0
human_nontata_promoters,j_lt_0p1,27491,2139,0.012738853693008423,0,0,0,203.0,0.41346153846153844,0.5139442231075697,312,251,251,0,0,0
human_nontata_promoters,j_lt_0p1,27371,22759,0.006185567006468773,0,0,1,210.0,0.4064516129032258,0.50199203187251,310,251,251,0,0,0
human_nontata_promoters,j_lt_0p1,27421,7435,0.010416666977107525,0,0,0,212.0,0.44483985765124556,0.49800796812749004,281,251,251,0,0,0
human_nontata_promoters,j_lt_0p1,27235,25421,0.014675052836537361,0,0,1,234.5,0.42857142857142855,0.4900398406374502,287,251,251,0,0,0
human_nontata_promoters,j_lt_0p1,27110,18772,0.004115226212888956,0,0,1,176.5,0.45787545787545786,0.49800796812749004,273,251,251,0,0,0
human_nontata_promoters,j_lt_0p1,27286,13221,0.0020790020935237408,0,0,1,114.5,0.369281045751634,0.450199203187251,306,251,251,0,0,0
human_nontata_promoters,j_lt_0p1,27409,7897,0.0021321962121874094,0,0,0,204.0,0.43956043956043955,0.47808764940239046,273,251,251,0,0,0
human_nontata_promoters,j_lt_0p1,27113,11542,0.0,0,0,0,139.5,0.43983402489626555,0.42231075697211157,241,251,251,0,0,0
human_nontata_promoters,j_lt_0p1,27139,3240,0.0,0,0,0,122.0,0.34210526315789475,0.46613545816733065,342,251,251,0,0,0
human_nontata_promoters,j_lt_0p1,27308,306,0.008403361774981022,0,0,0,257.5,0.515748031496063,0.5219123505976095,254,251,251,0,0,0
human_nontata_promoters,j_lt_0p1,27386,3249,0.0,0,0,0,106.0,0.3475409836065574,0.42231075697211157,305,251,251,0,0,0
human_nontata_promoters,j_lt_0p1,27155,6917,0.0,0,0,0,123.5,0.38321167883211676,0.41832669322709165,274,251,251,0,0,0
human_nontata_promoters,j_lt_0p1,27489,14293,0.0041580041870474815,0,0,1,168.5,0.43309859154929575,0.4900398406374502,284,251,251,0,0,0
human_nontata_promoters,j_lt_0p1,27397,22838,0.002061855746433139,0,0,1,133.5,0.375,0.4063745019920319,272,251,251,0,0,0
human_nontata_promoters,j_lt_0p1,27262,16060,0.0020833334419876337,0,0,1,210.5,0.4957627118644068,0.46613545816733065,236,251,251,0,0,0
human_nontata_promoters,j_lt_0p1,27255,15670,0.006198347080498934,0,0,1,226.0,0.4870848708487085,0.5258964143426295,271,251,251,0,0,0
human_nontata_promoters,j_lt_0p1,27105,11638,0.0,0,0,0,243.5,0.48046875,0.4900398406374502,256,251,251,0,0,0
human_nontata_promoters,j_lt_0p1,27292,10031,0.0021052630618214607,0,0,0,226.5,0.45357142857142857,0.5059760956175299,280,251,251,0,0,0
human_nontata_promoters,j_lt_0p1,27139,6454,0.0,0,0,0,136.0,0.3926174496644295,0.46613545816733065,298,251,251,0,0,0
human_nontata_promoters,j_lt_0p1,27166,18760,0.002061855746433139,0,0,1,196.5,0.40492957746478875,0.4581673306772908,284,251,251,0,0,0
human_nontata_promoters,j_lt_0p1,27336,15329,0.002074688905850053,0,0,1,148.5,0.4096774193548387,0.5059760956175299,310,251,251,0,0,0
human_nontata_promoters,j_lt_0p1,27322,8574,0.004228329751640558,0,0,0,157.0,0.39114391143911437,0.42231075697211157,271,251,251,0,0,0
human_nontata_promoters,j_lt_0p1,27138,12369,0.0023980815894901752,0,0,1,218.0,0.48905109489051096,0.5338645418326693,274,251,251,0,0,0
human_nontata_promoters,j_lt_0p1,27130,10489,0.0021008404437452555,0,0,0,256.0,0.51931330472103,0.4820717131474104,233,251,251,0,0,0
human_nontata_promoters,j_lt_0p1,27478,2109,0.004201680887490511,0,0,0,202.5,0.4584837545126354,0.5059760956175299,277,251,251,0,0,0
human_nontata_promoters,j_lt_0p1,27283,21131,0.01046025101095438,0,0,1,175.5,0.502283105022831,0.43824701195219123,219,251,251,0,0,0
human_nontata_promoters,j_lt_0p1,27163,11845,0.0,0,0,0,188.0,0.39622641509433965,0.41832669322709165,265,251,251,0,0,0
human_nontata_promoters,j_lt_0p1,27137,23372,0.0041580041870474815,0,0,1,225.5,0.44481605351170567,0.5298804780876494,299,251,251,0,0,0
human_nontata_promoters,j_lt_0p1,27251,12009,0.0,0,0,0,154.5,0.38380281690140844,0.4342629482071713,284,251,251,0,0,0
human_nontata_promoters,j_lt_0p1,27391,26311,0.010416666977107525,0,0,1,239.0,0.4610169491525424,0.5418326693227091,295,251,251,0,0,0
human_nontata_promoters,j_lt_0p1,27395,22984,0.0,0,0,1,80.0,0.4329896907216495,0.16733067729083664,97,251,251,0,0,0
human_nontata_promoters,j_lt_0p1,27400,22032,0.004282655194401741,0,0,1,198.5,0.39805825242718446,0.4900398406374502,309,251,251,0,0,0
human_nontata_promoters,j_lt_0p1,27345,12114,0.002074688905850053,0,0,0,248.0,0.5022026431718062,0.4541832669322709,227,251,251,0,0,0
human_nontata_promoters,j_lt_0p1,27155,5042,0.0020790020935237408,0,0,0,150.0,0.4533333333333333,0.4063745019920319,225,251,251,0,0,0
human_nontata_promoters,j_lt_0p1,27410,20112,0.0021786491852253675,0,0,1,181.0,0.36253776435045315,0.47808764940239046,331,251,251,0,0,0
human_nontata_promoters,j_lt_0p1,27171,14050,0.0,0,0,1,172.5,0.4306569343065693,0.4701195219123506,274,251,251,0,0,0
human_nontata_promoters,j_lt_0p1,27477,5123,0.0,0,0,0,163.0,0.451063829787234,0.42231075697211157,235,251,251,0,0,0
human_nontata_promoters,j_lt_0p1,27372,23244,0.0021052630618214607,0,0,1,165.5,0.4249084249084249,0.46215139442231074,273,251,251,0,0,0
human_nontata_promoters,j_lt_0p1,27423,3693,0.004115226212888956,0,0,0,203.0,0.4479166666666667,0.5139442231075697,288,251,251,0,0,0
human_nontata_promoters,j_lt_0p1,27462,18048,0.0,0,0,1,157.5,0.3286219081272085,0.3705179282868526,283,251,251,0,0,0
human_nontata_promoters,j_lt_0p1,27119,25608,0.004166666883975267,0,0,1,220.0,0.4558303886925795,0.5139442231075697,283,251,251,0,0,0
human_nontata_promoters,j_lt_0p1,27201,1001,0.006198347080498934,0,0,0,210.0,0.4859154929577465,0.549800796812749,284,251,251,0,0,0
human_nontata_promoters,j_lt_0p1,27332,663,0.0021186440717428923,0,0,0,206.0,0.4166666666666667,0.5179282868525896,312,251,251,0,0,0
human_nontata_promoters,j_lt_0p1,27222,7794,0.0021186440717428923,0,0,0,237.5,0.4444444444444444,0.5418326693227091,306,251,251,0,0,0
human_nontata_promoters,j_lt_0p1,27478,6979,0.002053388161584735,0,0,0,190.0,0.39184952978056425,0.49800796812749004,319,251,251,0,0,0
human_nontata_promoters,j_lt_0p1,27258,17280,0.01075268816202879,0,0,1,196.5,0.4555984555984556,0.4701195219123506,259,251,251,0,0,0
human_nontata_promoters,j_lt_0p1,27476,11432,0.006289307959377766,0,0,0,207.0,0.41358024691358025,0.5338645418326693,324,251,251,0,0,0
human_nontata_promoters,j_lt_0p1,27221,21915,0.0,0,0,1,134.5,0.3826086956521739,0.350597609561753,230,251,251,0,0,0
human_nontata_promoters,j_lt_0p1,27478,1861,0.008438818156719208,0,0,0,203.0,0.4416961130742049,0.49800796812749004,283,251,251,0,0,0
human_nontata_promoters,j_lt_0p1,27447,20146,0.004115226212888956,0,0,1,217.5,0.45724907063197023,0.4900398406374502,269,251,251,0,0,0
human_nontata_promoters,j_lt_0p1,27135,2543,0.00206611561588943,0,0,0,199.5,0.4729241877256318,0.5219123505976095,277,251,251,0,0,0
human_nontata_promoters,j_lt_0p1,27204,24320,0.012738853693008423,0,0,1,219.0,0.4332129963898917,0.47808764940239046,277,251,251,0,0,0
human_nontata_promoters,j_lt_0p1,27435,11425,0.0,0,0,0,199.5,0.42168674698795183,0.41832669322709165,249,251,251,0,0,0
human_nontata_promoters,j_lt_0p1,27123,20765,0.00413223123177886,0,0,1,154.0,0.5286624203821656,0.33067729083665337,157,251,251,0,0,0
human_nontata_promoters,j_lt_0p1,27284,11631,0.0,0,0,0,230.5,0.4542372881355932,0.5338645418326693,295,251,251,0,0,0
human_nontata_promoters,j_lt_0p1,27330,9525,0.0,0,0,0,221.5,0.5071942446043165,0.5617529880478087,278,251,251,0,0,0
human_nontata_promoters,j_lt_0p1,27313,6205,0.0020833334419876337,0,0,0,227.0,0.4961832061068702,0.5179282868525896,262,251,251,0,0,0
human_nontata_promoters,j_lt_0p1,27136,24960,0.011111111380159855,0,0,1,244.5,0.4738675958188153,0.5418326693227091,287,251,251,0,0,0
human_nontata_promoters,j_lt_0p1,27149,21165,0.006224066484719515,0,0,1,245.0,0.508833922261484,0.5737051792828686,283,251,251,0,0,0
human_nontata_promoters,j_lt_0p1,27114,17521,0.0,0,0,1,169.0,0.40476190476190477,0.47410358565737054,294,251,251,0,0,0
human_nontata_promoters,j_lt_0p1,27149,6396,0.004140786826610565,0,0,0,201.5,0.42628205128205127,0.5298804780876494,312,251,251,0,0,0
human_nontata_promoters,j_lt_0p1,27200,15323,0.0,0,0,1,198.5,0.44802867383512546,0.49800796812749004,279,251,251,0,0,0
human_nontata_promoters,j_lt_0p1,27160,13425,0.0062761506997048855,0,0,1,193.5,0.4370629370629371,0.49800796812749004,286,251,251,0,0,0
human_nontata_promoters,j_lt_0p1,27249,19067,0.004149377811700106,0,0,1,247.5,0.44299674267100975,0.5418326693227091,307,251,251,0,0,0
human_nontata_promoters,j_lt_0p1,27383,7983,0.012500000186264515,0,0,0,204.0,0.3848797250859107,0.44621513944223107,291,251,251,0,0,0
human_nontata_promoters,j_lt_0p1,27214,9754,0.002061855746433139,0,0,0,162.5,0.3706293706293706,0.42231075697211157,286,251,251,0,0,0
human_nontata_promoters,j_lt_0p1,27272,13646,0.0021645021624863148,0,0,1,186.0,0.43018867924528303,0.4541832669322709,265,251,251,0,0,0
human_nontata_promoters,j_lt_0p1,27201,10038,0.004123711492866278,0,0,0,214.0,0.4576271186440678,0.5378486055776892,295,251,251,0,0,0
human_nontata_promoters,j_lt_0p1,27382,11295,0.012474012561142445,0,0,0,235.0,0.43537414965986393,0.5099601593625498,294,251,251,0,0,0
human_nontata_promoters,j_lt_0p1,27468,11319,0.002061855746433139,0,0,0,192.5,0.43010752688172044,0.47808764940239046,279,251,251,0,0,0
human_nontata_promoters,j_lt_0p1,27233,12108,0.0,0,0,0,199.0,0.3961661341853035,0.4940239043824701,313,251,251,0,0,0
human_nontata_promoters,j_lt_0p1,27123,24101,0.004301075357943773,0,0,1,130.5,0.369281045751634,0.450199203187251,306,251,251,0,0,0
human_nontata_promoters,j_lt_0p1,27260,18542,0.010683760978281498,0,0,1,237.5,0.4479495268138801,0.5657370517928287,317,251,251,0,0,0
human_nontata_promoters,j_lt_0p1,27431,6794,0.0041841003112494946,0,0,0,186.0,0.44052863436123346,0.398406374501992,227,251,251,0,0,0
human_nontata_promoters,j_lt_0p1,27402,10797,0.0,0,0,0,157.5,0.42066420664206644,0.4541832669322709,271,251,251,0,0,0
human_nontata_promoters,j_lt_0p1,27116,23293,0.0,0,0,1,135.0,0.4083044982698962,0.4701195219123506,289,251,251,0,0,0
human_nontata_promoters,j_lt_0p1,27167,15095,0.01252609584480524,0,0,1,237.5,0.4426229508196721,0.5378486055776892,305,251,251,0,0,0
human_nontata_promoters,j_lt_0p1,27205,10267,0.0,0,0,0,110.5,0.3901639344262295,0.47410358565737054,305,251,251,0,0,0
human_nontata_promoters,j_lt_0p1,27420,7234,0.0020703934133052826,0,0,0,203.0,0.44481605351170567,0.5298804780876494,299,251,251,0,0,0
human_nontata_promoters,j_lt_0p1,27137,20088,0.00657894741743803,0,0,1,237.0,0.48226950354609927,0.5418326693227091,282,251,251,0,0,0
human_nontata_promoters,j_lt_0p1,27397,18841,0.0,0,0,1,148.5,0.42790697674418604,0.3665338645418327,215,251,251,0,0,0
human_nontata_promoters,j_lt_0p1,27421,19636,0.006369426846504211,0,0,1,211.5,0.4218181818181818,0.46215139442231074,275,251,251,0,0,0
human_nontata_promoters,j_lt_0p1,27330,13660,0.004123711492866278,0,0,1,205.5,0.4612676056338028,0.5219123505976095,284,251,251,0,0,0
human_nontata_promoters,j_lt_0p1,27143,21466,0.0,0,0,1,178.0,0.44621513944223107,0.44621513944223107,251,251,251,0,0,0
human_nontata_promoters,j_lt_0p1,27482,25733,0.00626304792240262,0,0,1,209.5,0.42628205128205127,0.5298804780876494,312,251,251,0,0,0
human_nontata_promoters,j_lt_0p1,27482,25679,0.0,0,0,1,157.5,0.45081967213114754,0.43824701195219123,244,251,251,0,0,0
human_nontata_promoters,j_lt_0p1,27361,15874,0.0,0,0,1,113.0,0.34965034965034963,0.398406374501992,286,251,251,0,0,0
human_nontata_promoters,j_lt_0p1,27409,20898,0.017204301431775093,0,0,1,203.5,0.4352517985611511,0.4820717131474104,278,251,251,0,0,0
human_nontata_promoters,j_lt_0p1,27162,5850,0.0021598271559923887,0,0,0,167.0,0.38006230529595014,0.4860557768924303,321,251,251,0,0,0
human_nontata_promoters,j_lt_0p1,27339,18799,0.012658228166401386,0,0,1,313.0,0.5228070175438596,0.5936254980079682,285,251,251,0,0,0
human_nontata_promoters,j_lt_0p1,27122,10923,0.0021008404437452555,0,0,0,229.5,0.48226950354609927,0.5418326693227091,282,251,251,0,0,0
human_nontata_promoters,j_lt_0p1,27317,3910,0.004115226212888956,0,0,0,208.0,0.46099290780141844,0.5179282868525896,282,251,251,0,0,0
human_nontata_promoters,j_lt_0p1,27315,8003,0.006211180239915848,0,0,0,167.0,0.41935483870967744,0.46613545816733065,279,251,251,0,0,0
human_nontata_promoters,j_lt_0p1,27435,22684,0.0,0,0,1,105.0,0.3413793103448276,0.3944223107569721,290,251,251,0,0,0
human_nontata_promoters,j_lt_0p1,27168,11864,0.0,0,0,0,179.5,0.42950819672131146,0.5219123505976095,305,251,251,0,0,0
human_nontata_promoters,j_lt_0p1,27312,4809,0.016771487891674042,0,0,0,210.5,0.38741721854304634,0.46613545816733065,302,251,251,0,0,0
human_nontata_promoters,j_lt_0p1,27316,3754,0.0,0,0,0,162.0,0.41312741312741313,0.4262948207171315,259,251,251,0,0,0
human_nontata_promoters,j_lt_0p1,27495,15610,0.004123711492866278,0,0,1,180.0,0.4429065743944637,0.5099601593625498,289,251,251,0,0,0
human_nontata_promoters,j_lt_0p1,27484,9657,0.0,0,0,0,221.5,0.4536082474226804,0.5258964143426295,291,251,251,0,0,0
human_nontata_promoters,j_lt_0p1,27291,23261,0.0,0,0,1,226.0,0.43217665615141954,0.545816733067729,317,251,251,0,0,0
human_nontata_promoters,j_lt_0p1,27423,8381,0.004115226212888956,0,0,0,145.0,0.43109540636042404,0.4860557768924303,283,251,251,0,0,0
human_nontata_promoters,j_lt_0p1,27274,1505,0.006355931982398033,0,0,0,184.0,0.4129692832764505,0.4820717131474104,293,251,251,0,0,0
human_nontata_promoters,j_lt_0p1,27248,11733,0.0,0,0,0,233.5,0.47653429602888087,0.5258964143426295,277,251,251,0,0,0
human_nontata_promoters,j_lt_0p1,27184,18602,0.0,0,0,1,175.0,0.4708171206225681,0.4820717131474104,257,251,251,0,0,0
human_nontata_promoters,j_lt_0p1,27168,25206,0.002053388161584735,0,0,1,181.5,0.4181184668989547,0.47808764940239046,287,251,251,0,0,0
human_nontata_promoters,j_lt_0p1,27270,21511,0.0,0,0,1,219.0,0.45517241379310347,0.5258964143426295,290,251,251,0,0,0
human_nontata_promoters,j_lt_0p1,27176,16451,0.0020833334419876337,0,0,1,151.5,0.39285714285714285,0.43824701195219123,280,251,251,0,0,0
human_nontata_promoters,j_lt_0p1,27486,1990,0.0021551724057644606,0,0,0,214.0,0.4774436090225564,0.5059760956175299,266,251,251,0,0,0
human_nontata_promoters,j_lt_0p1,27123,7172,0.0,0,0,0,212.5,0.4482758620689655,0.46613545816733065,261,251,251,0,0,0
human_nontata_promoters,j_lt_0p1,27466,23943,0.0,0,0,1,204.0,0.45263157894736844,0.5139442231075697,285,251,251,0,0,0
human_nontata_promoters,j_lt_0p1,27442,375,0.004123711492866278,0,0,0,205.5,0.4600760456273764,0.4820717131474104,263,251,251,0,0,0
human_nontata_promoters,j_lt_0p1,27488,1916,0.002123142359778285,0,0,0,197.0,0.4201954397394137,0.5139442231075697,307,251,251,0,0,0
human_nontata_promoters,j_lt_0p1,27391,21865,0.004149377811700106,0,0,1,217.5,0.44649446494464945,0.4820717131474104,271,251,251,0,0,0
human_nontata_promoters,j_lt_0p1,27136,14447,0.0,0,0,1,189.5,0.4185303514376997,0.5219123505976095,313,251,251,0,0,0
human_nontata_promoters,j_lt_0p1,27268,22233,0.004115226212888956,0,0,1,211.0,0.4053156146179402,0.4860557768924303,301,251,251,0,0,0
human_nontata_promoters,j_lt_0p1,27321,15294,0.008298755623400211,0,0,1,139.5,0.40293040293040294,0.43824701195219123,273,251,251,0,0,0
human_nontata_promoters,j_lt_0p1,27265,7451,0.0021691974252462387,0,0,0,164.5,0.4013840830449827,0.46215139442231074,289,251,251,0,0,0
human_nontata_promoters,j_lt_0p1,27205,16894,0.0,0,0,1,245.5,0.47315436241610737,0.5617529880478087,298,251,251,0,0,0
human_nontata_promoters,j_lt_0p1,27331,24306,0.002109704539179802,0,0,1,152.5,0.38492063492063494,0.38645418326693226,252,251,251,0,0,0
human_nontata_promoters,j_lt_0p1,27151,9396,0.0,0,0,0,201.0,0.4729241877256318,0.5219123505976095,277,251,251,0,0,0
human_nontata_promoters,j_lt_0p1,27186,25054,0.0,0,0,1,65.5,0.37662337662337664,0.11553784860557768,77,251,251,0,0,0
human_nontata_promoters,j_lt_0p1,27465,22732,0.00849256943911314,0,0,1,161.0,0.4057507987220447,0.5059760956175299,313,251,251,0,0,0
human_nontata_promoters,j_lt_0p1,27171,19516,0.00206611561588943,0,0,1,205.5,0.44329896907216493,0.5139442231075697,291,251,251,0,0,0
human_nontata_promoters,j_lt_0p1,27170,25773,0.00206611561588943,0,0,1,224.0,0.4854014598540146,0.5298804780876494,274,251,251,0,0,0
human_nontata_promoters,j_lt_0p1,27257,7318,0.002057613106444478,0,0,0,176.0,0.42160278745644597,0.4820717131474104,287,251,251,0,0,0
human_nontata_promoters,j_lt_0p1,27412,26093,0.0,0,0,1,117.0,0.32608695652173914,0.41832669322709165,322,251,251,0,0,0
human_nontata_promoters,j_lt_0p1,27443,18035,0.0,0,0,1,209.0,0.445993031358885,0.5099601593625498,287,251,251,0,0,0
human_nontata_promoters,j_lt_0p1,27250,7250,0.0,0,0,0,141.5,0.38461538461538464,0.47808764940239046,312,251,251,0,0,0
human_nontata_promoters,j_lt_0p1,27432,1972,0.0042372881434857845,0,0,0,225.5,0.3730886850152905,0.4860557768924303,327,251,251,0,0,0
human_nontata_promoters,j_lt_0p1,27162,24311,0.004282655194401741,0,0,1,197.5,0.38961038961038963,0.47808764940239046,308,251,251,0,0,0
human_nontata_promoters,j_lt_0p1,27490,2383,0.0,0,0,0,181.5,0.4065573770491803,0.4940239043824701,305,251,251,0,0,0
human_nontata_promoters,j_lt_0p1,27427,9762,0.006369426846504211,0,0,0,242.0,0.5035971223021583,0.5577689243027888,278,251,251,0,0,0
human_nontata_promoters,j_lt_0p1,27168,12592,0.004140786826610565,0,0,1,179.5,0.46703296703296704,0.3386454183266932,182,251,251,0,0,0
human_nontata_promoters,j_lt_0p1,27346,1736,0.0,0,0,0,96.5,0.3709677419354839,0.3665338645418327,248,251,251,0,0,0
human_nontata_promoters,j_lt_0p1,27145,8301,0.0021052630618214607,0,0,0,189.5,0.47330960854092524,0.5298804780876494,281,251,251,0,0,0
human_nontata_promoters,j_lt_0p1,27174,10030,0.0,0,0,0,121.0,0.4028268551236749,0.4541832669322709,283,251,251,0,0,0
human_nontata_promoters,j_lt_0p1,27288,2180,0.0020703934133052826,0,0,0,108.5,0.35797665369649806,0.3665338645418327,257,251,251,0,0,0
human_nontata_promoters,j_lt_0p1,27417,20990,0.0020920501556247473,0,0,1,217.5,0.45454545454545453,0.5378486055776892,297,251,251,0,0,0
human_nontata_promoters,j_lt_0p1,27219,8709,0.002074688905850053,0,0,0,192.0,0.4013605442176871,0.4701195219123506,294,251,251,0,0,0
human_nontata_promoters,j_lt_0p1,27366,11125,0.010482179932296276,0,0,0,157.5,0.3864406779661017,0.4541832669322709,295,251,251,0,0,0
human_nontata_promoters,j_lt_0p1,27242,20606,0.0,0,0,1,246.5,0.4858156028368794,0.545816733067729,282,251,251,0,0,0
human_nontata_promoters,j_lt_0p1,27325,1749,0.0,0,0,0,159.5,0.3957597173144876,0.44621513944223107,283,251,251,0,0,0
human_nontata_promoters,j_lt_0p1,27188,2047,0.0,0,0,0,68.0,0.2916666666666667,0.2788844621513944,240,251,251,0,0,0
human_nontata_promoters,j_lt_0p1,27489,1111,0.006224066484719515,0,0,0,160.5,0.4045307443365696,0.49800796812749004,309,251,251,0,0,0
human_nontata_promoters,j_lt_0p1,27136,1003,0.004219409078359604,0,0,0,215.5,0.45454545454545453,0.5179282868525896,286,251,251,0,0,0
human_nontata_promoters,j_lt_0p1,27288,9877,0.0,0,0,0,84.0,0.37158469945355194,0.27091633466135456,183,251,251,0,0,0
human_nontata_promoters,j_lt_0p1,27126,4258,0.00206611561588943,0,0,0,215.0,0.4523809523809524,0.5298804780876494,294,251,251,0,0,0
human_nontata_promoters,j_lt_0p1,27459,2779,0.0020703934133052826,0,0,0,138.0,0.3708609271523179,0.44621513944223107,302,251,251,0,0,0
human_nontata_promoters,j_lt_0p1,27222,15106,0.014893617480993271,0,0,1,253.5,0.4115755627009646,0.5099601593625498,311,251,251,0,0,0
human_nontata_promoters,j_lt_0p1,27261,18873,0.0,0,0,1,159.5,0.4296577946768061,0.450199203187251,263,251,251,0,0,0
human_nontata_promoters,j_lt_0p1,27493,1125,0.008510638028383255,0,0,0,261.0,0.4552238805970149,0.4860557768924303,268,251,251,0,0,0
human_nontata_promoters,j_lt_0p1,27286,19088,0.0041928719729185104,0,0,1,196.0,0.4826086956521739,0.44223107569721115,230,251,251,0,0,0
human_nontata_promoters,j_lt_0p1,27313,4216,0.002114164875820279,0,0,0,146.0,0.4216417910447761,0.450199203187251,268,251,251,0,0,0
human_nontata_promoters,j_lt_0p1,27131,714,0.006237006280571222,0,0,0,275.0,0.4981949458483754,0.549800796812749,277,251,251,0,0,0
human_nontata_promoters,j_lt_0p1,27097,24274,0.012987012974917889,0,0,1,227.5,0.41214057507987223,0.5139442231075697,313,251,251,0,0,0
human_nontata_promoters,j_lt_0p1,27433,19176,0.006302521098405123,0,0,1,180.5,0.4186046511627907,0.4302788844621514,258,251,251,0,0,0
human_nontata_promoters,j_lt_0p1,27253,24301,0.010416666977107525,0,0,1,258.0,0.4843205574912892,0.5537848605577689,287,251,251,0,0,0
human_nontata_promoters,j_lt_0p1,27226,20592,0.002197802299633622,0,0,1,211.0,0.4117647058823529,0.44621513944223107,272,251,251,0,0,0
human_nontata_promoters,j_lt_0p1,27421,2493,0.0,0,0,0,216.5,0.4740484429065744,0.545816733067729,289,251,251,0,0,0
human_nontata_promoters,j_lt_0p1,27167,4483,0.0021186440717428923,0,0,0,189.0,0.4090909090909091,0.50199203187251,308,251,251,0,0,0
human_nontata_promoters,j_lt_0p1,27282,5863,0.0021008404437452555,0,0,0,99.0,0.3895582329317269,0.38645418326693226,249,251,251,0,0,0
human_nontata_promoters,j_lt_0p1,27354,21010,0.010593220591545105,0,0,1,247.0,0.4866920152091255,0.5099601593625498,263,251,251,0,0,0
human_nontata_promoters,j_lt_0p1,27469,6835,0.012474012561142445,0,0,0,243.0,0.4485049833887043,0.5378486055776892,301,251,251,0,0,0
human_nontata_promoters,j_lt_0p1,27424,13895,0.0063965884037315845,0,0,1,184.0,0.4416058394160584,0.4820717131474104,274,251,251,0,0,0
human_nontata_promoters,j_lt_0p1,27127,12976,0.0,0,0,1,226.5,0.45517241379310347,0.5258964143426295,290,251,251,0,0,0
human_nontata_promoters,j_lt_0p1,27377,10289,0.006211180239915848,0,0,0,272.5,0.46905537459283386,0.5737051792828686,307,251,251,0,0,0
human_nontata_promoters,j_lt_0p1,27335,6246,0.014613778330385685,0,0,0,251.5,0.5171102661596958,0.5418326693227091,263,251,251,0,0,0
human_nontata_promoters,j_lt_0p1,27106,7050,0.002057613106444478,0,0,0,203.5,0.4482758620689655,0.5179282868525896,290,251,251,0,0,0
human_nontata_promoters,j_lt_0p1,27242,6619,0.0,0,0,0,154.0,0.4051094890510949,0.44223107569721115,274,251,251,0,0,0
human_nontata_promoters,j_lt_0p1,27421,7384,0.0,0,0,0,147.5,0.39436619718309857,0.44621513944223107,284,251,251,0,0,0
human_nontata_promoters,j_lt_0p1,27383,16727,0.014553014189004898,0,0,1,209.5,0.4405594405594406,0.50199203187251,286,251,251,0,0,0
human_nontata_promoters,j_lt_0p1,27458,18085,0.0,0,0,1,85.0,0.4460431654676259,0.24701195219123506,139,251,251,0,0,0
human_nontata_promoters,j_lt_0p1,27182,20546,0.010893246158957481,0,0,1,259.5,0.4912891986062718,0.5617529880478087,287,251,251,0,0,0
human_nontata_promoters,j_lt_0p1,27479,24440,0.0062761506997048855,0,0,1,177.5,0.4606741573033708,0.4900398406374502,267,251,251,0,0,0
human_nontata_promoters,j_lt_0p1,27353,21445,0.0,0,0,1,94.5,0.3462897526501767,0.3904382470119522,283,251,251,0,0,0
human_nontata_promoters,j_lt_0p1,27640,23556,0.0021598271559923887,0,0,1,180.0,0.417910447761194,0.44621513944223107,268,251,251,0,0,0
human_nontata_promoters,j_lt_0p1,27728,24616,0.0,0,0,1,199.0,0.4790874524714829,0.50199203187251,263,251,251,0,0,0
human_nontata_promoters,j_lt_0p1,27882,3920,0.0,0,0,0,193.0,0.39672131147540984,0.4820717131474104,305,251,251,0,0,0
human_nontata_promoters,j_lt_0p1,27782,17967,0.0,0,0,1,194.5,0.45484949832775917,0.5418326693227091,299,251,251,0,0,0
human_nontata_promoters,j_lt_0p1,27887,26584,0.002053388161584735,0,0,1,229.5,0.4548611111111111,0.5219123505976095,288,251,251,0,0,0
human_nontata_promoters,j_lt_0p1,27502,22917,0.016877636313438416,0,0,1,249.0,0.4866920152091255,0.5099601593625498,263,251,251,0,0,0
human_nontata_promoters,j_lt_0p1,27585,1682,0.006237006280571222,0,0,0,201.5,0.4724137931034483,0.545816733067729,290,251,251,0,0,0
human_nontata_promoters,j_lt_0p1,27830,667,0.004123711492866278,0,0,0,152.0,0.3914590747330961,0.43824701195219123,281,251,251,0,0,0
human_nontata_promoters,j_lt_0p1,27702,23135,0.00413223123177886,0,0,1,217.0,0.42948717948717946,0.5338645418326693,312,251,251,0,0,0
human_nontata_promoters,j_lt_0p1,27822,25866,0.002057613106444478,0,0,1,150.5,0.39087947882736157,0.47808764940239046,307,251,251,0,0,0
human_nontata_promoters,j_lt_0p1,27735,18798,0.002053388161584735,0,0,1,255.0,0.4682274247491639,0.5577689243027888,299,251,251,0,0,0
human_nontata_promoters,j_lt_0p1,27801,18011,0.0021052630618214607,0,0,1,230.5,0.45936395759717313,0.5179282868525896,283,251,251,0,0,0
human_nontata_promoters,j_lt_0p1,27695,24698,0.0041841003112494946,0,0,1,161.0,0.37003058103975534,0.4820717131474104,327,251,251,0,0,0
human_nontata_promoters,j_lt_0p1,27705,6336,0.00828157365322113,0,0,0,246.0,0.43617021276595747,0.4900398406374502,282,251,251,0,0,0
human_nontata_promoters,j_lt_0p1,27701,18359,0.002314814832061529,0,0,1,66.5,0.46,0.18326693227091634,100,251,251,0,0,0
human_nontata_promoters,j_lt_0p1,27684,18738,0.0041928719729185104,0,0,1,202.5,0.4541984732824427,0.47410358565737054,262,251,251,0,0,0
human_nontata_promoters,j_lt_0p1,27556,20122,0.0,0,0,1,202.5,0.40942028985507245,0.450199203187251,276,251,251,0,0,0
human_nontata_promoters,j_lt_0p1,27515,10698,0.0,0,0,0,215.0,0.43354430379746833,0.545816733067729,316,251,251,0,0,0
human_nontata_promoters,j_lt_0p1,27709,508,0.0,0,0,0,155.5,0.3807829181494662,0.4262948207171315,281,251,251,0,0,0
human_nontata_promoters,j_lt_0p1,27715,3151,0.0020790020935237408,0,0,0,211.5,0.46757679180887374,0.545816733067729,293,251,251,0,0,0
human_nontata_promoters,j_lt_0p1,27651,2786,0.00206611561588943,0,0,0,216.5,0.4444444444444444,0.5418326693227091,306,251,251,0,0,0
human_nontata_promoters,j_lt_0p1,27815,814,0.0021413275972008705,0,0,0,205.5,0.4329501915708812,0.450199203187251,261,251,251,0,0,0
human_nontata_promoters,j_lt_0p1,27858,5103,0.0,0,0,0,155.0,0.4305555555555556,0.4940239043824701,288,251,251,0,0,0
human_nontata_promoters,j_lt_0p1,27664,6486,0.008565310388803482,0,0,0,149.5,0.3918918918918919,0.46215139442231074,296,251,251,0,0,0
human_nontata_promoters,j_lt_0p1,27736,19502,0.002222222276031971,0,0,1,162.5,0.4607142857142857,0.5139442231075697,280,251,251,0,0,0
human_nontata_promoters,j_lt_0p1,27710,22658,0.0041580041870474815,0,0,1,190.0,0.42805755395683454,0.47410358565737054,278,251,251,0,0,0
human_nontata_promoters,j_lt_0p1,27540,24588,0.0021186440717428923,0,0,1,164.0,0.44482758620689655,0.5139442231075697,290,251,251,0,0,0
human_nontata_promoters,j_lt_0p1,27666,837,0.004166666883975267,0,0,0,222.5,0.4847457627118644,0.5697211155378487,295,251,251,0,0,0
human_nontata_promoters,j_lt_0p1,27797,5874,0.0,0,0,0,159.5,0.43103448275862066,0.398406374501992,232,251,251,0,0,0
human_nontata_promoters,j_lt_0p1,27573,20169,0.0,0,0,1,163.0,0.43,0.5139442231075697,300,251,251,0,0,0
human_nontata_promoters,j_lt_0p1,27780,18700,0.006342494860291481,0,0,1,94.5,0.34726688102893893,0.4302788844621514,311,251,251,0,0,0
human_nontata_promoters,j_lt_0p1,27771,24602,0.0,0,0,1,116.0,0.3076923076923077,0.350597609561753,286,251,251,0,0,0
human_nontata_promoters,j_lt_0p1,27519,6685,0.0,0,0,0,215.0,0.4945054945054945,0.5378486055776892,273,251,251,0,0,0
human_nontata_promoters,j_lt_0p1,27747,25112,0.004201680887490511,0,0,1,161.0,0.40458015267175573,0.42231075697211157,262,251,251,0,0,0
human_nontata_promoters,j_lt_0p1,27871,22948,0.0,0,0,1,132.5,0.41923076923076924,0.4342629482071713,260,251,251,0,0,0
human_nontata_promoters,j_lt_0p1,27727,16180,0.0021008404437452555,0,0,1,182.0,0.43859649122807015,0.49800796812749004,285,251,251,0,0,0
human_nontata_promoters,j_lt_0p1,27750,15755,0.0,0,0,1,206.0,0.42379182156133827,0.4541832669322709,269,251,251,0,0,0
human_nontata_promoters,j_lt_0p1,27653,16368,0.0,0,0,1,115.0,0.39330543933054396,0.3745019920318725,239,251,251,0,0,0
human_nontata_promoters,j_lt_0p1,27536,15122,0.0,0,0,1,152.5,0.3800738007380074,0.4103585657370518,271,251,251,0,0,0
human_nontata_promoters,j_lt_0p1,27822,25530,0.0,0,0,1,148.5,0.40816326530612246,0.47808764940239046,294,251,251,0,0,0
human_nontata_promoters,j_lt_0p1,27677,12518,0.0,0,0,1,54.0,0.36585365853658536,0.17928286852589642,123,251,251,0,0,0
human_nontata_promoters,j_lt_0p1,27733,26205,0.0041841003112494946,0,0,1,112.5,0.4676258992805755,0.2589641434262948,139,251,251,0,0,0
human_nontata_promoters,j_lt_0p1,27766,10450,0.0,0,0,0,219.0,0.4657534246575342,0.5418326693227091,292,251,251,0,0,0
human_nontata_promoters,j_lt_0p1,27738,21170,0.004219409078359604,0,0,1,217.5,0.44336569579288027,0.545816733067729,309,251,251,0,0,0
human_nontata_promoters,j_lt_0p1,27802,22252,0.002061855746433139,0,0,1,232.5,0.46308724832214765,0.549800796812749,298,251,251,0,0,0
human_nontata_promoters,j_lt_0p1,27865,20818,0.0,0,0,1,107.5,0.33221476510067116,0.3944223107569721,298,251,251,0,0,0
human_nontata_promoters,j_lt_0p1,27732,13475,0.0,0,0,1,43.0,0.4857142857142857,0.06772908366533864,35,251,251,0,0,0
human_nontata_promoters,j_lt_0p1,27599,7573,0.01037344429641962,0,0,0,186.5,0.432258064516129,0.5338645418326693,310,251,251,0,0,0
human_nontata_promoters,j_lt_0p1,27792,17558,0.008583690971136093,0,0,1,123.5,0.32342007434944237,0.3466135458167331,269,251,251,0,0,0
human_nontata_promoters,j_lt_0p1,27893,1312,0.004338394850492477,0,0,0,182.5,0.4343065693430657,0.47410358565737054,274,251,251,0,0,0
human_nontata_promoters,j_lt_0p1,27798,20064,0.0021008404437452555,0,0,1,184.0,0.44256756756756754,0.5219123505976095,296,251,251,0,0,0
human_nontata_promoters,j_lt_0p1,27754,2766,0.0,0,0,0,185.0,0.3738019169329074,0.46613545816733065,313,251,251,0,0,0
human_nontata_promoters,j_lt_0p1,27764,24889,0.006198347080498934,0,0,1,211.5,0.422360248447205,0.5418326693227091,322,251,251,0,0,0
human_nontata_promoters,j_lt_0p1,27687,6117,0.004140786826610565,0,0,0,187.5,0.4312267657992565,0.46215139442231074,269,251,251,0,0,0
human_nontata_promoters,j_lt_0p1,27647,14745,0.0021645021624863148,0,0,1,109.5,0.38461538461538464,0.3386454183266932,221,251,251,0,0,0
human_nontata_promoters,j_lt_0p1,27712,15540,0.0041580041870474815,0,0,1,146.0,0.42424242424242425,0.50199203187251,297,251,251,0,0,0
human_nontata_promoters,j_lt_0p1,27772,10274,0.010729613713920116,0,0,0,276.5,0.43450479233226835,0.5418326693227091,313,251,251,0,0,0
human_nontata_promoters,j_lt_0p1,27716,12278,0.0,0,0,0,120.0,0.46621621621621623,0.2749003984063745,148,251,251,0,0,0
human_nontata_promoters,j_lt_0p1,27687,4675,0.002061855746433139,0,0,0,181.5,0.43790849673202614,0.5338645418326693,306,251,251,0,0,0
human_nontata_promoters,j_lt_0p1,27628,10882,0.002061855746433139,0,0,0,162.5,0.42748091603053434,0.44621513944223107,262,251,251,0,0,0
human_nontata_promoters,j_lt_0p1,27807,14764,0.0,0,0,1,190.5,0.4166666666666667,0.47808764940239046,288,251,251,0,0,0
human_nontata_promoters,j_lt_0p1,27533,13145,0.004228329751640558,0,0,1,209.0,0.46075085324232085,0.5378486055776892,293,251,251,0,0,0
human_nontata_promoters,j_lt_0p1,27585,23144,0.00413223123177886,0,0,1,224.0,0.5163636363636364,0.5657370517928287,275,251,251,0,0,0
human_nontata_promoters,j_lt_0p1,27688,8503,0.004149377811700106,0,0,0,206.5,0.46938775510204084,0.549800796812749,294,251,251,0,0,0
human_nontata_promoters,j_lt_0p1,27719,19325,0.0,0,0,1,58.5,0.35384615384615387,0.18326693227091634,130,251,251,0,0,0
human_nontata_promoters,j_lt_0p1,27861,13848,0.0,0,0,1,98.0,0.3745019920318725,0.3745019920318725,251,251,251,0,0,0
human_nontata_promoters,j_lt_0p1,27894,22877,0.0,0,0,1,118.0,0.3942652329749104,0.43824701195219123,279,251,251,0,0,0
human_nontata_promoters,j_lt_0p1,27570,15347,0.0,0,0,1,216.0,0.46153846153846156,0.549800796812749,299,251,251,0,0,0
human_nontata_promoters,j_lt_0p1,27794,22574,0.0020833334419876337,0,0,1,129.5,0.3548387096774194,0.43824701195219123,310,251,251,0,0,0
human_nontata_promoters,j_lt_0p1,27854,23872,0.00413223123177886,0,0,1,217.5,0.4862068965517241,0.5617529880478087,290,251,251,0,0,0
human_nontata_promoters,j_lt_0p1,27761,9633,0.0,0,0,0,71.5,0.5238095238095238,0.1752988047808765,84,251,251,0,0,0
human_nontata_promoters,j_lt_0p1,27867,3039,0.0,0,0,0,164.0,0.4597156398104265,0.38645418326693226,211,251,251,0,0,0
human_nontata_promoters,j_lt_0p1,27837,22906,0.0041841003112494946,0,0,1,126.5,0.4105263157894737,0.3107569721115538,190,251,251,0,0,0
human_nontata_promoters,j_lt_0p1,27642,11656,0.0,0,0,0,232.5,0.4585987261146497,0.5737051792828686,314,251,251,0,0,0
human_nontata_promoters,j_lt_0p1,27512,22258,0.0020703934133052826,0,0,1,229.5,0.43812709030100333,0.5219123505976095,299,251,251,0,0,0
human_nontata_promoters,j_lt_0p1,27705,12403,0.0,0,0,1,100.0,0.3283582089552239,0.350597609561753,268,251,251,0,0,0
human_nontata_promoters,j_lt_0p1,27687,8386,0.0,0,0,0,175.5,0.41042345276872966,0.50199203187251,307,251,251,0,0,0
human_nontata_promoters,j_lt_0p1,27719,24274,0.0,0,0,1,68.0,0.3063583815028902,0.21115537848605578,173,251,251,0,0,0
human_nontata_promoters,j_lt_0p1,27644,25067,0.0042105261236429214,0,0,1,155.5,0.3975409836065574,0.38645418326693226,244,251,251,0,0,0
human_nontata_promoters,j_lt_0p1,27645,5975,0.00413223123177886,0,0,0,225.0,0.4682274247491639,0.5577689243027888,299,251,251,0,0,0
human_nontata_promoters,j_lt_0p1,27630,16448,0.0,0,0,1,89.5,0.3508771929824561,0.398406374501992,285,251,251,0,0,0
human_nontata_promoters,j_lt_0p1,27548,9268,0.006198347080498934,0,0,0,214.0,0.43006993006993005,0.4900398406374502,286,251,251,0,0,0
human_nontata_promoters,j_lt_0p1,27829,1719,0.0,0,0,0,201.0,0.42857142857142855,0.46613545816733065,273,251,251,0,0,0
human_nontata_promoters,j_lt_0p1,27608,15209,0.0,0,0,1,198.0,0.451505016722408,0.5378486055776892,299,251,251,0,0,0
human_nontata_promoters,j_lt_0p1,27744,18658,0.0,0,0,1,207.5,0.5275229357798165,0.4581673306772908,218,251,251,0,0,0
human_nontata_promoters,j_lt_0p1,27862,23208,0.008368200622498989,0,0,1,149.0,0.4028776978417266,0.44621513944223107,278,251,251,0,0,0
human_nontata_promoters,j_lt_0p1,27588,2767,0.006224066484719515,0,0,0,233.0,0.46488294314381273,0.5537848605577689,299,251,251,0,0,0
human_nontata_promoters,j_lt_0p1,27597,11791,0.00206611561588943,0,0,0,196.5,0.450354609929078,0.5059760956175299,282,251,251,0,0,0
human_nontata_promoters,j_lt_0p1,27608,9219,0.006185567006468773,0,0,0,219.5,0.4548611111111111,0.5219123505976095,288,251,251,0,0,0
human_nontata_promoters,j_lt_0p1,27541,8450,0.006198347080498934,0,0,0,201.0,0.38769230769230767,0.50199203187251,325,251,251,0,0,0
human_nontata_promoters,j_lt_0p1,27596,5307,0.0,0,0,0,197.5,0.4265232974910394,0.47410358565737054,279,251,251,0,0,0
human_nontata_promoters,j_lt_0p1,27700,21370,0.0020703934133052826,0,0,1,161.5,0.3920265780730897,0.4701195219123506,301,251,251,0,0,0
human_nontata_promoters,j_lt_0p1,27604,20941,0.0,0,0,1,160.5,0.40186915887850466,0.5139442231075697,321,251,251,0,0,0
human_nontata_promoters,j_lt_0p1,27505,21089,0.0,0,0,1,127.5,0.3835125448028674,0.4262948207171315,279,251,251,0,0,0
human_nontata_promoters,j_lt_0p1,27774,11547,0.0,0,0,0,219.0,0.47191011235955055,0.50199203187251,267,251,251,0,0,0
human_nontata_promoters,j_lt_0p1,27559,10699,0.00413223123177886,0,0,0,250.0,0.46206896551724136,0.5338645418326693,290,251,251,0,0,0
human_nontata_promoters,j_lt_0p1,27506,16083,0.0,0,0,1,224.0,0.4262295081967213,0.5179282868525896,305,251,251,0,0,0
human_nontata_promoters,j_lt_0p1,27793,20414,0.0,0,0,1,199.0,0.3974358974358974,0.4940239043824701,312,251,251,0,0,0
human_nontata_promoters,j_lt_0p1,27765,19820,0.002061855746433139,0,0,1,208.0,0.5076335877862596,0.5298804780876494,262,251,251,0,0,0
human_nontata_promoters,j_lt_0p1,27702,6661,0.0,0,0,0,177.0,0.44017094017094016,0.4103585657370518,234,251,251,0,0,0
human_nontata_promoters,j_lt_0p1,27555,20897,0.010504201985895634,0,0,1,196.0,0.48412698412698413,0.4860557768924303,252,251,251,0,0,0
human_nontata_promoters,j_lt_0p1,27736,18444,0.010395010001957417,0,0,1,200.0,0.46938775510204084,0.4581673306772908,245,251,251,0,0,0
human_nontata_promoters,j_lt_0p1,27623,4479,0.0020703934133052826,0,0,0,221.0,0.420863309352518,0.46613545816733065,278,251,251,0,0,0
human_nontata_promoters,j_lt_0p1,27514,8302,0.008316008374094963,0,0,0,222.5,0.4217687074829932,0.4940239043824701,294,251,251,0,0,0
human_nontata_promoters,j_lt_0p1,27620,15198,0.0,0,0,1,105.5,0.35294117647058826,0.35856573705179284,255,251,251,0,0,0
human_nontata_promoters,j_lt_0p1,27792,19951,0.0,0,0,1,213.5,0.4641638225255973,0.5418326693227091,293,251,251,0,0,0
human_nontata_promoters,j_lt_0p1,27893,3227,0.0021413275972008705,0,0,0,178.5,0.45,0.46613545816733065,260,251,251,0,0,0
human_nontata_promoters,j_lt_0p1,27742,19085,0.002114164875820279,0,0,1,193.0,0.4166666666666667,0.49800796812749004,300,251,251,0,0,0
human_nontata_promoters,j_lt_0p1,27534,11555,0.008298755623400211,0,0,0,209.5,0.479020979020979,0.545816733067729,286,251,251,0,0,0
human_nontata_promoters,j_lt_0p1,27600,12217,0.0,0,0,0,103.0,0.4155844155844156,0.38247011952191234,231,251,251,0,0,0
human_nontata_promoters,j_lt_0p1,27779,6385,0.0,0,0,0,171.0,0.4490566037735849,0.47410358565737054,265,251,251,0,0,0
human_nontata_promoters,j_lt_0p1,27639,8244,0.0020790020935237408,0,0,0,180.0,0.3901639344262295,0.47410358565737054,305,251,251,0,0,0
human_nontata_promoters,j_lt_0p1,27890,3782,0.0,0,0,0,238.0,0.4623287671232877,0.5378486055776892,292,251,251,0,0,0
human_nontata_promoters,j_lt_0p1,27661,11108,0.0,0,0,0,193.0,0.41785714285714287,0.46613545816733065,280,251,251,0,0,0
human_nontata_promoters,j_lt_0p1,27693,5759,0.00413223123177886,0,0,0,198.0,0.4666666666666667,0.44621513944223107,240,251,251,0,0,0
human_nontata_promoters,j_lt_0p1,27652,16166,0.002053388161584735,0,0,1,196.5,0.45985401459854014,0.50199203187251,274,251,251,0,0,0
human_nontata_promoters,j_lt_0p1,27657,3046,0.004149377811700106,0,0,0,210.0,0.46153846153846156,0.5258964143426295,286,251,251,0,0,0
human_nontata_promoters,j_lt_0p1,27733,219,0.0,0,0,0,117.0,0.38783269961977185,0.4063745019920319,263,251,251,0,0,0
human_nontata_promoters,j_lt_0p1,27707,14541,0.01244813296943903,0,0,1,215.5,0.44485294117647056,0.4820717131474104,272,251,251,0,0,0
human_nontata_promoters,j_lt_0p1,27760,25757,0.0021786491852253675,0,0,1,296.0,0.5265017667844523,0.5936254980079682,283,251,251,0,0,0
human_nontata_promoters,j_lt_0p1,27830,5172,0.002057613106444478,0,0,0,203.5,0.45126353790613716,0.49800796812749004,277,251,251,0,0,0
human_nontata_promoters,j_lt_0p1,27635,23872,0.006211180239915848,0,0,1,213.0,0.4888888888888889,0.5258964143426295,270,251,251,0,0,0
human_nontata_promoters,j_lt_0p1,27796,24387,0.003322259057313204,0,0,1,124.5,0.5069444444444444,0.2908366533864542,144,251,251,0,0,0
human_nontata_promoters,j_lt_0p1,27730,6549,0.0042105261236429214,0,0,0,235.0,0.4574468085106383,0.5139442231075697,282,251,251,0,0,0
human_nontata_promoters,j_lt_0p1,27600,17086,0.0,0,0,1,154.5,0.3765432098765432,0.4860557768924303,324,251,251,0,0,0
human_nontata_promoters,j_lt_0p1,27553,10504,0.002053388161584735,0,0,0,219.5,0.43537414965986393,0.5099601593625498,294,251,251,0,0,0
human_nontata_promoters,j_lt_0p1,27877,15127,0.004123711492866278,0,0,1,195.0,0.4406779661016949,0.5179282868525896,295,251,251,0,0,0
human_nontata_promoters,j_lt_0p1,27780,24321,0.002061855746433139,0,0,1,190.5,0.41638225255972694,0.4860557768924303,293,251,251,0,0,0
human_nontata_promoters,j_lt_0p1,27497,4052,0.01116071455180645,0,0,0,214.0,0.4318936877076412,0.5179282868525896,301,251,251,0,0,0
human_nontata_promoters,j_lt_0p1,27820,19459,0.008695651777088642,0,0,1,245.0,0.42105263157894735,0.5099601593625498,304,251,251,0,0,0
human_nontata_promoters,j_lt_0p1,27633,11729,0.0,0,0,0,189.0,0.41694915254237286,0.4900398406374502,295,251,251,0,0,0
human_nontata_promoters,j_lt_0p1,27806,20172,0.01244813296943903,0,0,1,206.0,0.4054982817869416,0.4701195219123506,291,251,251,0,0,0
human_nontata_promoters,j_lt_0p1,27671,10314,0.0,0,0,0,198.5,0.4295774647887324,0.4860557768924303,284,251,251,0,0,0
human_nontata_promoters,j_lt_0p1,27670,10553,0.0,0,0,0,231.0,0.45819397993311034,0.545816733067729,299,251,251,0,0,0
human_nontata_promoters,j_lt_0p1,27769,19600,0.0,0,0,1,181.5,0.4355400696864111,0.49800796812749004,287,251,251,0,0,0
human_nontata_promoters,j_lt_0p1,27779,9495,0.002074688905850053,0,0,0,150.0,0.33881578947368424,0.4103585657370518,304,251,251,0,0,0
human_nontata_promoters,j_lt_0p1,27880,557,0.0,0,0,0,151.5,0.4043887147335423,0.5139442231075697,319,251,251,0,0,0
human_nontata_promoters,j_lt_0p1,27677,1054,0.0,0,0,0,170.0,0.43636363636363634,0.47808764940239046,275,251,251,0,0,0
human_nontata_promoters,j_lt_0p1,27683,3588,0.0,0,0,0,191.0,0.4254545454545455,0.46613545816733065,275,251,251,0,0,0
human_nontata_promoters,j_lt_0p1,27515,7849,0.006224066484719515,0,0,0,211.5,0.44534412955465585,0.43824701195219123,247,251,251,0,0,0
human_nontata_promoters,j_lt_0p1,27862,26744,0.0041580041870474815,0,0,1,133.0,0.376271186440678,0.44223107569721115,295,251,251,0,0,0
human_nontata_promoters,j_lt_0p1,27692,17778,0.002188183832913637,0,0,1,181.0,0.41924398625429554,0.4860557768924303,291,251,251,0,0,0
human_nontata_promoters,j_lt_0p1,27787,7059,0.00647948170080781,0,0,0,166.0,0.42803030303030304,0.450199203187251,264,251,251,0,0,0
human_nontata_promoters,j_lt_0p1,27644,14773,0.0,0,0,1,76.5,0.31210191082802546,0.3904382470119522,314,251,251,0,0,0
human_nontata_promoters,j_lt_0p1,27566,4331,0.0,0,0,0,180.5,0.4245614035087719,0.4820717131474104,285,251,251,0,0,0
human_nontata_promoters,j_lt_0p1,27652,21200,0.0,0,0,1,102.0,0.3446601941747573,0.28286852589641437,206,251,251,0,0,0
human_nontata_promoters,j_lt_0p1,27834,6193,0.008298755623400211,0,0,0,221.5,0.47470817120622566,0.4860557768924303,257,251,251,0,0,0
human_nontata_promoters,j_lt_0p1,27896,58,0.016842104494571686,0,0,0,198.0,0.486013986013986,0.5537848605577689,286,251,251,0,0,0
human_nontata_promoters,j_lt_0p1,27497,20738,0.0,0,0,1,245.0,0.44200626959247646,0.5617529880478087,319,251,251,0,0,0
human_nontata_promoters,j_lt_0p1,27812,3675,0.006185567006468773,0,0,0,155.0,0.3879598662207358,0.46215139442231074,299,251,251,0,0,0
human_nontata_promoters,j_lt_0p1,27652,18258,0.004140786826610565,0,0,1,224.0,0.45364238410596025,0.545816733067729,302,251,251,0,0,0
human_nontata_promoters,j_lt_0p1,27823,4526,0.004123711492866278,0,0,0,179.5,0.4412811387900356,0.4940239043824701,281,251,251,0,0,0
human_nontata_promoters,j_lt_0p1,27665,5643,0.004175365436822176,0,0,0,159.5,0.4,0.4701195219123506,295,251,251,0,0,0
human_nontata_promoters,j_lt_0p1,27874,22714,0.004175365436822176,0,0,1,158.0,0.4199288256227758,0.4701195219123506,281,251,251,0,0,0
human_nontata_promoters,j_lt_0p1,27854,8429,0.0,0,0,0,175.5,0.3709677419354839,0.4581673306772908,310,251,251,0,0,0
human_nontata_promoters,j_lt_0p1,27536,12862,0.0020833334419876337,0,0,1,178.5,0.36503067484662577,0.47410358565737054,326,251,251,0,0,0
human_nontata_promoters,j_lt_0p1,27886,23859,0.0041580041870474815,0,0,1,204.0,0.41836734693877553,0.4900398406374502,294,251,251,0,0,0
human_nontata_promoters,j_lt_0p1,27580,14334,0.012552301399409771,0,0,1,198.0,0.47692307692307695,0.4940239043824701,260,251,251,0,0,0
human_nontata_promoters,j_lt_0p1,27678,18399,0.00206611561588943,0,0,1,219.0,0.45112781954887216,0.47808764940239046,266,251,251,0,0,0
human_nontata_promoters,j_lt_0p1,27770,3437,0.008350730873644352,0,0,0,226.0,0.45364238410596025,0.545816733067729,302,251,251,0,0,0
human_nontata_promoters,j_lt_0p1,27750,17401,0.019027484580874443,0,0,1,270.0,0.5107142857142857,0.5697211155378487,280,251,251,0,0,0
human_nontata_promoters,j_lt_0p1,27663,3698,0.004282655194401741,0,0,0,216.5,0.4372623574144487,0.4581673306772908,263,251,251,0,0,0
human_nontata_promoters,j_lt_0p1,27710,18673,0.0,0,0,1,115.5,0.4078014184397163,0.4581673306772908,282,251,251,0,0,0
human_nontata_promoters,j_lt_0p1,27671,14016,0.002061855746433139,0,0,1,150.5,0.4107744107744108,0.4860557768924303,297,251,251,0,0,0
human_nontata_promoters,j_lt_0p1,27891,14234,0.0,0,0,1,170.0,0.36824324324324326,0.4342629482071713,296,251,251,0,0,0
human_nontata_promoters,j_lt_0p1,27856,2974,0.0041580041870474815,0,0,0,189.0,0.4473684210526316,0.5418326693227091,304,251,251,0,0,0
human_nontata_promoters,j_lt_0p1,27571,8238,0.006224066484719515,0,0,0,192.0,0.3825503355704698,0.4541832669322709,298,251,251,0,0,0
human_nontata_promoters,j_lt_0p1,27727,23422,0.002053388161584735,0,0,1,219.5,0.43356643356643354,0.4940239043824701,286,251,251,0,0,0
human_nontata_promoters,j_lt_0p1,27846,19032,0.004149377811700106,0,0,1,234.5,0.4865771812080537,0.5776892430278885,298,251,251,0,0,0
human_nontata_promoters,j_lt_0p1,27705,1510,0.006198347080498934,0,0,0,210.5,0.42033898305084744,0.4940239043824701,295,251,251,0,0,0
human_nontata_promoters,j_lt_0p1,27572,1861,0.0,0,0,0,181.0,0.41025641025641024,0.44621513944223107,273,251,251,0,0,0
human_nontata_promoters,j_lt_0p1,27889,17108,0.0,0,0,1,187.0,0.42704626334519574,0.47808764940239046,281,251,251,0,0,0
human_nontata_promoters,j_lt_0p1,27646,6152,0.0,0,0,0,216.0,0.41721854304635764,0.50199203187251,302,251,251,0,0,0
human_nontata_promoters,j_lt_0p1,27732,10297,0.0,0,0,0,137.0,0.4136690647482014,0.4581673306772908,278,251,251,0,0,0
human_nontata_promoters,j_lt_0p1,27509,19355,0.006772009190171957,0,0,1,271.0,0.4602076124567474,0.5298804780876494,289,251,251,0,0,0
human_nontata_promoters,j_lt_0p1,27810,16896,0.008316008374094963,0,0,1,193.5,0.4712041884816754,0.35856573705179284,191,251,251,0,0,0
human_nontata_promoters,j_lt_0p1,27559,1801,0.002114164875820279,0,0,0,219.0,0.39672131147540984,0.4820717131474104,305,251,251,0,0,0
human_nontata_promoters,j_lt_0p1,27673,4186,0.0,0,0,0,120.0,0.41825095057034223,0.43824701195219123,263,251,251,0,0,0
human_nontata_promoters,j_lt_0p1,27728,10998,0.0,0,0,0,216.0,0.48484848484848486,0.5099601593625498,264,251,251,0,0,0
human_nontata_promoters,j_lt_0p1,27777,9672,0.010395010001957417,0,0,0,237.5,0.44912280701754387,0.5099601593625498,285,251,251,0,0,0
human_nontata_promoters,j_lt_0p1,27639,1995,0.004175365436822176,0,0,0,206.5,0.4139194139194139,0.450199203187251,273,251,251,0,0,0
human_nontata_promoters,j_lt_0p1,27845,4031,0.002057613106444478,0,0,0,195.5,0.45364238410596025,0.545816733067729,302,251,251,0,0,0
human_nontata_promoters,j_lt_0p1,27771,24766,0.015053763054311275,0,0,1,231.5,0.4726027397260274,0.549800796812749,292,251,251,0,0,0
human_nontata_promoters,j_lt_0p1,27878,14571,0.0,0,0,1,220.5,0.4527027027027027,0.5338645418326693,296,251,251,0,0,0
human_nontata_promoters,j_lt_0p1,27715,9529,0.0041928719729185104,0,0,0,170.5,0.43478260869565216,0.5179282868525896,299,251,251,0,0,0
human_nontata_promoters,j_lt_0p1,27769,12215,0.006198347080498934,0,0,0,214.0,0.4594594594594595,0.4063745019920319,222,251,251,0,0,0
human_nontata_promoters,j_lt_0p1,27576,16059,0.012578615918755531,0,0,1,176.5,0.44966442953020136,0.5338645418326693,298,251,251,0,0,0
human_nontata_promoters,j_lt_0p1,27581,8619,0.0,0,0,0,134.0,0.37554585152838427,0.3426294820717131,229,251,251,0,0,0
human_nontata_promoters,j_lt_0p1,27666,19245,0.0,0,0,1,157.0,0.4046692607003891,0.41434262948207173,257,251,251,0,0,0
human_nontata_promoters,j_lt_0p1,27888,5980,0.0,0,0,0,199.0,0.4056603773584906,0.5139442231075697,318,251,251,0,0,0
human_nontata_promoters,j_lt_0p1,27665,4700,0.006289307959377766,0,0,0,244.5,0.43354430379746833,0.545816733067729,316,251,251,0,0,0
human_nontata_promoters,j_lt_0p1,27895,3124,0.0,0,0,0,163.0,0.44609665427509293,0.47808764940239046,269,251,251,0,0,0
human_nontata_promoters,j_lt_0p1,27746,1616,0.0,0,0,0,198.0,0.429042904290429,0.5179282868525896,303,251,251,0,0,0
human_nontata_promoters,j_lt_0p1,27639,16545,0.0041928719729185104,0,0,1,207.0,0.4201954397394137,0.5139442231075697,307,251,251,0,0,0
human_nontata_promoters,j_lt_0p1,27890,13242,0.0,0,0,1,141.0,0.415,0.33067729083665337,200,251,251,0,0,0
human_nontata_promoters,j_lt_0p1,27710,4689,0.0062761506997048855,0,0,0,204.5,0.4856115107913669,0.5378486055776892,278,251,251,0,0,0
human_nontata_promoters,j_lt_0p1,27672,3592,0.002061855746433139,0,0,0,214.0,0.42907801418439717,0.4820717131474104,282,251,251,0,0,0
human_nontata_promoters,j_lt_0p1,27650,23719,0.002061855746433139,0,0,1,131.5,0.3827751196172249,0.3187250996015936,209,251,251,0,0,0
human_nontata_promoters,j_lt_0p1,27666,23717,0.0,0,0,1,202.0,0.44485294117647056,0.4820717131474104,272,251,251,0,0,0
human_nontata_promoters,j_lt_0p1,27618,26152,0.0,0,0,1,143.0,0.38235294117647056,0.46613545816733065,306,251,251,0,0,0
human_nontata_promoters,j_lt_0p1,27848,9385,0.0,0,0,0,207.0,0.41694915254237286,0.4900398406374502,295,251,251,0,0,0
human_nontata_promoters,j_lt_0p1,27642,3033,0.0,0,0,0,252.0,0.44666666666666666,0.5338645418326693,300,251,251,0,0,0
human_nontata_promoters,j_lt_0p1,27764,25474,0.002057613106444478,0,0,1,170.5,0.4397163120567376,0.4940239043824701,282,251,251,0,0,0
human_nontata_promoters,j_lt_0p1,27780,11586,0.004149377811700106,0,0,0,159.0,0.4429065743944637,0.5099601593625498,289,251,251,0,0,0
human_nontata_promoters,j_lt_0p1,27536,8168,0.0,0,0,0,209.0,0.43729903536977494,0.5418326693227091,311,251,251,0,0,0
human_nontata_promoters,j_lt_0p1,27515,1513,0.00413223123177886,0,0,0,192.5,0.38870431893687707,0.46613545816733065,301,251,251,0,0,0
human_nontata_promoters,j_lt_0p1,27631,11019,0.008298755623400211,0,0,0,215.0,0.4416058394160584,0.4820717131474104,274,251,251,0,0,0
human_nontata_promoters,j_lt_0p1,27746,20648,0.0,0,0,1,195.0,0.4054878048780488,0.5298804780876494,328,251,251,0,0,0
human_nontata_promoters,j_lt_0p1,27546,16454,0.002057613106444478,0,0,1,195.5,0.40816326530612246,0.47808764940239046,294,251,251,0,0,0
human_nontata_promoters,j_lt_0p1,27725,21881,0.0,0,0,1,184.0,0.3729903536977492,0.46215139442231074,311,251,251,0,0,0
human_nontata_promoters,j_lt_0p1,27573,13995,0.002053388161584735,0,0,1,227.0,0.5084745762711864,0.5976095617529881,295,251,251,0,0,0
human_nontata_promoters,j_lt_0p1,27656,9510,0.004123711492866278,0,0,0,185.0,0.4507042253521127,0.5099601593625498,284,251,251,0,0,0
human_nontata_promoters,j_lt_0p1,27816,8456,0.00413223123177886,0,0,0,227.5,0.4690909090909091,0.5139442231075697,275,251,251,0,0,0
human_nontata_promoters,j_lt_0p1,27670,15603,0.002061855746433139,0,0,1,153.0,0.4312267657992565,0.46215139442231074,269,251,251,0,0,0
human_nontata_promoters,j_lt_0p1,27816,11071,0.0,0,0,0,190.5,0.47924528301886793,0.5059760956175299,265,251,251,0,0,0
human_nontata_promoters,j_lt_0p1,27555,13207,0.004291845485568047,0,0,1,253.5,0.4684385382059801,0.5617529880478087,301,251,251,0,0,0
human_nontata_promoters,j_lt_0p1,27851,26846,0.0020790020935237408,0,0,1,172.0,0.43312101910828027,0.5418326693227091,314,251,251,0,0,0
human_nontata_promoters,j_lt_0p1,27745,11020,0.004115226212888956,0,0,0,198.5,0.4263322884012539,0.5418326693227091,319,251,251,0,0,0
human_nontata_promoters,j_lt_0p1,27590,11904,0.004123711492866278,0,0,0,200.0,0.39755351681957185,0.5179282868525896,327,251,251,0,0,0
human_nontata_promoters,j_lt_0p1,27770,24593,0.0,0,0,1,61.0,0.2905027932960894,0.20717131474103587,179,251,251,0,0,0
human_nontata_promoters,j_lt_0p1,27660,11124,0.0,0,0,0,185.5,0.4592274678111588,0.4262948207171315,233,251,251,0,0,0
human_nontata_promoters,j_lt_0p1,27580,15872,0.006211180239915848,0,0,1,223.0,0.468013468013468,0.5537848605577689,297,251,251,0,0,0
human_nontata_promoters,j_lt_0p1,27551,1695,0.0020964359864592552,0,0,0,262.0,0.5289855072463768,0.5816733067729084,276,251,251,0,0,0
human_nontata_promoters,j_lt_0p1,27803,25697,0.010482179932296276,0,0,1,217.0,0.45018450184501846,0.4860557768924303,271,251,251,0,0,0
human_nontata_promoters,j_lt_0p1,27534,10211,0.004123711492866278,0,0,0,214.5,0.45454545454545453,0.5378486055776892,297,251,251,0,0,0
human_nontata_promoters,j_lt_0p1,27721,18168,0.004140786826610565,0,0,1,80.0,0.4523809523809524,0.22709163346613545,126,251,251,0,0,0
human_nontata_promoters,j_lt_0p1,27822,568,0.004123711492866278,0,0,0,196.0,0.4874551971326165,0.5418326693227091,279,251,251,0,0,0
human_nontata_promoters,j_lt_0p1,27621,24919,0.0,0,0,1,139.5,0.3896551724137931,0.450199203187251,290,251,251,0,0,0
human_nontata_promoters,j_lt_0p1,27792,8025,0.002053388161584735,0,0,0,189.0,0.46863468634686345,0.5059760956175299,271,251,251,0,0,0
human_nontata_promoters,j_lt_0p1,27842,12234,0.0,0,0,0,169.0,0.4713656387665198,0.4262948207171315,227,251,251,0,0,0
human_nontata_promoters,j_lt_0p1,27743,7416,0.002057613106444478,0,0,0,226.5,0.4212218649517685,0.5219123505976095,311,251,251,0,0,0
human_nontata_promoters,j_lt_0p1,27548,21791,0.002057613106444478,0,0,1,185.5,0.4365079365079365,0.43824701195219123,252,251,251,0,0,0
human_nontata_promoters,j_lt_0p1,27875,8250,0.004123711492866278,0,0,0,195.5,0.429042904290429,0.5179282868525896,303,251,251,0,0,0
human_nontata_promoters,j_lt_0p1,27575,8466,0.0041580041870474815,0,0,0,213.5,0.4181184668989547,0.47808764940239046,287,251,251,0,0,0
human_nontata_promoters,j_lt_0p1,27574,14191,0.0062500000931322575,0,0,1,184.5,0.43434343434343436,0.5139442231075697,297,251,251,0,0,0
human_nontata_promoters,j_lt_0p1,27536,25525,0.0041580041870474815,0,0,1,199.5,0.4045307443365696,0.49800796812749004,309,251,251,0,0,0
human_nontata_promoters,j_lt_0p1,27518,13606,0.0045045046135783195,0,0,1,177.5,0.45126353790613716,0.49800796812749004,277,251,251,0,0,0
human_nontata_promoters,j_lt_0p1,27892,20016,0.0,0,0,1,38.5,0.6129032258064516,0.07569721115537849,31,251,251,0,0,0
human_nontata_promoters,j_lt_0p1,27545,15564,0.008316008374094963,0,0,1,216.5,0.4478114478114478,0.5298804780876494,297,251,251,0,0,0
human_nontata_promoters,j_lt_0p1,27826,4917,0.004376367665827274,0,0,0,155.5,0.4344262295081967,0.42231075697211157,244,251,251,0,0,0
human_nontata_promoters,j_lt_0p1,27662,19623,0.0,0,0,1,166.0,0.40955631399317405,0.47808764940239046,293,251,251,0,0,0
human_nontata_promoters,j_lt_0p1,27772,12085,0.013186813332140446,0,0,0,242.0,0.4523809523809524,0.5298804780876494,294,251,251,0,0,0
human_nontata_promoters,j_lt_0p1,27587,12795,0.002057613106444478,0,0,1,107.5,0.38515901060070673,0.4342629482071713,283,251,251,0,0,0
human_nontata_promoters,j_lt_0p1,27873,16717,0.0,0,0,1,195.5,0.4785992217898833,0.4900398406374502,257,251,251,0,0,0
human_nontata_promoters,j_lt_0p1,27700,13902,0.0,0,0,1,199.5,0.5288461538461539,0.43824701195219123,208,251,251,0,0,0
human_nontata_promoters,j_lt_0p1,27645,6998,0.0,0,0,0,154.5,0.423841059602649,0.5099601593625498,302,251,251,0,0,0
human_nontata_promoters,j_lt_0p1,27765,3050,0.0,0,0,0,111.0,0.3568627450980392,0.36254980079681276,255,251,251,0,0,0
human_nontata_promoters,j_lt_0p1,27609,26763,0.0,0,0,1,130.5,0.40942028985507245,0.450199203187251,276,251,251,0,0,0
human_nontata_promoters,j_lt_0p1,27728,20397,0.00413223123177886,0,0,1,196.0,0.4700460829493088,0.4063745019920319,217,251,251,0,0,0
human_nontata_promoters,j_lt_0p1,27673,20571,0.002074688905850053,0,0,1,136.0,0.391304347826087,0.4302788844621514,276,251,251,0,0,0
human_nontata_promoters,j_lt_0p1,27841,12548,0.008733624592423439,0,0,1,117.0,0.48739495798319327,0.23107569721115537,119,251,251,0,0,0
human_nontata_promoters,j_lt_0p1,27577,15775,0.004115226212888956,0,0,1,188.5,0.47368421052631576,0.5378486055776892,285,251,251,0,0,0
human_nontata_promoters,j_lt_0p1,27846,4371,0.0020790020935237408,0,0,0,246.0,0.5071942446043165,0.5617529880478087,278,251,251,0,0,0
human_nontata_promoters,j_lt_0p1,27661,23347,0.0,0,0,1,129.0,0.3629032258064516,0.35856573705179284,248,251,251,0,0,0
human_nontata_promoters,j_lt_0p1,27575,23414,0.0063157896511256695,0,0,1,198.5,0.40816326530612246,0.47808764940239046,294,251,251,0,0,0
human_nontata_promoters,j_lt_0p1,27673,25828,0.0,0,0,1,104.0,0.37894736842105264,0.4302788844621514,285,251,251,0,0,0
human_nontata_promoters,j_lt_0p1,27845,1586,0.004123711492866278,0,0,0,187.0,0.43234323432343236,0.5219123505976095,303,251,251,0,0,0
human_nontata_promoters,j_lt_0p1,27631,3668,0.006211180239915848,0,0,0,214.5,0.45993031358885017,0.5258964143426295,287,251,251,0,0,0
human_nontata_promoters,j_lt_0p1,27887,1272,0.004140786826610565,0,0,0,204.5,0.43508771929824563,0.4940239043824701,285,251,251,0,0,0
human_nontata_promoters,j_lt_0p1,27561,15607,0.00206611561588943,0,0,1,70.5,0.3028571428571429,0.21115537848605578,175,251,251,0,0,0
human_nontata_promoters,j_lt_0p1,27830,20295,0.0021598271559923887,0,0,1,99.0,0.4076086956521739,0.29880478087649404,184,251,251,0,0,0
human_nontata_promoters,j_lt_0p1,27652,24329,0.006198347080498934,0,0,1,159.5,0.4528301886792453,0.47808764940239046,265,251,251,0,0,0
human_nontata_promoters,j_lt_0p1,27741,17777,0.0,0,0,1,134.5,0.4117647058823529,0.3346613545816733,204,251,251,0,0,0
human_nontata_promoters,j_lt_0p1,27840,8972,0.00828157365322113,0,0,0,160.0,0.4103448275862069,0.47410358565737054,290,251,251,0,0,0
human_nontata_promoters,j_lt_0p1,27539,20317,0.0,0,0,1,149.0,0.3883495145631068,0.47808764940239046,309,251,251,0,0,0
human_nontata_promoters,j_lt_0p1,27596,23376,0.0020833334419876337,0,0,1,157.5,0.38175675675675674,0.450199203187251,296,251,251,0,0,0
human_nontata_promoters,j_lt_0p1,27756,12232,0.006289307959377766,0,0,0,270.0,0.4897959183673469,0.47808764940239046,245,251,251,0,0,0
human_nontata_promoters,j_lt_0p1,27804,8746,0.006224066484719515,0,0,0,202.5,0.43661971830985913,0.4940239043824701,284,251,251,0,0,0
human_nontata_promoters,j_lt_0p1,27618,11221,0.002053388161584735,0,0,0,197.0,0.4440789473684211,0.5378486055776892,304,251,251,0,0,0
human_nontata_promoters,j_lt_0p1,27862,2150,0.0,0,0,0,116.0,0.3531746031746032,0.3545816733067729,252,251,251,0,0,0
human_nontata_promoters,j_lt_0p1,27767,19515,0.0020703934133052826,0,0,1,256.5,0.46689895470383275,0.5338645418326693,287,251,251,0,0,0
human_nontata_promoters,j_lt_0p1,27509,16752,0.006535947788506746,0,0,1,169.0,0.3952702702702703,0.46613545816733065,296,251,251,0,0,0
human_nontata_promoters,j_lt_0p1,27545,10038,0.00826446246355772,0,0,0,221.0,0.4491803278688525,0.545816733067729,305,251,251,0,0,0
human_nontata_promoters,j_lt_0p1,27889,17648,0.0,0,0,1,82.0,0.38125,0.24302788844621515,160,251,251,0,0,0
human_nontata_promoters,j_lt_0p1,27663,24953,0.0,0,0,1,195.0,0.47876447876447875,0.4940239043824701,259,251,251,0,0,0
human_nontata_promoters,j_lt_0p1,27699,21635,0.00413223123177886,0,0,1,204.0,0.4326923076923077,0.5378486055776892,312,251,251,0,0,0
human_nontata_promoters,j_lt_0p1,27863,10901,0.0,0,0,0,188.0,0.3790849673202614,0.46215139442231074,306,251,251,0,0,0
human_nontata_promoters,j_lt_0p1,27877,9472,0.006198347080498934,0,0,0,187.5,0.39490445859872614,0.4940239043824701,314,251,251,0,0,0
human_nontata_promoters,j_lt_0p1,27559,10360,0.00206611561588943,0,0,0,213.5,0.4659498207885305,0.5179282868525896,279,251,251,0,0,0
human_nontata_promoters,j_lt_0p1,27698,21786,0.006211180239915848,0,0,1,239.5,0.43973941368078173,0.5378486055776892,307,251,251,0,0,0
human_nontata_promoters,j_lt_0p1,27712,21528,0.012765957042574883,0,0,1,197.5,0.44176706827309237,0.43824701195219123,249,251,251,0,0,0
human_nontata_promoters,j_lt_0p1,27626,12659,0.0,0,0,1,126.5,0.42248062015503873,0.4342629482071713,258,251,251,0,0,0
human_nontata_promoters,j_lt_0p1,27574,14314,0.0,0,0,1,167.5,0.41785714285714287,0.46613545816733065,280,251,251,0,0,0
human_nontata_promoters,j_lt_0p1,27741,20755,0.0,0,0,1,184.0,0.4037854889589905,0.5099601593625498,317,251,251,0,0,0
human_nontata_promoters,j_lt_0p1,27793,13168,0.0,0,0,1,196.5,0.423728813559322,0.49800796812749004,295,251,251,0,0,0
human_nontata_promoters,j_lt_0p1,27545,23506,0.0,0,0,1,182.5,0.3993610223642173,0.49800796812749004,313,251,251,0,0,0
human_nontata_promoters,j_lt_0p1,27498,12246,0.008385743945837021,0,0,0,218.0,0.4584717607973422,0.549800796812749,301,251,251,0,0,0
human_nontata_promoters,j_lt_0p1,27579,359,0.0,0,0,0,115.0,0.44075829383886256,0.3705179282868526,211,251,251,0,0,0
human_nontata_promoters,j_lt_0p1,27823,9487,0.0,0,0,0,163.5,0.45353159851301117,0.4860557768924303,269,251,251,0,0,0
human_nontata_promoters,j_lt_0p1,27631,14200,0.0,0,0,1,222.0,0.49310344827586206,0.5697211155378487,290,251,251,0,0,0
human_nontata_promoters,j_lt_0p1,27584,4847,0.0041928719729185104,0,0,0,205.5,0.4157303370786517,0.44223107569721115,267,251,251,0,0,0
human_nontata_promoters,j_lt_0p1,27592,26907,0.002061855746433139,0,0,1,151.0,0.4353448275862069,0.40239043824701193,232,251,251,0,0,0
human_nontata_promoters,j_lt_0p1,27593,9360,0.006211180239915848,0,0,0,175.5,0.3759124087591241,0.4103585657370518,274,251,251,0,0,0
human_nontata_promoters,j_lt_0p1,27680,10360,0.002057613106444478,0,0,0,168.0,0.3971119133574007,0.43824701195219123,277,251,251,0,0,0
human_nontata_promoters,j_lt_0p1,27568,11727,0.0,0,0,0,164.5,0.42641509433962266,0.450199203187251,265,251,251,0,0,0
human_nontata_promoters,j_lt_0p1,27710,10239,0.0,0,0,0,214.5,0.4689922480620155,0.4820717131474104,258,251,251,0,0,0
human_nontata_promoters,j_lt_0p1,27524,10321,0.010482179932296276,0,0,0,222.5,0.46075085324232085,0.5378486055776892,293,251,251,0,0,0
human_nontata_promoters,j_lt_0p1,27821,2857,0.0,0,0,0,91.0,0.3655913978494624,0.4063745019920319,279,251,251,0,0,0
human_nontata_promoters,j_lt_0p1,27552,7633,0.01252609584480524,0,0,0,191.0,0.3898916967509025,0.4302788844621514,277,251,251,0,0,0
human_nontata_promoters,j_lt_0p1,27632,26370,0.0,0,0,1,139.5,0.39072847682119205,0.4701195219123506,302,251,251,0,0,0
human_nontata_promoters,j_lt_0p1,27648,25688,0.0,0,0,1,119.5,0.3574007220216607,0.3944223107569721,277,251,251,0,0,0
human_nontata_promoters,j_lt_0p1,27593,12683,0.0,0,0,1,185.5,0.41134751773049644,0.46215139442231074,282,251,251,0,0,0
human_nontata_promoters,j_lt_0p1,27617,1260,0.0020833334419876337,0,0,0,144.0,0.45021645021645024,0.41434262948207173,231,251,251,0,0,0
human_nontata_promoters,j_lt_0p1,27728,23376,0.004175365436822176,0,0,1,186.0,0.4148148148148148,0.44621513944223107,270,251,251,0,0,0
human_nontata_promoters,j_lt_0p1,27821,23560,0.006237006280571222,0,0,1,238.0,0.4429065743944637,0.5099601593625498,289,251,251,0,0,0
human_nontata_promoters,j_lt_0p1,27797,24512,0.0021551724057644606,0,0,1,177.5,0.396875,0.5059760956175299,320,251,251,0,0,0
human_nontata_promoters,j_lt_0p1,27826,10584,0.0021186440717428923,0,0,0,149.5,0.39087947882736157,0.47808764940239046,307,251,251,0,0,0
human_nontata_promoters,j_lt_0p1,27570,21462,0.004123711492866278,0,0,1,229.0,0.45353159851301117,0.4860557768924303,269,251,251,0,0,0
human_nontata_promoters,j_lt_0p1,27826,22150,0.006302521098405123,0,0,1,247.0,0.460431654676259,0.5099601593625498,278,251,251,0,0,0
human_nontata_promoters,j_lt_0p1,27525,20884,0.0041580041870474815,0,0,1,220.0,0.4246575342465753,0.4940239043824701,292,251,251,0,0,0
human_nontata_promoters,j_lt_0p1,27568,26895,0.0041841003112494946,0,0,1,166.5,0.4083333333333333,0.3904382470119522,240,251,251,0,0,0
human_nontata_promoters,j_lt_0p1,27623,25354,0.002087682718411088,0,0,1,140.0,0.3904109589041096,0.4541832669322709,292,251,251,0,0,0
human_nontata_promoters,j_lt_0p1,27617,3478,0.0,0,0,0,199.0,0.46691176470588236,0.5059760956175299,272,251,251,0,0,0
human_nontata_promoters,j_lt_0p1,27640,14825,0.0020964359864592552,0,0,1,235.5,0.46619217081850534,0.5219123505976095,281,251,251,0,0,0
human_nontata_promoters,j_lt_0p1,27512,17303,0.004175365436822176,0,0,1,209.5,0.4657039711191336,0.5139442231075697,277,251,251,0,0,0
human_nontata_promoters,j_lt_0p1,27576,3699,0.00826446246355772,0,0,0,217.5,0.4646840148698885,0.49800796812749004,269,251,251,0,0,0
human_nontata_promoters,j_lt_0p1,27797,10051,0.00647948170080781,0,0,0,220.0,0.44368600682593856,0.5179282868525896,293,251,251,0,0,0
human_nontata_promoters,j_lt_0p1,27638,13245,0.0062761506997048855,0,0,1,194.5,0.4652173913043478,0.4262948207171315,230,251,251,0,0,0
human_nontata_promoters,j_lt_0p1,27716,25564,0.0,0,0,1,96.5,0.445859872611465,0.2788844621513944,157,251,251,0,0,0
human_nontata_promoters,j_lt_0p1,27736,14730,0.002087682718411088,0,0,1,199.0,0.4148148148148148,0.44621513944223107,270,251,251,0,0,0
human_nontata_promoters,j_lt_0p1,27680,7917,0.0,0,0,0,178.0,0.5052083333333334,0.38645418326693226,192,251,251,0,0,0
human_nontata_promoters,j_lt_0p1,27550,16897,0.0,0,0,1,226.5,0.4259927797833935,0.4701195219123506,277,251,251,0,0,0
human_nontata_promoters,j_lt_0p1,27647,6199,0.0,0,0,0,210.0,0.44666666666666666,0.5338645418326693,300,251,251,0,0,0
human_nontata_promoters,j_lt_0p1,27891,24578,0.002114164875820279,0,0,1,158.5,0.38080495356037153,0.4900398406374502,323,251,251,0,0,0
human_nontata_promoters,j_lt_0p1,27861,11129,0.002061855746433139,0,0,0,218.5,0.44256756756756754,0.5219123505976095,296,251,251,0,0,0
human_nontata_promoters,j_lt_0p1,27767,20175,0.0041580041870474815,0,0,1,206.5,0.44876325088339225,0.5059760956175299,283,251,251,0,0,0
human_nontata_promoters,j_lt_0p1,27738,21930,0.0,0,0,1,212.5,0.4610169491525424,0.5418326693227091,295,251,251,0,0,0
human_nontata_promoters,j_lt_0p1,27704,23133,0.0,0,0,1,82.5,0.37130801687763715,0.350597609561753,237,251,251,0,0,0
human_nontata_promoters,j_lt_0p1,27635,9629,0.0,0,0,0,190.5,0.4664179104477612,0.49800796812749004,268,251,251,0,0,0
human_nontata_promoters,j_lt_0p1,27846,812,0.0,0,0,0,171.0,0.4316546762589928,0.47808764940239046,278,251,251,0,0,0
human_nontata_promoters,j_lt_0p1,27676,10261,0.00626304792240262,0,0,0,105.0,0.3782051282051282,0.2350597609561753,156,251,251,0,0,0
human_nontata_promoters,j_lt_0p1,27727,21308,0.0,0,0,1,201.0,0.39158576051779936,0.4820717131474104,309,251,251,0,0,0
human_nontata_promoters,j_lt_0p1,27725,20941,0.0021052630618214607,0,0,1,172.5,0.39285714285714285,0.3944223107569721,252,251,251,0,0,0
human_nontata_promoters,j_lt_0p1,27628,17075,0.0,0,0,1,194.0,0.4364820846905538,0.5338645418326693,307,251,251,0,0,0
human_nontata_promoters,j_lt_0p1,27722,15874,0.004149377811700106,0,0,1,185.5,0.4717741935483871,0.46613545816733065,248,251,251,0,0,0
human_nontata_promoters,j_lt_0p1,27669,26886,0.0,0,0,1,91.0,0.3586206896551724,0.41434262948207173,290,251,251,0,0,0
human_nontata_promoters,j_lt_0p1,27497,20031,0.010416666977107525,0,0,1,186.0,0.44107744107744107,0.5219123505976095,297,251,251,0,0,0
human_nontata_promoters,j_lt_0p1,27498,14278,0.00413223123177886,0,0,1,171.5,0.42641509433962266,0.450199203187251,265,251,251,0,0,0
human_nontata_promoters,j_lt_0p1,27873,15050,0.0,0,0,1,141.0,0.42585551330798477,0.44621513944223107,263,251,251,0,0,0
human_nontata_promoters,j_lt_0p1,27604,5480,0.0,0,0,0,150.0,0.4262295081967213,0.41434262948207173,244,251,251,0,0,0
human_nontata_promoters,j_lt_0p1,27600,20720,0.0,0,0,1,170.5,0.4490566037735849,0.47410358565737054,265,251,251,0,0,0
human_nontata_promoters,j_lt_0p1,27648,19889,0.002053388161584735,0,0,1,161.5,0.44036697247706424,0.38247011952191234,218,251,251,0,0,0
human_nontata_promoters,j_lt_0p1,27615,22200,0.0,0,0,1,164.0,0.4234875444839858,0.47410358565737054,281,251,251,0,0,0
human_nontata_promoters,j_lt_0p1,27762,19282,0.004228329751640558,0,0,1,202.0,0.3774193548387097,0.46613545816733065,310,251,251,0,0,0
human_nontata_promoters,j_lt_0p1,27524,16788,0.0,0,0,1,197.5,0.45422535211267606,0.5139442231075697,284,251,251,0,0,0
human_nontata_promoters,j_lt_0p1,27771,7584,0.010706637986004353,0,0,0,230.5,0.4344569288389513,0.46215139442231074,267,251,251,0,0,0
human_nontata_promoters,j_lt_0p1,27892,3948,0.008368200622498989,0,0,0,218.0,0.5058823529411764,0.5139442231075697,255,251,251,0,0,0
human_nontata_promoters,j_lt_0p1,27822,25012,0.0,0,0,1,198.5,0.4548736462093863,0.50199203187251,277,251,251,0,0,0
human_nontata_promoters,j_lt_0p1,27726,19509,0.00424628471955657,0,0,1,174.0,0.40540540540540543,0.41832669322709165,259,251,251,0,0,0
human_nontata_promoters,j_lt_0p1,27632,14559,0.0,0,0,1,152.5,0.4218181818181818,0.46215139442231074,275,251,251,0,0,0
human_nontata_promoters,j_lt_0p1,27535,16281,0.0,0,0,1,164.5,0.4254545454545455,0.46613545816733065,275,251,251,0,0,0
human_nontata_promoters,j_lt_0p1,27515,6618,0.0,0,0,0,115.0,0.4026548672566372,0.36254980079681276,226,251,251,0,0,0
human_nontata_promoters,j_lt_0p1,27533,1410,0.006198347080498934,0,0,0,204.5,0.45907473309608543,0.5139442231075697,281,251,251,0,0,0
human_nontata_promoters,j_lt_0p1,27769,7731,0.00206611561588943,0,0,0,215.0,0.42718446601941745,0.5258964143426295,309,251,251,0,0,0
human_nontata_promoters,j_lt_0p1,27765,1193,0.01037344429641962,0,0,0,215.0,0.47058823529411764,0.47808764940239046,255,251,251,0,0,0
human_nontata_promoters,j_lt_0p1,27657,3428,0.0063157896511256695,0,0,0,210.0,0.46303501945525294,0.47410358565737054,257,251,251,0,0,0
human_nontata_promoters,j_lt_0p1,27789,22365,0.0,0,0,1,202.5,0.42402826855123676,0.47808764940239046,283,251,251,0,0,0
human_nontata_promoters,j_lt_0p1,27573,23451,0.004115226212888956,0,0,1,160.5,0.4163934426229508,0.5059760956175299,305,251,251,0,0,0
human_nontata_promoters,j_lt_0p1,27528,5011,0.002061855746433139,0,0,0,201.0,0.43309859154929575,0.4900398406374502,284,251,251,0,0,0
human_nontata_promoters,j_lt_0p1,27779,1401,0.006237006280571222,0,0,0,184.0,0.39308176100628933,0.49800796812749004,318,251,251,0,0,0
human_nontata_promoters,j_lt_0p1,27676,26988,0.004123711492866278,0,0,1,195.5,0.41,0.4900398406374502,300,251,251,0,0,0
human_nontata_promoters,j_lt_0p1,27683,9049,0.0,0,0,0,156.0,0.3785488958990536,0.47808764940239046,317,251,251,0,0,0
human_nontata_promoters,j_lt_0p1,27503,8348,0.016877636313438416,0,0,0,195.0,0.437984496124031,0.450199203187251,258,251,251,0,0,0
human_nontata_promoters,j_lt_0p1,27886,20198,0.0,0,0,1,105.5,0.3378839590443686,0.3944223107569721,293,251,251,0,0,0
human_nontata_promoters,j_lt_0p1,27548,3979,0.0,0,0,0,164.0,0.42990654205607476,0.3665338645418327,214,251,251,0,0,0
human_nontata_promoters,j_lt_0p1,27612,13419,0.0,0,0,1,60.5,0.373134328358209,0.099601593625498,67,251,251,0,0,0
human_nontata_promoters,j_lt_0p1,27654,684,0.0021413275972008705,0,0,0,150.5,0.38961038961038963,0.47808764940239046,308,251,251,0,0,0
human_nontata_promoters,j_lt_0p1,27720,24659,0.004464285913854837,0,0,1,97.5,0.33210332103321033,0.35856573705179284,271,251,251,0,0,0
human_nontata_promoters,j_lt_0p1,27883,12483,0.0,0,0,1,130.5,0.39344262295081966,0.47808764940239046,305,251,251,0,0,0
human_nontata_promoters,j_lt_0p1,27714,1330,0.004166666883975267,0,0,0,170.5,0.378125,0.4820717131474104,320,251,251,0,0,0
human_nontata_promoters,j_lt_0p1,27572,5678,0.0,0,0,0,169.0,0.39932885906040266,0.47410358565737054,298,251,251,0,0,0
human_nontata_promoters,j_lt_0p1,27643,10127,0.00206611561588943,0,0,0,139.0,0.4149377593360996,0.398406374501992,241,251,251,0,0,0
human_nontata_promoters,j_lt_0p1,27649,22273,0.0,0,0,1,40.0,0.4878048780487805,0.0796812749003984,41,251,251,0,0,0
human_nontata_promoters,j_lt_0p1,27816,7860,0.0041580041870474815,0,0,0,223.0,0.4197952218430034,0.4900398406374502,293,251,251,0,0,0
human_nontata_promoters,j_lt_0p1,27862,15844,0.0,0,0,1,162.5,0.3881578947368421,0.4701195219123506,304,251,251,0,0,0
human_nontata_promoters,j_lt_0p1,27718,4034,0.0,0,0,0,184.0,0.44696969696969696,0.4701195219123506,264,251,251,0,0,0
human_nontata_promoters,j_lt_0p1,27679,2717,0.002057613106444478,0,0,0,210.5,0.4456140350877193,0.5059760956175299,285,251,251,0,0,0
human_nontata_promoters,j_lt_0p1,27816,22407,0.0,0,0,1,216.0,0.4789272030651341,0.49800796812749004,261,251,251,0,0,0
human_nontata_promoters,j_lt_0p1,27626,274,0.002057613106444478,0,0,0,135.5,0.4225352112676056,0.35856573705179284,213,251,251,0,0,0
human_nontata_promoters,j_lt_0p1,27774,3130,0.002087682718411088,0,0,0,162.0,0.3781818181818182,0.41434262948207173,275,251,251,0,0,0
human_nontata_promoters,j_lt_0p1,27599,18314,0.002207505516707897,0,0,1,81.0,0.40441176470588236,0.21912350597609562,136,251,251,0,0,0
human_nontata_promoters,j_lt_0p1,27605,18770,0.0044052861630916595,0,0,1,174.0,0.3566666666666667,0.4262948207171315,300,251,251,0,0,0
human_nontata_promoters,j_lt_0p1,27532,11662,0.002061855746433139,0,0,0,200.0,0.4150326797385621,0.5059760956175299,306,251,251,0,0,0
human_nontata_promoters,j_lt_0p1,27705,543,0.002053388161584735,0,0,0,209.5,0.46258503401360546,0.5418326693227091,294,251,251,0,0,0
human_nontata_promoters,j_lt_0p1,27612,3879,0.0021186440717428923,0,0,0,180.0,0.39649122807017545,0.450199203187251,285,251,251,0,0,0
human_nontata_promoters,j_lt_0p1,27801,8214,0.00826446246355772,0,0,0,265.5,0.5035460992907801,0.5657370517928287,282,251,251,0,0,0
human_nontata_promoters,j_lt_0p1,27603,16294,0.013513513840734959,0,0,1,95.5,0.34843205574912894,0.398406374501992,287,251,251,0,0,0
human_nontata_promoters,j_lt_0p1,27751,14628,0.008456659503281116,0,0,1,244.5,0.4980392156862745,0.5059760956175299,255,251,251,0,0,0
human_nontata_promoters,j_lt_0p1,27566,26378,0.0,0,0,1,185.0,0.4618181818181818,0.5059760956175299,275,251,251,0,0,0
human_nontata_promoters,j_lt_0p1,27709,886,0.004291845485568047,0,0,0,214.0,0.45544554455445546,0.549800796812749,303,251,251,0,0,0
human_nontata_promoters,j_lt_0p1,27618,4016,0.004115226212888956,0,0,0,208.0,0.46218487394957986,0.43824701195219123,238,251,251,0,0,0
human_nontata_promoters,j_lt_0p1,27634,6377,0.006198347080498934,0,0,0,250.0,0.4874551971326165,0.5418326693227091,279,251,251,0,0,0
human_nontata_promoters,j_lt_0p1,27862,1252,0.004140786826610565,0,0,0,190.0,0.43902439024390244,0.50199203187251,287,251,251,0,0,0
human_nontata_promoters,j_lt_0p1,27835,21544,0.00413223123177886,0,0,1,173.0,0.4416961130742049,0.49800796812749004,283,251,251,0,0,0
human_nontata_promoters,j_lt_0p1,27574,16774,0.002074688905850053,0,0,1,172.5,0.40893470790378006,0.47410358565737054,291,251,251,0,0,0
human_nontata_promoters,j_lt_0p1,27719,3353,0.0,0,0,0,233.5,0.5236220472440944,0.5298804780876494,254,251,251,0,0,0
human_nontata_promoters,j_lt_0p1,27625,20761,0.0,0,0,1,135.5,0.4119718309859155,0.46613545816733065,284,251,251,0,0,0
human_nontata_promoters,j_lt_0p1,27691,23615,0.002057613106444478,0,0,1,172.0,0.3896551724137931,0.450199203187251,290,251,251,0,0,0
human_nontata_promoters,j_lt_0p1,27662,14075,0.0,0,0,1,154.5,0.3786407766990291,0.46613545816733065,309,251,251,0,0,0
human_nontata_promoters,j_lt_0p1,27690,4503,0.0021008404437452555,0,0,0,194.5,0.45263157894736844,0.5139442231075697,285,251,251,0,0,0
human_nontata_promoters,j_lt_0p1,28262,18554,0.0,0,0,1,102.5,0.4177215189873418,0.26294820717131473,158,251,251,0,0,0
human_nontata_promoters,j_lt_0p1,27938,12770,0.004149377811700106,0,0,1,122.5,0.4222222222222222,0.3784860557768924,225,251,251,0,0,0
human_nontata_promoters,j_lt_0p1,28101,4225,0.0,0,0,0,76.5,0.4326241134751773,0.24302788844621515,141,251,251,0,0,0
human_nontata_promoters,j_lt_0p1,27975,19059,0.0,0,0,1,111.0,0.3765182186234818,0.3705179282868526,247,251,251,0,0,0
human_nontata_promoters,j_lt_0p1,28008,26859,0.006535947788506746,0,0,1,121.0,0.381294964028777,0.42231075697211157,278,251,251,0,0,0
human_nontata_promoters,j_lt_0p1,28150,16421,0.0020703934133052826,0,0,1,115.0,0.4006849315068493,0.46613545816733065,292,251,251,0,0,0
human_nontata_promoters,j_lt_0p1,28062,16897,0.00206611561588943,0,0,1,94.5,0.41139240506329117,0.2589641434262948,158,251,251,0,0,0
human_nontata_promoters,j_lt_0p1,28171,3651,0.008421052247285843,0,0,0,241.5,0.44285714285714284,0.4940239043824701,280,251,251,0,0,0
human_nontata_promoters,j_lt_0p1,27911,6200,0.0021008404437452555,0,0,0,201.5,0.4857142857142857,0.47410358565737054,245,251,251,0,0,0
human_nontata_promoters,j_lt_0p1,27956,16382,0.002087682718411088,0,0,1,183.0,0.48188405797101447,0.5298804780876494,276,251,251,0,0,0
human_nontata_promoters,j_lt_0p1,28230,16768,0.0,0,0,1,219.0,0.4697508896797153,0.5258964143426295,281,251,251,0,0,0
human_nontata_promoters,j_lt_0p1,28185,12349,0.0020920501556247473,0,0,0,119.0,0.40476190476190477,0.4063745019920319,252,251,251,0,0,0
human_nontata_promoters,j_lt_0p1,28077,4861,0.0,0,0,0,243.0,0.45514950166112955,0.545816733067729,301,251,251,0,0,0
human_nontata_promoters,j_lt_0p1,28180,8317,0.0,0,0,0,167.0,0.5167785234899329,0.30677290836653387,149,251,251,0,0,0
human_nontata_promoters,j_lt_0p1,27981,17565,0.0,0,0,1,129.5,0.3849056603773585,0.4063745019920319,265,251,251,0,0,0
human_nontata_promoters,j_lt_0p1,28286,17567,0.006198347080498934,0,0,1,144.0,0.4351464435146444,0.41434262948207173,239,251,251,0,0,0
human_nontata_promoters,j_lt_0p1,28042,14294,0.004166666883975267,0,0,1,174.0,0.41423948220064727,0.5099601593625498,309,251,251,0,0,0
human_nontata_promoters,j_lt_0p1,28201,23491,0.0,0,0,1,98.5,0.36466165413533835,0.38645418326693226,266,251,251,0,0,0
human_nontata_promoters,j_lt_0p1,28217,15747,0.0042105261236429214,0,0,1,168.0,0.40784313725490196,0.41434262948207173,255,251,251,0,0,0
human_nontata_promoters,j_lt_0p1,28217,14575,0.0191489364951849,0,0,1,186.0,0.4101694915254237,0.4820717131474104,295,251,251,0,0,0
human_nontata_promoters,j_lt_0p1,28182,11643,0.0,0,0,0,192.5,0.43508771929824563,0.4940239043824701,285,251,251,0,0,0
human_nontata_promoters,j_lt_0p1,27991,19392,0.0021008404437452555,0,0,1,185.5,0.4300341296928328,0.50199203187251,293,251,251,0,0,0
human_nontata_promoters,j_lt_0p1,27916,7436,0.002053388161584735,0,0,0,194.0,0.43,0.5139442231075697,300,251,251,0,0,0
human_nontata_promoters,j_lt_0p1,27912,18361,0.00712589081376791,0,0,1,112.0,0.42152466367713004,0.3745019920318725,223,251,251,0,0,0
human_nontata_promoters,j_lt_0p1,28174,5684,0.0190677959471941,0,0,0,259.5,0.45806451612903226,0.5657370517928287,310,251,251,0,0,0
human_nontata_promoters,j_lt_0p1,28032,12839,0.0,0,0,1,124.5,0.373134328358209,0.398406374501992,268,251,251,0,0,0
human_nontata_promoters,j_lt_0p1,27978,12652,0.0,0,0,1,55.0,0.4657534246575342,0.13545816733067728,73,251,251,0,0,0
human_nontata_promoters,j_lt_0p1,28000,21107,0.0,0,0,1,155.0,0.4112903225806452,0.4063745019920319,248,251,251,0,0,0
human_nontata_promoters,j_lt_0p1,28047,9974,0.0,0,0,0,213.0,0.45517241379310347,0.5258964143426295,290,251,251,0,0,0
human_nontata_promoters,j_lt_0p1,28188,25462,0.0,0,0,1,192.0,0.3993610223642173,0.49800796812749004,313,251,251,0,0,0
human_nontata_promoters,j_lt_0p1,28135,11844,0.006224066484719515,0,0,0,209.5,0.47101449275362317,0.5179282868525896,276,251,251,0,0,0
human_nontata_promoters,j_lt_0p1,27928,19040,0.0,0,0,1,159.0,0.4296875,0.43824701195219123,256,251,251,0,0,0
human_nontata_promoters,j_lt_0p1,27931,16515,0.0,0,0,1,116.0,0.33774834437086093,0.4063745019920319,302,251,251,0,0,0
human_nontata_promoters,j_lt_0p1,28268,4303,0.004115226212888956,0,0,0,224.0,0.48214285714285715,0.5378486055776892,280,251,251,0,0,0
human_nontata_promoters,j_lt_0p1,28263,21678,0.004123711492866278,0,0,1,188.5,0.42567567567567566,0.50199203187251,296,251,251,0,0,0
human_nontata_promoters,j_lt_0p1,28030,6217,0.002057613106444478,0,0,0,243.5,0.5,0.5219123505976095,262,251,251,0,0,0
human_nontata_promoters,j_lt_0p1,27936,24960,0.0,0,0,1,211.0,0.49572649572649574,0.46215139442231074,234,251,251,0,0,0
human_nontata_promoters,j_lt_0p1,28235,25136,0.0,0,0,1,73.5,0.46296296296296297,0.199203187250996,108,251,251,0,0,0
human_nontata_promoters,j_lt_0p1,28261,444,0.002061855746433139,0,0,0,162.5,0.3580645161290323,0.44223107569721115,310,251,251,0,0,0
human_nontata_promoters,j_lt_0p1,28270,25519,0.0,0,0,1,188.0,0.42905405405405406,0.5059760956175299,296,251,251,0,0,0
human_nontata_promoters,j_lt_0p1,28123,23992,0.0,0,0,1,149.5,0.3656957928802589,0.450199203187251,309,251,251,0,0,0
human_nontata_promoters,j_lt_0p1,28091,26392,0.0,0,0,1,88.5,0.38495575221238937,0.3466135458167331,226,251,251,0,0,0
human_nontata_promoters,j_lt_0p1,27986,19110,0.006302521098405123,0,0,1,138.0,0.3282208588957055,0.4262948207171315,326,251,251,0,0,0
human_nontata_promoters,j_lt_0p1,28238,10805,0.0,0,0,0,154.5,0.4124087591240876,0.450199203187251,274,251,251,0,0,0
human_nontata_promoters,j_lt_0p1,28295,17643,0.0020790020935237408,0,0,1,203.5,0.43686006825938567,0.5099601593625498,293,251,251,0,0,0
human_nontata_promoters,j_lt_0p1,27916,25148,0.002057613106444478,0,0,1,176.0,0.4404332129963899,0.4860557768924303,277,251,251,0,0,0
human_nontata_promoters,j_lt_0p1,28269,26328,0.0021052630618214607,0,0,1,122.5,0.3826086956521739,0.350597609561753,230,251,251,0,0,0
human_nontata_promoters,j_lt_0p1,27998,6638,0.0,0,0,0,186.0,0.4068965517241379,0.4701195219123506,290,251,251,0,0,0
human_nontata_promoters,j_lt_0p1,28226,20701,0.002087682718411088,0,0,1,141.0,0.38235294117647056,0.46613545816733065,306,251,251,0,0,0
human_nontata_promoters,j_lt_0p1,28134,15319,0.0,0,0,1,60.0,0.34375,0.1752988047808765,128,251,251,0,0,0
human_nontata_promoters,j_lt_0p1,28274,19738,0.002053388161584735,0,0,1,218.0,0.46503496503496505,0.5298804780876494,286,251,251,0,0,0
human_nontata_promoters,j_lt_0p1,28192,18625,0.00206611561588943,0,0,1,162.0,0.39171974522292996,0.4900398406374502,314,251,251,0,0,0
human_nontata_promoters,j_lt_0p1,28117,19810,0.008333333767950535,0,0,1,187.5,0.40894568690095845,0.5099601593625498,313,251,251,0,0,0
human_nontata_promoters,j_lt_0p1,28107,18850,0.0,0,0,1,186.5,0.44981412639405205,0.4820717131474104,269,251,251,0,0,0
human_nontata_promoters,j_lt_0p1,28278,17863,0.0,0,0,1,137.0,0.405982905982906,0.3784860557768924,234,251,251,0,0,0
human_nontata_promoters,j_lt_0p1,27935,22975,0.0,0,0,1,156.0,0.4542124542124542,0.4940239043824701,273,251,251,0,0,0
human_nontata_promoters,j_lt_0p1,28179,6139,0.0,0,0,0,152.5,0.375,0.41832669322709165,280,251,251,0,0,0
human_nontata_promoters,j_lt_0p1,28087,858,0.004140786826610565,0,0,0,165.5,0.40350877192982454,0.3665338645418327,228,251,251,0,0,0
human_nontata_promoters,j_lt_0p1,27946,20426,0.00849256943911314,0,0,1,209.0,0.45,0.46613545816733065,260,251,251,0,0,0
human_nontata_promoters,j_lt_0p1,27970,24153,0.0,0,0,1,101.5,0.40562248995983935,0.40239043824701193,249,251,251,0,0,0
human_nontata_promoters,j_lt_0p1,28204,7278,0.0,0,0,0,207.0,0.4674329501915709,0.4860557768924303,261,251,251,0,0,0
human_nontata_promoters,j_lt_0p1,28280,23099,0.00206611561588943,0,0,1,153.0,0.4588235294117647,0.46613545816733065,255,251,251,0,0,0
human_nontata_promoters,j_lt_0p1,28103,9200,0.0,0,0,0,211.5,0.43448275862068964,0.50199203187251,290,251,251,0,0,0
human_nontata_promoters,j_lt_0p1,28260,24536,0.0020833334419876337,0,0,1,135.5,0.3582089552238806,0.47808764940239046,335,251,251,0,0,0
human_nontata_promoters,j_lt_0p1,28081,25851,0.002087682718411088,0,0,1,163.5,0.4659090909090909,0.4900398406374502,264,251,251,0,0,0
human_nontata_promoters,j_lt_0p1,28011,741,0.0,0,0,0,123.5,0.44841269841269843,0.450199203187251,252,251,251,0,0,0
human_nontata_promoters,j_lt_0p1,28124,23486,0.004149377811700106,0,0,1,104.5,0.3473282442748092,0.36254980079681276,262,251,251,0,0,0
human_nontata_promoters,j_lt_0p1,28284,6603,0.004149377811700106,0,0,0,135.0,0.38461538461538464,0.47808764940239046,312,251,251,0,0,0
human_nontata_promoters,j_lt_0p1,27972,21317,0.0,0,0,1,174.0,0.44357976653696496,0.4541832669322709,257,251,251,0,0,0
human_nontata_promoters,j_lt_0p1,27918,19862,0.0,0,0,1,191.0,0.4160839160839161,0.47410358565737054,286,251,251,0,0,0
human_nontata_promoters,j_lt_0p1,27958,26504,0.004123711492866278,0,0,1,133.5,0.4249084249084249,0.46215139442231074,273,251,251,0,0,0
human_nontata_promoters,j_lt_0p1,28056,26646,0.0,0,0,1,146.5,0.41132075471698115,0.4342629482071713,265,251,251,0,0,0
human_nontata_promoters,j_lt_0p1,27980,9036,0.0,0,0,0,186.0,0.3801369863013699,0.44223107569721115,292,251,251,0,0,0
human_nontata_promoters,j_lt_0p1,28068,17235,0.0,0,0,1,191.5,0.44061302681992337,0.4581673306772908,261,251,251,0,0,0
human_nontata_promoters,j_lt_0p1,28248,25605,0.002053388161584735,0,0,1,201.0,0.452755905511811,0.4581673306772908,254,251,251,0,0,0
human_nontata_promoters,j_lt_0p1,28243,3142,0.0020833334419876337,0,0,0,170.5,0.45,0.46613545816733065,260,251,251,0,0,0
human_nontata_promoters,j_lt_0p1,28159,23530,0.008510638028383255,0,0,1,84.0,0.3472222222222222,0.29880478087649404,216,251,251,0,0,0
human_nontata_promoters,j_lt_0p1,28033,12732,0.0,0,0,1,48.0,0.42857142857142855,0.17928286852589642,105,251,251,0,0,0
human_nontata_promoters,j_lt_0p1,28111,19168,0.0,0,0,1,75.0,0.2822085889570552,0.3665338645418327,326,251,251,0,0,0
human_nontata_promoters,j_lt_0p1,27967,14265,0.0,0,0,1,85.5,0.5797101449275363,0.1593625498007968,69,251,251,0,0,0
human_nontata_promoters,j_lt_0p1,28163,15757,0.0,0,0,1,121.5,0.37410071942446044,0.41434262948207173,278,251,251,0,0,0
human_nontata_promoters,j_lt_0p1,28185,18555,0.0,0,0,1,68.5,0.3463414634146341,0.28286852589641437,205,251,251,0,0,0
human_nontata_promoters,j_lt_0p1,27987,24646,0.0,0,0,1,42.0,0.8,0.04780876494023904,15,251,251,0,0,0
human_nontata_promoters,j_lt_0p1,27957,19402,0.0041580041870474815,0,0,1,142.0,0.4177777777777778,0.3745019920318725,225,251,251,0,0,0
human_nontata_promoters,j_lt_0p1,27999,1692,0.006211180239915848,0,0,0,224.5,0.45104895104895104,0.5139442231075697,286,251,251,0,0,0
human_nontata_promoters,j_lt_0p1,28207,4406,0.0,0,0,0,203.0,0.40625,0.5179282868525896,320,251,251,0,0,0
human_nontata_promoters,j_lt_0p1,28012,11790,0.0,0,0,0,149.0,0.4493927125506073,0.44223107569721115,247,251,251,0,0,0
human_nontata_promoters,j_lt_0p1,27960,4188,0.004149377811700106,0,0,0,255.5,0.47619047619047616,0.5577689243027888,294,251,251,0,0,0
human_nontata_promoters,j_lt_0p1,28240,1377,0.006302521098405123,0,0,0,191.5,0.45018450184501846,0.4860557768924303,271,251,251,0,0,0
human_nontata_promoters,j_lt_0p1,28066,10422,0.0,0,0,0,93.5,0.36860068259385664,0.4302788844621514,293,251,251,0,0,0
human_nontata_promoters,j_lt_0p1,27997,4275,0.006211180239915848,0,0,0,167.0,0.38762214983713356,0.47410358565737054,307,251,251,0,0,0
human_nontata_promoters,j_lt_0p1,28129,12998,0.0,0,0,1,138.5,0.37751004016064255,0.3745019920318725,249,251,251,0,0,0
human_nontata_promoters,j_lt_0p1,28148,9483,0.0,0,0,0,132.0,0.4016393442622951,0.3904382470119522,244,251,251,0,0,0
human_nontata_promoters,j_lt_0p1,28117,25588,0.006237006280571222,0,0,1,205.0,0.43157894736842106,0.4900398406374502,285,251,251,0,0,0
human_nontata_promoters,j_lt_0p1,27965,5461,0.0020790020935237408,0,0,0,244.0,0.4407894736842105,0.5338645418326693,304,251,251,0,0,0
human_nontata_promoters,j_lt_0p1,28105,1666,0.01046025101095438,0,0,0,218.0,0.44947735191637633,0.5139442231075697,287,251,251,0,0,0
human_nontata_promoters,j_lt_0p1,28170,10593,0.0020833334419876337,0,0,0,171.5,0.41379310344827586,0.47808764940239046,290,251,251,0,0,0
human_nontata_promoters,j_lt_0p1,28074,14855,0.0,0,0,1,165.0,0.4,0.4940239043824701,310,251,251,0,0,0
human_nontata_promoters,j_lt_0p1,28109,13159,0.0,0,0,1,64.5,0.324468085106383,0.24302788844621515,188,251,251,0,0,0
human_nontata_promoters,j_lt_0p1,28284,3853,0.0,0,0,0,179.5,0.4608294930875576,0.398406374501992,217,251,251,0,0,0
human_nontata_promoters,j_lt_0p1,28146,4035,0.004123711492866278,0,0,0,192.5,0.4407894736842105,0.5338645418326693,304,251,251,0,0,0
human_nontata_promoters,j_lt_0p1,28153,24511,0.010438413359224796,0,0,1,193.5,0.4444444444444444,0.4940239043824701,279,251,251,0,0,0
human_nontata_promoters,j_lt_0p1,27967,7217,0.004123711492866278,0,0,0,248.0,0.4673913043478261,0.5139442231075697,276,251,251,0,0,0
human_nontata_promoters,j_lt_0p1,27912,23538,0.004201680887490511,0,0,1,183.0,0.49130434782608695,0.450199203187251,230,251,251,0,0,0
human_nontata_promoters,j_lt_0p1,27946,11541,0.0,0,0,0,213.5,0.4131147540983607,0.50199203187251,305,251,251,0,0,0
human_nontata_promoters,j_lt_0p1,28081,215,0.0,0,0,0,60.0,0.3904109589041096,0.22709163346613545,146,251,251,0,0,0
human_nontata_promoters,j_lt_0p1,28168,7475,0.00413223123177886,0,0,0,154.0,0.36971830985915494,0.41832669322709165,284,251,251,0,0,0
human_nontata_promoters,j_lt_0p1,27922,10040,0.0,0,0,0,194.0,0.47547169811320755,0.50199203187251,265,251,251,0,0,0
human_nontata_promoters,j_lt_0p1,28215,26435,0.0020964359864592552,0,0,1,180.0,0.4375,0.50199203187251,288,251,251,0,0,0
human_nontata_promoters,j_lt_0p1,28222,21172,0.0,0,0,1,70.5,0.3134920634920635,0.3147410358565737,252,251,251,0,0,0
human_nontata_promoters,j_lt_0p1,27947,16550,0.0,0,0,1,145.0,0.43103448275862066,0.49800796812749004,290,251,251,0,0,0
human_nontata_promoters,j_lt_0p1,28160,14388,0.0,0,0,1,176.0,0.4548736462093863,0.50199203187251,277,251,251,0,0,0
human_nontata_promoters,j_lt_0p1,28111,8519,0.0,0,0,0,191.5,0.45454545454545453,0.5179282868525896,286,251,251,0,0,0
human_nontata_promoters,j_lt_0p1,28186,24958,0.0,0,0,1,91.0,0.3237704918032787,0.3147410358565737,244,251,251,0,0,0
human_nontata_promoters,j_lt_0p1,28131,13711,0.0,0,0,1,197.0,0.5057034220532319,0.5298804780876494,263,251,251,0,0,0
human_nontata_promoters,j_lt_0p1,28023,9975,0.004115226212888956,0,0,0,159.5,0.37583892617449666,0.44621513944223107,298,251,251,0,0,0
human_nontata_promoters,j_lt_0p1,28052,25608,0.0,0,0,1,141.5,0.376865671641791,0.40239043824701193,268,251,251,0,0,0
human_nontata_promoters,j_lt_0p1,28118,1176,0.002057613106444478,0,0,0,124.5,0.49645390070921985,0.2788844621513944,141,251,251,0,0,0
human_nontata_promoters,j_lt_0p1,28264,17633,0.0,0,0,1,142.0,0.3916083916083916,0.44621513944223107,286,251,251,0,0,0
human_nontata_promoters,j_lt_0p1,28203,5192,0.0,0,0,0,160.0,0.4008810572687225,0.36254980079681276,227,251,251,0,0,0
human_nontata_promoters,j_lt_0p1,27936,3778,0.014613778330385685,0,0,0,215.5,0.4440789473684211,0.5378486055776892,304,251,251,0,0,0
human_nontata_promoters,j_lt_0p1,28104,24708,0.0,0,0,1,99.5,0.352,0.350597609561753,250,251,251,0,0,0
human_nontata_promoters,j_lt_0p1,28130,26434,0.008438818156719208,0,0,1,91.0,0.4028776978417266,0.22310756972111553,139,251,251,0,0,0
human_nontata_promoters,j_lt_0p1,28267,21039,0.00206611561588943,0,0,1,192.0,0.4360655737704918,0.5298804780876494,305,251,251,0,0,0
human_nontata_promoters,j_lt_0p1,28205,10145,0.00826446246355772,0,0,0,182.0,0.42105263157894735,0.41434262948207173,247,251,251,0,0,0
human_nontata_promoters,j_lt_0p1,28105,8453,0.0,0,0,0,127.0,0.3905579399141631,0.36254980079681276,233,251,251,0,0,0
human_nontata_promoters,j_lt_0p1,27939,14070,0.004175365436822176,0,0,1,97.5,0.3612167300380228,0.3784860557768924,263,251,251,0,0,0
human_nontata_promoters,j_lt_0p1,28179,25760,0.002188183832913637,0,0,1,171.0,0.4089068825910931,0.40239043824701193,247,251,251,0,0,0
human_nontata_promoters,j_lt_0p1,28218,19400,0.0,0,0,1,121.5,0.3798449612403101,0.3904382470119522,258,251,251,0,0,0
human_nontata_promoters,j_lt_0p1,27933,18062,0.0,0,0,1,135.0,0.41472868217054265,0.4262948207171315,258,251,251,0,0,0
human_nontata_promoters,j_lt_0p1,28198,14130,0.00206611561588943,0,0,1,185.0,0.4096774193548387,0.5059760956175299,310,251,251,0,0,0
human_nontata_promoters,j_lt_0p1,28007,14037,0.009153317660093307,0,0,1,199.0,0.36942675159235666,0.46215139442231074,314,251,251,0,0,0
human_nontata_promoters,j_lt_0p1,28217,22995,0.0,0,0,1,199.0,0.46511627906976744,0.47808764940239046,258,251,251,0,0,0
human_nontata_promoters,j_lt_0p1,28234,7219,0.012474012561142445,0,0,0,256.5,0.4576271186440678,0.5378486055776892,295,251,251,0,0,0
human_nontata_promoters,j_lt_0p1,27918,22085,0.0020703934133052826,0,0,1,184.5,0.4323308270676692,0.4581673306772908,266,251,251,0,0,0
human_nontata_promoters,j_lt_0p1,28140,23065,0.0020703934133052826,0,0,1,94.0,0.4009433962264151,0.3386454183266932,212,251,251,0,0,0
human_nontata_promoters,j_lt_0p1,28133,8310,0.0,0,0,0,136.0,0.3908450704225352,0.44223107569721115,284,251,251,0,0,0
human_nontata_promoters,j_lt_0p1,28246,6710,0.012684989720582962,0,0,0,266.0,0.47635135135135137,0.5617529880478087,296,251,251,0,0,0
human_nontata_promoters,j_lt_0p1,28176,11853,0.0020920501556247473,0,0,0,207.0,0.45147679324894513,0.4262948207171315,237,251,251,0,0,0
human_nontata_promoters,j_lt_0p1,28130,14916,0.0,0,0,1,145.5,0.48044692737430167,0.3426294820717131,179,251,251,0,0,0
human_nontata_promoters,j_lt_0p1,28115,14036,0.0,0,0,1,57.0,0.34444444444444444,0.24701195219123506,180,251,251,0,0,0
human_nontata_promoters,j_lt_0p1,27920,16503,0.002074688905850053,0,0,1,165.5,0.45964912280701753,0.5219123505976095,285,251,251,0,0,0
human_nontata_promoters,j_lt_0p1,27905,6365,0.0,0,0,0,93.5,0.36727272727272725,0.40239043824701193,275,251,251,0,0,0
human_nontata_promoters,j_lt_0p1,27951,2531,0.004166666883975267,0,0,0,199.5,0.4628099173553719,0.44621513944223107,242,251,251,0,0,0
human_nontata_promoters,j_lt_0p1,28198,13087,0.0,0,0,1,115.0,0.33212996389891697,0.3665338645418327,277,251,251,0,0,0
human_nontata_promoters,j_lt_0p1,28179,5426,0.006864988710731268,0,0,0,160.5,0.43636363636363634,0.47808764940239046,275,251,251,0,0,0
human_nontata_promoters,j_lt_0p1,28159,15127,0.0,0,0,1,145.0,0.3968253968253968,0.398406374501992,252,251,251,0,0,0
human_nontata_promoters,j_lt_0p1,27985,9096,0.012474012561142445,0,0,0,249.0,0.4641638225255973,0.5418326693227091,293,251,251,0,0,0
human_nontata_promoters,j_lt_0p1,28219,8258,0.0041841003112494946,0,0,0,214.0,0.49537037037037035,0.4262948207171315,216,251,251,0,0,0
human_nontata_promoters,j_lt_0p1,28210,6892,0.004166666883975267,0,0,0,197.0,0.4931506849315068,0.4302788844621514,219,251,251,0,0,0
human_nontata_promoters,j_lt_0p1,28138,13835,0.0,0,0,1,61.0,0.3383838383838384,0.26693227091633465,198,251,251,0,0,0
human_nontata_promoters,j_lt_0p1,28083,17911,0.0,0,0,1,206.0,0.45454545454545453,0.49800796812749004,275,251,251,0,0,0
human_nontata_promoters,j_lt_0p1,27967,8370,0.002087682718411088,0,0,0,233.5,0.44366197183098594,0.50199203187251,284,251,251,0,0,0
human_nontata_promoters,j_lt_0p1,28062,8108,0.012605042196810246,0,0,0,268.0,0.5034965034965035,0.5737051792828686,286,251,251,0,0,0
human_nontata_promoters,j_lt_0p1,28104,6834,0.014705882407724857,0,0,0,225.0,0.4601449275362319,0.5059760956175299,276,251,251,0,0,0
human_nontata_promoters,j_lt_0p1,28058,514,0.006198347080498934,0,0,0,184.0,0.4195804195804196,0.47808764940239046,286,251,251,0,0,0
human_nontata_promoters,j_lt_0p1,28147,18701,0.0,0,0,1,63.0,0.3972602739726027,0.23107569721115537,146,251,251,0,0,0
human_nontata_promoters,j_lt_0p1,27916,17107,0.006185567006468773,0,0,1,217.0,0.4131944444444444,0.47410358565737054,288,251,251,0,0,0
human_nontata_promoters,j_lt_0p1,28008,12488,0.0021598271559923887,0,0,1,87.5,0.3674698795180723,0.24302788844621515,166,251,251,0,0,0
human_nontata_promoters,j_lt_0p1,28132,11927,0.004273504484444857,0,0,0,220.0,0.48214285714285715,0.5378486055776892,280,251,251,0,0,0
human_nontata_promoters,j_lt_0p1,28118,11770,0.008298755623400211,0,0,0,210.5,0.44285714285714284,0.4940239043824701,280,251,251,0,0,0
human_nontata_promoters,j_lt_0p1,27906,9507,0.0041841003112494946,0,0,0,224.5,0.5021097046413502,0.47410358565737054,237,251,251,0,0,0
human_nontata_promoters,j_lt_0p1,28035,19548,0.0041580041870474815,0,0,1,257.5,0.4778156996587031,0.5577689243027888,293,251,251,0,0,0
human_nontata_promoters,j_lt_0p1,27949,15312,0.0,0,0,1,203.5,0.47703180212014135,0.5378486055776892,283,251,251,0,0,0
human_nontata_promoters,j_lt_0p1,28186,17580,0.0021186440717428923,0,0,1,80.0,0.5492957746478874,0.1553784860557769,71,251,251,0,0,0
human_nontata_promoters,j_lt_0p1,28075,26441,0.0021321962121874094,0,0,1,115.0,0.3831417624521073,0.398406374501992,261,251,251,0,0,0
human_nontata_promoters,j_lt_0p1,28171,11040,0.0,0,0,0,137.5,0.36666666666666664,0.43824701195219123,300,251,251,0,0,0
human_nontata_promoters,j_lt_0p1,28240,19785,0.0,0,0,1,153.5,0.4163265306122449,0.4063745019920319,245,251,251,0,0,0
human_nontata_promoters,j_lt_0p1,28022,8276,0.01037344429641962,0,0,0,195.0,0.4340277777777778,0.49800796812749004,288,251,251,0,0,0
human_nontata_promoters,j_lt_0p1,28014,12008,0.0041580041870474815,0,0,0,197.0,0.43014705882352944,0.46613545816733065,272,251,251,0,0,0
human_nontata_promoters,j_lt_0p1,28189,2373,0.0,0,0,0,184.0,0.411371237458194,0.4900398406374502,299,251,251,0,0,0
human_nontata_promoters,j_lt_0p1,28024,11665,0.012552301399409771,0,0,0,184.0,0.4025157232704403,0.5099601593625498,318,251,251,0,0,0
human_nontata_promoters,j_lt_0p1,28174,16679,0.0,0,0,1,132.5,0.3622291021671827,0.46613545816733065,323,251,251,0,0,0
human_nontata_promoters,j_lt_0p1,28006,23231,0.004338394850492477,0,0,1,192.0,0.4334470989761092,0.5059760956175299,293,251,251,0,0,0
human_nontata_promoters,j_lt_0p1,28279,22605,0.00826446246355772,0,0,1,155.5,0.34494773519163763,0.3944223107569721,287,251,251,0,0,0
human_nontata_promoters,j_lt_0p1,28109,20015,0.0,0,0,1,143.0,0.40969162995594716,0.3705179282868526,227,251,251,0,0,0
human_nontata_promoters,j_lt_0p1,28221,17348,0.0,0,0,1,237.5,0.4507042253521127,0.5099601593625498,284,251,251,0,0,0
human_nontata_promoters,j_lt_0p1,28156,5905,0.00206611561588943,0,0,0,227.5,0.510548523206751,0.4820717131474104,237,251,251,0,0,0
human_nontata_promoters,j_lt_0p1,28259,7082,0.006185567006468773,0,0,0,199.0,0.44333333333333336,0.5298804780876494,300,251,251,0,0,0
human_nontata_promoters,j_lt_0p1,28185,21229,0.0,0,0,1,139.5,0.38869257950530034,0.43824701195219123,283,251,251,0,0,0
human_nontata_promoters,j_lt_0p1,27938,7379,0.008350730873644352,0,0,0,255.5,0.5017421602787456,0.5737051792828686,287,251,251,0,0,0
human_nontata_promoters,j_lt_0p1,28036,20569,0.0,0,0,1,49.0,0.4383561643835616,0.12749003984063745,73,251,251,0,0,0
human_nontata_promoters,j_lt_0p1,27914,2696,0.0,0,0,0,189.5,0.4511627906976744,0.38645418326693226,215,251,251,0,0,0
human_nontata_promoters,j_lt_0p1,28065,514,0.002057613106444478,0,0,0,148.0,0.402555910543131,0.50199203187251,313,251,251,0,0,0
human_nontata_promoters,j_lt_0p1,28140,10111,0.0,0,0,0,202.0,0.46735395189003437,0.5418326693227091,291,251,251,0,0,0
human_nontata_promoters,j_lt_0p1,27979,12352,0.010615711100399494,0,0,0,217.0,0.47796610169491527,0.5617529880478087,295,251,251,0,0,0
human_nontata_promoters,j_lt_0p1,28056,7403,0.0,0,0,0,162.0,0.384375,0.4900398406374502,320,251,251,0,0,0
human_nontata_promoters,j_lt_0p1,28172,16496,0.0,0,0,1,114.0,0.42338709677419356,0.41832669322709165,248,251,251,0,0,0
human_nontata_promoters,j_lt_0p1,28114,2828,0.006211180239915848,0,0,0,304.5,0.5278810408921933,0.5657370517928287,269,251,251,0,0,0
human_nontata_promoters,j_lt_0p1,27916,20860,0.0,0,0,1,149.0,0.3737024221453287,0.4302788844621514,289,251,251,0,0,0
human_nontata_promoters,j_lt_0p1,28281,26732,0.0,0,0,1,195.0,0.4107744107744108,0.4860557768924303,297,251,251,0,0,0
human_nontata_promoters,j_lt_0p1,28214,13223,0.002061855746433139,0,0,1,135.0,0.4253393665158371,0.3745019920318725,221,251,251,0,0,0
human_nontata_promoters,j_lt_0p1,28140,640,0.002057613106444478,0,0,0,86.0,0.3806818181818182,0.26693227091633465,176,251,251,0,0,0
human_nontata_promoters,j_lt_0p1,28288,12312,0.002057613106444478,0,0,0,150.0,0.4519230769230769,0.3745019920318725,208,251,251,0,0,0
human_nontata_promoters,j_lt_0p1,28080,23841,0.0,0,0,1,51.5,0.5094339622641509,0.10756972111553785,53,251,251,0,0,0
human_nontata_promoters,j_lt_0p1,28160,7288,0.0020703934133052826,0,0,0,235.5,0.4470588235294118,0.4541832669322709,255,251,251,0,0,0
human_nontata_promoters,j_lt_0p1,28096,6360,0.0,0,0,0,234.0,0.49295774647887325,0.5577689243027888,284,251,251,0,0,0
human_nontata_promoters,j_lt_0p1,28147,10069,0.004166666883975267,0,0,0,260.5,0.4808362369337979,0.549800796812749,287,251,251,0,0,0
human_nontata_promoters,j_lt_0p1,28085,22889,0.0,0,0,1,88.5,0.36548223350253806,0.2868525896414343,197,251,251,0,0,0
human_nontata_promoters,j_lt_0p1,27900,18252,0.004115226212888956,0,0,1,192.5,0.42907801418439717,0.4820717131474104,282,251,251,0,0,0
human_nontata_promoters,j_lt_0p1,27948,9771,0.0,0,0,0,245.0,0.48184818481848185,0.5816733067729084,303,251,251,0,0,0
human_nontata_promoters,j_lt_0p1,28115,21695,0.002061855746433139,0,0,1,93.0,0.3649122807017544,0.41434262948207173,285,251,251,0,0,0
human_nontata_promoters,j_lt_0p1,27898,14851,0.002053388161584735,0,0,1,194.0,0.432258064516129,0.5338645418326693,310,251,251,0,0,0
human_nontata_promoters,j_lt_0p1,28149,13190,0.0020790020935237408,0,0,1,154.0,0.4,0.4940239043824701,310,251,251,0,0,0
human_nontata_promoters,j_lt_0p1,28072,4311,0.0062500000931322575,0,0,0,173.5,0.4084967320261438,0.49800796812749004,306,251,251,0,0,0
human_nontata_promoters,j_lt_0p1,28250,25941,0.0,0,0,1,201.0,0.47368421052631576,0.5378486055776892,285,251,251,0,0,0
human_nontata_promoters,j_lt_0p1,28242,21138,0.0062761506997048855,0,0,1,180.5,0.3554817275747508,0.4262948207171315,301,251,251,0,0,0
human_nontata_promoters,j_lt_0p1,28274,18880,0.0,0,0,1,207.5,0.466403162055336,0.4701195219123506,253,251,251,0,0,0
human_nontata_promoters,j_lt_0p1,27945,291,0.00626304792240262,0,0,0,191.5,0.41414141414141414,0.4900398406374502,297,251,251,0,0,0
human_nontata_promoters,j_lt_0p1,28041,14232,0.0,0,0,1,58.0,0.5,0.199203187250996,100,251,251,0,0,0
human_nontata_promoters,j_lt_0p1,28231,1067,0.0,0,0,0,231.0,0.47924528301886793,0.5059760956175299,265,251,251,0,0,0
human_nontata_promoters,j_lt_0p1,28083,10642,0.0,0,0,0,166.5,0.3713355048859935,0.4541832669322709,307,251,251,0,0,0
human_nontata_promoters,j_lt_0p1,28205,12742,0.004201680887490511,0,0,1,128.0,0.39087947882736157,0.47808764940239046,307,251,251,0,0,0
human_nontata_promoters,j_lt_0p1,28095,460,0.0,0,0,0,86.5,0.4095744680851064,0.30677290836653387,188,251,251,0,0,0
human_nontata_promoters,j_lt_0p1,28206,13018,0.0,0,0,1,125.0,0.4756756756756757,0.350597609561753,185,251,251,0,0,0
human_nontata_promoters,j_lt_0p1,28032,26617,0.0,0,0,1,42.0,0.6666666666666666,0.06374501992031872,24,251,251,0,0,0
human_nontata_promoters,j_lt_0p1,28231,20135,0.0020833334419876337,0,0,1,152.5,0.390625,0.398406374501992,256,251,251,0,0,0
human_nontata_promoters,j_lt_0p1,27904,16884,0.0062500000931322575,0,0,1,225.5,0.43728813559322033,0.5139442231075697,295,251,251,0,0,0
human_nontata_promoters,j_lt_0p1,28163,180,0.002053388161584735,0,0,0,160.0,0.39628482972136225,0.5099601593625498,323,251,251,0,0,0
human_nontata_promoters,j_lt_0p1,28062,11569,0.00206611561588943,0,0,0,201.0,0.4542124542124542,0.4940239043824701,273,251,251,0,0,0
human_nontata_promoters,j_lt_0p1,27933,16574,0.0,0,0,1,156.0,0.4119718309859155,0.46613545816733065,284,251,251,0,0,0
human_nontata_promoters,j_lt_0p1,28253,22076,0.0,0,0,1,180.5,0.40458015267175573,0.42231075697211157,262,251,251,0,0,0
human_nontata_promoters,j_lt_0p1,28181,16567,0.004310344811528921,0,0,1,141.5,0.46107784431137727,0.30677290836653387,167,251,251,0,0,0
human_nontata_promoters,j_lt_0p1,28275,9191,0.0,0,0,0,208.0,0.4716981132075472,0.49800796812749004,265,251,251,0,0,0
human_nontata_promoters,j_lt_0p1,28258,22669,0.002057613106444478,0,0,1,225.5,0.4276315789473684,0.5179282868525896,304,251,251,0,0,0
human_nontata_promoters,j_lt_0p1,27950,14020,0.0,0,0,1,237.0,0.43853820598006643,0.5258964143426295,301,251,251,0,0,0
human_nontata_promoters,j_lt_0p1,28271,516,0.0062500000931322575,0,0,0,222.0,0.46387832699619774,0.4860557768924303,263,251,251,0,0,0
human_nontata_promoters,j_lt_0p1,27994,26650,0.0,0,0,1,47.5,0.3884297520661157,0.18725099601593626,121,251,251,0,0,0
human_nontata_promoters,j_lt_0p1,28164,13786,0.002053388161584735,0,0,1,249.5,0.48026315789473684,0.5816733067729084,304,251,251,0,0,0
human_nontata_promoters,j_lt_0p1,28261,4909,0.00626304792240262,0,0,0,262.0,0.5175879396984925,0.4103585657370518,199,251,251,0,0,0
human_nontata_promoters,j_lt_0p1,28265,1883,0.0,0,0,0,154.0,0.39655172413793105,0.4581673306772908,290,251,251,0,0,0
human_nontata_promoters,j_lt_0p1,27992,5532,0.0041580041870474815,0,0,0,209.5,0.4043887147335423,0.5139442231075697,319,251,251,0,0,0
human_nontata_promoters,j_lt_0p1,27911,21871,0.0,0,0,1,187.0,0.40468227424749165,0.4820717131474104,299,251,251,0,0,0
human_nontata_promoters,j_lt_0p1,28258,24267,0.0,0,0,1,171.5,0.4115755627009646,0.5099601593625498,311,251,251,0,0,0
human_nontata_promoters,j_lt_0p1,28154,1267,0.004201680887490511,0,0,0,102.5,0.3686274509803922,0.3745019920318725,255,251,251,0,0,0
human_nontata_promoters,j_lt_0p1,28140,11257,0.0020833334419876337,0,0,0,178.0,0.36936936936936937,0.4900398406374502,333,251,251,0,0,0
human_nontata_promoters,j_lt_0p1,28295,7173,0.0,0,0,0,169.5,0.4107142857142857,0.4581673306772908,280,251,251,0,0,0
human_nontata_promoters,j_lt_0p1,27931,25312,0.0,0,0,1,122.0,0.3706293706293706,0.42231075697211157,286,251,251,0,0,0
human_nontata_promoters,j_lt_0p1,28084,17755,0.004140786826610565,0,0,1,212.5,0.4696969696969697,0.4940239043824701,264,251,251,0,0,0
human_nontata_promoters,j_lt_0p1,28009,27084,0.0021598271559923887,0,0,1,170.0,0.3804347826086957,0.41832669322709165,276,251,251,0,0,0
human_nontata_promoters,j_lt_0p1,28095,3073,0.00206611561588943,0,0,0,276.0,0.46938775510204084,0.549800796812749,294,251,251,0,0,0
human_nontata_promoters,j_lt_0p1,28076,23098,0.0,0,0,1,158.0,0.4597156398104265,0.38645418326693226,211,251,251,0,0,0
human_nontata_promoters,j_lt_0p1,28023,25209,0.0,0,0,1,181.5,0.4336917562724014,0.4820717131474104,279,251,251,0,0,0
human_nontata_promoters,j_lt_0p1,28199,22923,0.0,0,0,1,119.0,0.40784313725490196,0.41434262948207173,255,251,251,0,0,0
human_nontata_promoters,j_lt_0p1,28053,23835,0.0,0,0,1,132.5,0.39344262295081966,0.47808764940239046,305,251,251,0,0,0
human_nontata_promoters,j_lt_0p1,28016,12136,0.002057613106444478,0,0,0,129.0,0.37748344370860926,0.4541832669322709,302,251,251,0,0,0
human_nontata_promoters,j_lt_0p1,28118,13147,0.0,0,0,1,85.0,0.4180327868852459,0.20318725099601595,122,251,251,0,0,0
human_nontata_promoters,j_lt_0p1,28150,17298,0.006211180239915848,0,0,1,147.0,0.38926174496644295,0.46215139442231074,298,251,251,0,0,0
human_nontata_promoters,j_lt_0p1,27995,14560,0.0,0,0,1,180.0,0.44802867383512546,0.49800796812749004,279,251,251,0,0,0
human_nontata_promoters,j_lt_0p1,28011,25811,0.0,0,0,1,111.5,0.3707865168539326,0.3944223107569721,267,251,251,0,0,0
human_nontata_promoters,j_lt_0p1,28160,11616,0.0,0,0,0,240.0,0.4612676056338028,0.5219123505976095,284,251,251,0,0,0
human_nontata_promoters,j_lt_0p1,27926,18738,0.00413223123177886,0,0,1,197.5,0.4602076124567474,0.5298804780876494,289,251,251,0,0,0
human_nontata_promoters,j_lt_0p1,28095,12052,0.0020833334419876337,0,0,0,176.0,0.4948453608247423,0.38247011952191234,194,251,251,0,0,0
human_nontata_promoters,j_lt_0p1,28105,8787,0.0020790020935237408,0,0,0,135.0,0.38645418326693226,0.38645418326693226,251,251,251,0,0,0
human_nontata_promoters,j_lt_0p1,28240,6400,0.0041841003112494946,0,0,0,204.5,0.4096774193548387,0.5059760956175299,310,251,251,0,0,0
human_nontata_promoters,j_lt_0p1,27943,21011,0.002053388161584735,0,0,1,200.0,0.46062992125984253,0.46613545816733065,254,251,251,0,0,0
human_nontata_promoters,j_lt_0p1,28215,11707,0.004149377811700106,0,0,0,260.5,0.5231316725978647,0.5856573705179283,281,251,251,0,0,0
human_nontata_promoters,j_lt_0p1,27988,17736,0.0,0,0,1,62.5,0.5576923076923077,0.11553784860557768,52,251,251,0,0,0
human_nontata_promoters,j_lt_0p1,28109,2364,0.00626304792240262,0,0,0,238.0,0.45791245791245794,0.5418326693227091,297,251,251,0,0,0
human_nontata_promoters,j_lt_0p1,28072,25010,0.0,0,0,1,160.0,0.4219269102990033,0.5059760956175299,301,251,251,0,0,0
human_nontata_promoters,j_lt_0p1,28017,23676,0.0,0,0,1,84.0,0.34269662921348315,0.24302788844621515,178,251,251,0,0,0
human_nontata_promoters,j_lt_0p1,28185,10027,0.0,0,0,0,156.0,0.4107142857142857,0.4581673306772908,280,251,251,0,0,0
human_nontata_promoters,j_lt_0p1,27971,7261,0.00826446246355772,0,0,0,171.5,0.44206008583690987,0.4103585657370518,233,251,251,0,0,0
human_nontata_promoters,j_lt_0p1,28123,18502,0.002061855746433139,0,0,1,159.0,0.4006514657980456,0.4900398406374502,307,251,251,0,0,0
human_nontata_promoters,j_lt_0p1,28167,9091,0.004140786826610565,0,0,0,162.0,0.41605839416058393,0.4541832669322709,274,251,251,0,0,0
human_nontata_promoters,j_lt_0p1,27935,26310,0.0,0,0,1,181.5,0.4199288256227758,0.4701195219123506,281,251,251,0,0,0
human_nontata_promoters,j_lt_0p1,27934,22850,0.004123711492866278,0,0,1,206.0,0.4431818181818182,0.46613545816733065,264,251,251,0,0,0
human_nontata_promoters,j_lt_0p1,28097,22801,0.0041928719729185104,0,0,1,121.0,0.3986013986013986,0.4541832669322709,286,251,251,0,0,0
human_nontata_promoters,j_lt_0p1,27956,22652,0.002087682718411088,0,0,1,142.0,0.3724832214765101,0.44223107569721115,298,251,251,0,0,0
human_nontata_promoters,j_lt_0p1,28269,9895,0.0,0,0,0,146.0,0.4351145038167939,0.4541832669322709,262,251,251,0,0,0
human_nontata_promoters,j_lt_0p1,28032,20195,0.0,0,0,1,148.5,0.3927272727272727,0.4302788844621514,275,251,251,0,0,0
human_nontata_promoters,j_lt_0p1,28224,15865,0.00206611561588943,0,0,1,130.5,0.4189723320158103,0.42231075697211157,253,251,251,0,0,0
human_nontata_promoters,j_lt_0p1,27950,24719,0.008421052247285843,0,0,1,118.0,0.38235294117647056,0.46613545816733065,306,251,251,0,0,0
human_nontata_promoters,j_lt_0p1,27904,10929,0.01252609584480524,0,0,0,236.0,0.4911660777385159,0.5537848605577689,283,251,251,0,0,0
human_nontata_promoters,j_lt_0p1,28138,13694,0.00826446246355772,0,0,1,233.0,0.4368932038834951,0.5378486055776892,309,251,251,0,0,0
human_nontata_promoters,j_lt_0p1,28008,22144,0.013483146205544472,0,0,1,168.5,0.3957597173144876,0.44621513944223107,283,251,251,0,0,0
human_nontata_promoters,j_lt_0p1,28276,18064,0.0042105261236429214,0,0,1,118.5,0.43434343434343436,0.3426294820717131,198,251,251,0,0,0
human_nontata_promoters,j_lt_0p1,27915,15786,0.0,0,0,1,222.5,0.4959016393442623,0.4820717131474104,244,251,251,0,0,0
human_nontata_promoters,j_lt_0p1,27909,7637,0.004140786826610565,0,0,0,280.5,0.4837662337662338,0.5936254980079682,308,251,251,0,0,0
human_nontata_promoters,j_lt_0p1,28152,23975,0.0,0,0,1,61.5,0.48,0.14342629482071714,75,251,251,0,0,0
human_nontata_promoters,j_lt_0p1,27971,11756,0.002053388161584735,0,0,0,189.0,0.4716312056737589,0.5298804780876494,282,251,251,0,0,0
human_nontata_promoters,j_lt_0p1,27906,3188,0.0020920501556247473,0,0,0,128.0,0.4044943820224719,0.4302788844621514,267,251,251,0,0,0
human_nontata_promoters,j_lt_0p1,28225,16862,0.0,0,0,1,165.5,0.423728813559322,0.49800796812749004,295,251,251,0,0,0
human_nontata_promoters,j_lt_0p1,28206,15865,0.0,0,0,1,139.5,0.4256198347107438,0.4103585657370518,242,251,251,0,0,0
human_nontata_promoters,j_lt_0p1,27944,7743,0.0041841003112494946,0,0,0,174.5,0.41843971631205673,0.4701195219123506,282,251,251,0,0,0
human_nontata_promoters,j_lt_0p1,28296,22585,0.012500000186264515,0,0,1,272.0,0.4755244755244755,0.5418326693227091,286,251,251,0,0,0
human_nontata_promoters,j_lt_0p1,28224,20117,0.0021052630618214607,0,0,1,89.5,0.3945945945945946,0.2908366533864542,185,251,251,0,0,0
human_nontata_promoters,j_lt_0p1,28246,16201,0.00206611561588943,0,0,1,177.0,0.4302788844621514,0.4302788844621514,251,251,251,0,0,0
human_nontata_promoters,j_lt_0p1,27940,2932,0.004175365436822176,0,0,0,198.0,0.41830065359477125,0.5099601593625498,306,251,251,0,0,0
human_nontata_promoters,j_lt_0p1,28080,25827,0.0,0,0,1,52.5,0.5172413793103449,0.11952191235059761,58,251,251,0,0,0
human_nontata_promoters,j_lt_0p1,28228,20538,0.0,0,0,1,171.0,0.4246031746031746,0.4262948207171315,252,251,251,0,0,0
human_nontata_promoters,j_lt_0p1,28227,13330,0.0,0,0,1,111.5,0.4125874125874126,0.2350597609561753,143,251,251,0,0,0
human_nontata_promoters,j_lt_0p1,28215,8593,0.0,0,0,0,120.5,0.43434343434343436,0.3426294820717131,198,251,251,0,0,0
human_nontata_promoters,j_lt_0p1,28025,12350,0.006382978521287441,0,0,0,102.0,0.43434343434343436,0.17131474103585656,99,251,251,0,0,0
human_nontata_promoters,j_lt_0p1,28208,19307,0.0020790020935237408,0,0,1,170.0,0.43416370106761565,0.4860557768924303,281,251,251,0,0,0
human_nontata_promoters,j_lt_0p1,27912,14593,0.002114164875820279,0,0,1,178.5,0.4521072796934866,0.4701195219123506,261,251,251,0,0,0
human_nontata_promoters,j_lt_0p1,28128,17489,0.0021413275972008705,0,0,1,134.5,0.4673913043478261,0.3426294820717131,184,251,251,0,0,0
human_nontata_promoters,j_lt_0p1,28232,13772,0.0,0,0,1,105.5,0.37244897959183676,0.2908366533864542,196,251,251,0,0,0
human_nontata_promoters,j_lt_0p1,27898,16570,0.004140786826610565,0,0,1,212.5,0.5,0.5577689243027888,280,251,251,0,0,0
human_nontata_promoters,j_lt_0p1,27994,23649,0.002074688905850053,0,0,1,169.0,0.4129692832764505,0.4820717131474104,293,251,251,0,0,0
human_nontata_promoters,j_lt_0p1,28112,15958,0.0,0,0,1,121.5,0.3958333333333333,0.3784860557768924,240,251,251,0,0,0
human_nontata_promoters,j_lt_0p1,27908,21764,0.008869179524481297,0,0,1,244.5,0.545045045045045,0.4820717131474104,222,251,251,0,0,0
human_nontata_promoters,j_lt_0p1,28013,2403,0.0,0,0,0,226.0,0.5020746887966805,0.4820717131474104,241,251,251,0,0,0
human_nontata_promoters,j_lt_0p1,27989,21982,0.0,0,0,1,132.5,0.38127090301003347,0.4541832669322709,299,251,251,0,0,0
human_nontata_promoters,j_lt_0p1,28228,22818,0.0,0,0,1,192.0,0.4717741935483871,0.46613545816733065,248,251,251,0,0,0
human_nontata_promoters,j_lt_0p1,27999,24433,0.00206611561588943,0,0,1,247.0,0.46808510638297873,0.5258964143426295,282,251,251,0,0,0
human_nontata_promoters,j_lt_0p1,27928,5142,0.018789144232869148,0,0,0,211.5,0.445578231292517,0.5219123505976095,294,251,251,0,0,0
human_nontata_promoters,j_lt_0p1,28228,10050,0.0021008404437452555,0,0,0,199.5,0.4827586206896552,0.50199203187251,261,251,251,0,0,0
human_nontata_promoters,j_lt_0p1,28001,26591,0.0,0,0,1,160.5,0.3724137931034483,0.4302788844621514,290,251,251,0,0,0
human_nontata_promoters,j_lt_0p1,28094,17307,0.0,0,0,1,84.0,0.45,0.2868525896414343,160,251,251,0,0,0
human_nontata_promoters,j_lt_0p1,28001,16042,0.006224066484719515,0,0,1,192.5,0.4306049822064057,0.4820717131474104,281,251,251,0,0,0
human_nontata_promoters,j_lt_0p1,28218,10494,0.004301075357943773,0,0,0,170.5,0.45754716981132076,0.38645418326693226,212,251,251,0,0,0
human_nontata_promoters,j_lt_0p1,28029,281,0.0,0,0,0,80.5,0.46534653465346537,0.18725099601593626,101,251,251,0,0,0
human_nontata_promoters,j_lt_0p1,27962,6624,0.006198347080498934,0,0,0,228.0,0.43670886075949367,0.549800796812749,316,251,251,0,0,0
human_nontata_promoters,j_lt_0p1,28079,14213,0.0,0,0,1,130.5,0.40808823529411764,0.44223107569721115,272,251,251,0,0,0
human_nontata_promoters,j_lt_0p1,28120,14870,0.002057613106444478,0,0,1,129.0,0.46320346320346323,0.4262948207171315,231,251,251,0,0,0
human_nontata_promoters,j_lt_0p1,28147,15109,0.004149377811700106,0,0,1,172.5,0.44664031620553357,0.450199203187251,253,251,251,0,0,0
human_nontata_promoters,j_lt_0p1,27915,1348,0.00413223123177886,0,0,0,78.5,0.39568345323741005,0.21912350597609562,139,251,251,0,0,0
human_nontata_promoters,j_lt_0p1,27947,9907,0.0,0,0,0,177.0,0.49107142857142855,0.43824701195219123,224,251,251,0,0,0
human_nontata_promoters,j_lt_0p1,28176,16820,0.0,0,0,1,204.0,0.42657342657342656,0.4860557768924303,286,251,251,0,0,0
human_nontata_promoters,j_lt_0p1,28228,18343,0.004219409078359604,0,0,1,145.0,0.4117647058823529,0.3904382470119522,238,251,251,0,0,0
human_nontata_promoters,j_lt_0p1,28022,5973,0.002061855746433139,0,0,0,193.5,0.3940520446096654,0.42231075697211157,269,251,251,0,0,0
human_nontata_promoters,j_lt_0p1,27937,16548,0.0,0,0,1,108.5,0.4652777777777778,0.26693227091633465,144,251,251,0,0,0
human_nontata_promoters,j_lt_0p1,27930,24357,0.0,0,0,1,111.0,0.35668789808917195,0.44621513944223107,314,251,251,0,0,0
human_nontata_promoters,j_lt_0p1,28051,10501,0.0022271715570241213,0,0,0,207.0,0.42578125,0.4342629482071713,256,251,251,0,0,0
human_nontata_promoters,j_lt_0p1,28293,24817,0.0,0,0,1,184.5,0.43537414965986393,0.5099601593625498,294,251,251,0,0,0
human_nontata_promoters,j_lt_0p1,28233,20041,0.0020703934133052826,0,0,1,121.5,0.435,0.3466135458167331,200,251,251,0,0,0
human_nontata_promoters,j_lt_0p1,28219,8854,0.0020964359864592552,0,0,0,152.5,0.4024390243902439,0.3944223107569721,246,251,251,0,0,0
human_nontata_promoters,j_lt_0p1,28001,7731,0.006224066484719515,0,0,0,186.5,0.43866171003717475,0.4701195219123506,269,251,251,0,0,0
human_nontata_promoters,j_lt_0p1,28123,22040,0.0,0,0,1,42.5,0.48214285714285715,0.10756972111553785,56,251,251,0,0,0
human_nontata_promoters,j_lt_0p1,27999,622,0.0020790020935237408,0,0,0,181.5,0.43986254295532645,0.5099601593625498,291,251,251,0,0,0
human_nontata_promoters,j_lt_0p1,28225,11482,0.006342494860291481,0,0,0,196.0,0.4150326797385621,0.5059760956175299,306,251,251,0,0,0
human_nontata_promoters,j_lt_0p1,28140,11614,0.004123711492866278,0,0,0,229.5,0.48494983277591974,0.5776892430278885,299,251,251,0,0,0
human_nontata_promoters,j_lt_0p1,28039,25132,0.0,0,0,1,87.0,0.3287037037037037,0.28286852589641437,216,251,251,0,0,0
human_nontata_promoters,j_lt_0p1,28248,8907,0.00826446246355772,0,0,0,204.5,0.45416666666666666,0.4342629482071713,240,251,251,0,0,0
human_nontata_promoters,j_lt_0p1,28132,19825,0.0020703934133052826,0,0,1,224.5,0.4429065743944637,0.5099601593625498,289,251,251,0,0,0
human_nontata_promoters,j_lt_0p1,28265,6706,0.0,0,0,0,214.0,0.4521452145214521,0.545816733067729,303,251,251,0,0,0
human_nontata_promoters,j_lt_0p1,27903,1609,0.0,0,0,0,106.0,0.4701492537313433,0.250996015936255,134,251,251,0,0,0
human_nontata_promoters,j_lt_0p1,27915,15921,0.0,0,0,1,75.5,0.3411214953271028,0.2908366533864542,214,251,251,0,0,0
human_nontata_promoters,j_lt_0p1,27981,16128,0.0021834061481058598,0,0,1,71.5,0.3937007874015748,0.199203187250996,127,251,251,0,0,0
human_nontata_promoters,j_lt_0p1,27986,7321,0.0,0,0,0,164.5,0.4197952218430034,0.4900398406374502,293,251,251,0,0,0
human_nontata_promoters,j_lt_0p1,28249,11649,0.0,0,0,0,191.5,0.46099290780141844,0.5179282868525896,282,251,251,0,0,0
human_nontata_promoters,j_lt_0p1,27945,17088,0.002074688905850053,0,0,1,190.5,0.47577092511013214,0.4302788844621514,227,251,251,0,0,0
human_nontata_promoters,j_lt_0p1,27906,5615,0.0,0,0,0,101.5,0.41630901287553645,0.38645418326693226,233,251,251,0,0,0
human_nontata_promoters,j_lt_0p1,28179,2925,0.0,0,0,0,142.5,0.41403508771929826,0.4701195219123506,285,251,251,0,0,0
human_nontata_promoters,j_lt_0p1,27959,8425,0.002061855746433139,0,0,0,126.0,0.40271493212669685,0.3545816733067729,221,251,251,0,0,0
human_nontata_promoters,j_lt_0p1,28120,23211,0.0021834061481058598,0,0,1,81.5,0.5487804878048781,0.17928286852589642,82,251,251,0,0,0
human_nontata_promoters,j_lt_0p1,27929,2997,0.006224066484719515,0,0,0,211.0,0.42953020134228187,0.5099601593625498,298,251,251,0,0,0
human_nontata_promoters,j_lt_0p1,27957,25950,0.004149377811700106,0,0,1,128.0,0.3729903536977492,0.46215139442231074,311,251,251,0,0,0
human_nontata_promoters,j_lt_0p1,28132,15723,0.0021691974252462387,0,0,1,68.0,0.5057471264367817,0.1752988047808765,87,251,251,0,0,0
human_nontata_promoters,j_lt_0p1,28072,14725,0.004115226212888956,0,0,1,175.0,0.39215686274509803,0.47808764940239046,306,251,251,0,0,0
human_nontata_promoters,j_lt_0p1,28155,26272,0.002074688905850053,0,0,1,99.5,0.37174721189591076,0.398406374501992,269,251,251,0,0,0
human_nontata_promoters,j_lt_0p1,27980,3368,0.006224066484719515,0,0,0,220.0,0.44876325088339225,0.5059760956175299,283,251,251,0,0,0
human_nontata_promoters,j_lt_0p1,27926,24300,0.002053388161584735,0,0,1,217.0,0.4383116883116883,0.5378486055776892,308,251,251,0,0,0
human_nontata_promoters,j_lt_0p1,28043,24436,0.004219409078359604,0,0,1,115.5,0.33482142857142855,0.29880478087649404,224,251,251,0,0,0
human_nontata_promoters,j_lt_0p1,28103,3642,0.00826446246355772,0,0,0,215.0,0.44074074074074077,0.47410358565737054,270,251,251,0,0,0
human_nontata_promoters,j_lt_0p1,28282,14416,0.006355931982398033,0,0,1,201.5,0.447098976109215,0.5219123505976095,293,251,251,0,0,0
human_nontata_promoters,j_lt_0p1,27946,25946,0.00643776822835207,0,0,1,176.0,0.4132231404958678,0.398406374501992,242,251,251,0,0,0
human_nontata_promoters,j_lt_0p1,27967,3184,0.002057613106444478,0,0,0,190.0,0.3978494623655914,0.44223107569721115,279,251,251,0,0,0
human_nontata_promoters,j_lt_0p1,28070,23396,0.0,0,0,1,116.5,0.3772893772893773,0.4103585657370518,273,251,251,0,0,0
human_nontata_promoters,j_lt_0p1,27995,5727,0.002061855746433139,0,0,0,171.5,0.40892193308550184,0.43824701195219123,269,251,251,0,0,0
human_nontata_promoters,j_lt_0p1,27965,8169,0.0,0,0,0,162.5,0.4483985765124555,0.50199203187251,281,251,251,0,0,0
human_nontata_promoters,j_lt_0p1,28146,2994,0.01037344429641962,0,0,0,257.0,0.4612676056338028,0.5219123505976095,284,251,251,0,0,0
human_nontata_promoters,j_lt_0p1,28280,23081,0.0,0,0,1,215.0,0.42517006802721086,0.49800796812749004,294,251,251,0,0,0
human_nontata_promoters,j_lt_0p1,28115,8837,0.006211180239915848,0,0,0,130.5,0.40725806451612906,0.40239043824701193,248,251,251,0,0,0
human_nontata_promoters,j_lt_0p1,27926,14174,0.0,0,0,1,184.5,0.4336917562724014,0.4820717131474104,279,251,251,0,0,0
human_nontata_promoters,j_lt_0p1,27919,15416,0.0020703934133052826,0,0,1,176.0,0.42657342657342656,0.4860557768924303,286,251,251,0,0,0
human_nontata_promoters,j_lt_0p1,28080,23849,0.008752735331654549,0,0,1,71.0,0.3333333333333333,0.20318725099601595,153,251,251,0,0,0
human_nontata_promoters,j_lt_0p1,28079,11756,0.004115226212888956,0,0,0,218.5,0.44366197183098594,0.50199203187251,284,251,251,0,0,0
human_nontata_promoters,j_lt_0p1,28205,26877,0.0,0,0,1,122.0,0.3353658536585366,0.43824701195219123,328,251,251,0,0,0
human_nontata_promoters,j_lt_0p1,27968,12228,0.0,0,0,0,55.0,0.484375,0.12350597609561753,64,251,251,0,0,0
human_nontata_promoters,j_lt_0p1,28251,25405,0.0,0,0,1,155.5,0.47107438016528924,0.4541832669322709,242,251,251,0,0,0
human_nontata_promoters,j_lt_0p1,28263,2402,0.002053388161584735,0,0,0,185.0,0.45660377358490567,0.4820717131474104,265,251,251,0,0,0
human_nontata_promoters,j_lt_0p1,28131,7444,0.00626304792240262,0,0,0,227.5,0.4844961240310077,0.49800796812749004,258,251,251,0,0,0
human_nontata_promoters,j_lt_0p1,28259,26442,0.0,0,0,1,163.5,0.3917525773195876,0.4541832669322709,291,251,251,0,0,0
human_nontata_promoters,j_lt_0p1,28136,11288,0.0020703934133052826,0,0,0,89.0,0.4732142857142857,0.21115537848605578,112,251,251,0,0,0
human_nontata_promoters,j_lt_0p1,28130,7205,0.004175365436822176,0,0,0,233.0,0.4558303886925795,0.5139442231075697,283,251,251,0,0,0
human_nontata_promoters,j_lt_0p1,28230,3450,0.00206611561588943,0,0,0,195.0,0.4602076124567474,0.5298804780876494,289,251,251,0,0,0
human_nontata_promoters,j_lt_0p1,28134,241,0.0,0,0,0,101.0,0.36363636363636365,0.3346613545816733,231,251,251,0,0,0
human_nontata_promoters,j_lt_0p1,28027,24742,0.0,0,0,1,116.0,0.3400673400673401,0.40239043824701193,297,251,251,0,0,0
human_nontata_promoters,j_lt_0p1,28026,11860,0.0021321962121874094,0,0,0,177.5,0.4421052631578947,0.50199203187251,285,251,251,0,0,0
human_nontata_promoters,j_lt_0p1,27976,15439,0.0,0,0,1,162.5,0.44244604316546765,0.4900398406374502,278,251,251,0,0,0
human_nontata_promoters,j_lt_0p1,28039,23371,0.0,0,0,1,86.5,0.3865979381443299,0.29880478087649404,194,251,251,0,0,0
human_nontata_promoters,j_lt_0p1,28263,15109,0.002053388161584735,0,0,1,221.0,0.508833922261484,0.5737051792828686,283,251,251,0,0,0
human_nontata_promoters,j_lt_0p1,28206,2806,0.0,0,0,0,162.5,0.4311594202898551,0.47410358565737054,276,251,251,0,0,0
human_nontata_promoters,j_lt_0p1,27907,15208,0.0062761506997048855,0,0,1,186.0,0.4265232974910394,0.47410358565737054,279,251,251,0,0,0
human_nontata_promoters,j_lt_0p1,28097,9183,0.002061855746433139,0,0,0,191.0,0.42160278745644597,0.4820717131474104,287,251,251,0,0,0
human_nontata_promoters,j_lt_0p1,28264,22114,0.0,0,0,1,59.5,0.37373737373737376,0.14741035856573706,99,251,251,0,0,0
human_nontata_promoters,j_lt_0p1,27949,1984,0.004201680887490511,0,0,0,228.5,0.447098976109215,0.5219123505976095,293,251,251,0,0,0
human_nontata_promoters,j_lt_0p1,28269,13668,0.004149377811700106,0,0,1,206.0,0.44805194805194803,0.549800796812749,308,251,251,0,0,0
human_nontata_promoters,j_lt_0p1,28219,928,0.0021739129442721605,0,0,0,165.5,0.4316546762589928,0.47808764940239046,278,251,251,0,0,0
human_nontata_promoters,j_lt_0p1,28217,13077,0.0021008404437452555,0,0,1,116.5,0.42857142857142855,0.3466135458167331,203,251,251,0,0,0
human_nontata_promoters,j_lt_0p1,28134,3274,0.006211180239915848,0,0,0,229.0,0.47278911564625853,0.5537848605577689,294,251,251,0,0,0
human_nontata_promoters,j_lt_0p1,28098,14167,0.00413223123177886,0,0,1,135.5,0.3970037453183521,0.42231075697211157,267,251,251,0,0,0
human_nontata_promoters,j_lt_0p1,27979,22284,0.0042105261236429214,0,0,1,224.0,0.4364820846905538,0.5338645418326693,307,251,251,0,0,0
human_nontata_promoters,j_lt_0p1,27925,21027,0.0,0,0,1,138.0,0.4263565891472868,0.43824701195219123,258,251,251,0,0,0
human_nontata_promoters,j_lt_0p1,28084,7454,0.0,0,0,0,146.0,0.39361702127659576,0.44223107569721115,282,251,251,0,0,0
human_nontata_promoters,j_lt_0p1,28226,18015,0.01252609584480524,0,0,1,267.5,0.49230769230769234,0.5099601593625498,260,251,251,0,0,0
human_nontata_promoters,j_lt_0p1,28115,9440,0.002074688905850053,0,0,0,145.0,0.4025974025974026,0.4940239043824701,308,251,251,0,0,0
human_nontata_promoters,j_lt_0p1,27911,22646,0.0021008404437452555,0,0,1,156.5,0.39937106918238996,0.5059760956175299,318,251,251,0,0,0
human_nontata_promoters,j_lt_0p1,28652,8978,0.004115226212888956,0,0,0,233.0,0.43617021276595747,0.4900398406374502,282,251,251,0,0,0
human_nontata_promoters,j_lt_0p1,28332,3237,0.008350730873644352,0,0,0,197.5,0.4012539184952978,0.5099601593625498,319,251,251,0,0,0
human_nontata_promoters,j_lt_0p1,28621,10167,0.006289307959377766,0,0,0,207.5,0.4115755627009646,0.5099601593625498,311,251,251,0,0,0
human_nontata_promoters,j_lt_0p1,28358,7688,0.0,0,0,0,182.0,0.4225352112676056,0.47808764940239046,284,251,251,0,0,0
human_nontata_promoters,j_lt_0p1,28622,12406,0.0,0,0,1,141.0,0.416289592760181,0.3665338645418327,221,251,251,0,0,0
human_nontata_promoters,j_lt_0p1,28502,26571,0.012658228166401386,0,0,1,216.5,0.4013377926421405,0.47808764940239046,299,251,251,0,0,0
human_nontata_promoters,j_lt_0p1,28649,7918,0.0,0,0,0,189.5,0.40390879478827363,0.4940239043824701,307,251,251,0,0,0
human_nontata_promoters,j_lt_0p1,28602,11241,0.002057613106444478,0,0,0,232.5,0.4701492537313433,0.50199203187251,268,251,251,0,0,0
human_nontata_promoters,j_lt_0p1,28493,264,0.00206611561588943,0,0,0,175.5,0.4052044609665427,0.4342629482071713,269,251,251,0,0,0
human_nontata_promoters,j_lt_0p1,28592,17419,0.006237006280571222,0,0,1,180.5,0.425,0.47410358565737054,280,251,251,0,0,0
human_nontata_promoters,j_lt_0p1,28297,19371,0.00849256943911314,0,0,1,183.0,0.40863787375415284,0.4900398406374502,301,251,251,0,0,0
human_nontata_promoters,j_lt_0p1,28493,26348,0.0,0,0,1,156.5,0.38162544169611307,0.4302788844621514,283,251,251,0,0,0
human_nontata_promoters,j_lt_0p1,28662,25466,0.0,0,0,1,126.0,0.37666666666666665,0.450199203187251,300,251,251,0,0,0
human_nontata_promoters,j_lt_0p1,28673,10541,0.006198347080498934,0,0,0,231.0,0.46598639455782315,0.545816733067729,294,251,251,0,0,0
human_nontata_promoters,j_lt_0p1,28696,4667,0.002061855746433139,0,0,0,232.5,0.4745762711864407,0.44621513944223107,236,251,251,0,0,0
human_nontata_promoters,j_lt_0p1,28460,4234,0.00206611561588943,0,0,0,210.0,0.42810457516339867,0.5219123505976095,306,251,251,0,0,0
human_nontata_promoters,j_lt_0p1,28694,26901,0.0,0,0,1,97.5,0.3665480427046263,0.4103585657370518,281,251,251,0,0,0
human_nontata_promoters,j_lt_0p1,28513,20803,0.0,0,0,1,121.5,0.38549618320610685,0.40239043824701193,262,251,251,0,0,0
human_nontata_promoters,j_lt_0p1,28575,1853,0.004694835748523474,0,0,0,208.0,0.452755905511811,0.4581673306772908,254,251,251,0,0,0
human_nontata_promoters,j_lt_0p1,28514,8569,0.002074688905850053,0,0,0,183.5,0.42907801418439717,0.4820717131474104,282,251,251,0,0,0
human_nontata_promoters,j_lt_0p1,28468,12499,0.004264392424374819,0,0,1,283.0,0.4745762711864407,0.5577689243027888,295,251,251,0,0,0
human_nontata_promoters,j_lt_0p1,28470,5894,0.002087682718411088,0,0,0,178.5,0.4233576642335766,0.46215139442231074,274,251,251,0,0,0
human_nontata_promoters,j_lt_0p1,28481,13056,0.002057613106444478,0,0,1,192.0,0.4296875,0.43824701195219123,256,251,251,0,0,0
human_nontata_promoters,j_lt_0p1,28543,20374,0.0,0,0,1,98.0,0.36,0.32270916334661354,225,251,251,0,0,0
human_nontata_promoters,j_lt_0p1,28653,16186,0.0,0,0,1,108.0,0.3344370860927152,0.40239043824701193,302,251,251,0,0,0
human_nontata_promoters,j_lt_0p1,28624,2485,0.0,0,0,0,200.5,0.40384615384615385,0.50199203187251,312,251,251,0,0,0
human_nontata_promoters,j_lt_0p1,28696,7233,0.002057613106444478,0,0,0,238.5,0.4532871972318339,0.5219123505976095,289,251,251,0,0,0
human_nontata_promoters,j_lt_0p1,28364,25593,0.0,0,0,1,142.0,0.4389312977099237,0.4581673306772908,262,251,251,0,0,0
human_nontata_promoters,j_lt_0p1,28598,12438,0.008350730873644352,0,0,1,206.0,0.45149253731343286,0.4820717131474104,268,251,251,0,0,0
human_nontata_promoters,j_lt_0p1,28468,15215,0.0,0,0,1,241.0,0.4797297297297297,0.5657370517928287,296,251,251,0,0,0
human_nontata_promoters,j_lt_0p1,28682,19057,0.006224066484719515,0,0,1,206.5,0.504424778761062,0.4541832669322709,226,251,251,0,0,0
human_nontata_promoters,j_lt_0p1,28630,16355,0.0,0,0,1,211.5,0.46303501945525294,0.47410358565737054,257,251,251,0,0,0
human_nontata_promoters,j_lt_0p1,28410,11724,0.0062500000931322575,0,0,0,207.5,0.4578313253012048,0.4541832669322709,249,251,251,0,0,0
human_nontata_promoters,j_lt_0p1,28391,9682,0.0020790020935237408,0,0,0,212.5,0.40939597315436244,0.4860557768924303,298,251,251,0,0,0
human_nontata_promoters,j_lt_0p1,28606,2765,0.0,0,0,0,165.5,0.44363636363636366,0.4860557768924303,275,251,251,0,0,0
human_nontata_promoters,j_lt_0p1,28677,9626,0.0,0,0,0,190.0,0.4406779661016949,0.5179282868525896,295,251,251,0,0,0
human_nontata_promoters,j_lt_0p1,28381,10484,0.0020790020935237408,0,0,0,214.5,0.45182724252491696,0.5418326693227091,301,251,251,0,0,0
human_nontata_promoters,j_lt_0p1,28441,12715,0.0,0,0,1,184.0,0.4554794520547945,0.5298804780876494,292,251,251,0,0,0
human_nontata_promoters,j_lt_0p1,28539,14819,0.0,0,0,1,140.0,0.4122137404580153,0.4302788844621514,262,251,251,0,0,0
human_nontata_promoters,j_lt_0p1,28629,26962,0.00413223123177886,0,0,1,204.0,0.44666666666666666,0.5338645418326693,300,251,251,0,0,0
human_nontata_promoters,j_lt_0p1,28440,21968,0.002061855746433139,0,0,1,174.0,0.41605839416058393,0.4541832669322709,274,251,251,0,0,0
human_nontata_promoters,j_lt_0p1,28615,4673,0.008421052247285843,0,0,0,215.0,0.4406779661016949,0.5179282868525896,295,251,251,0,0,0
human_nontata_promoters,j_lt_0p1,28347,2629,0.0,0,0,0,183.0,0.45493562231759654,0.42231075697211157,233,251,251,0,0,0
human_nontata_promoters,j_lt_0p1,28638,3341,0.006185567006468773,0,0,0,279.0,0.4778156996587031,0.5577689243027888,293,251,251,0,0,0
human_nontata_promoters,j_lt_0p1,28377,19791,0.0,0,0,1,106.0,0.34600760456273766,0.36254980079681276,263,251,251,0,0,0
human_nontata_promoters,j_lt_0p1,28545,12561,0.0062761506997048855,0,0,1,83.0,0.322463768115942,0.3545816733067729,276,251,251,0,0,0
human_nontata_promoters,j_lt_0p1,28515,10780,0.008385743945837021,0,0,0,212.5,0.46785714285714286,0.5219123505976095,280,251,251,0,0,0
human_nontata_promoters,j_lt_0p1,28604,8167,0.0,0,0,0,175.0,0.4261168384879725,0.4940239043824701,291,251,251,0,0,0
human_nontata_promoters,j_lt_0p1,28558,24596,0.0,0,0,1,108.0,0.3764705882352941,0.38247011952191234,255,251,251,0,0,0
human_nontata_promoters,j_lt_0p1,28609,13752,0.00206611561588943,0,0,1,157.0,0.4035714285714286,0.450199203187251,280,251,251,0,0,0
human_nontata_promoters,j_lt_0p1,28411,7374,0.0,0,0,0,178.0,0.43356643356643354,0.4940239043824701,286,251,251,0,0,0
human_nontata_promoters,j_lt_0p1,28514,20582,0.0,0,0,1,198.0,0.49361702127659574,0.46215139442231074,235,251,251,0,0,0
human_nontata_promoters,j_lt_0p1,28375,13942,0.006211180239915848,0,0,1,172.0,0.451505016722408,0.5378486055776892,299,251,251,0,0,0
human_nontata_promoters,j_lt_0p1,28508,20898,0.0,0,0,1,126.0,0.35276073619631904,0.4581673306772908,326,251,251,0,0,0
human_nontata_promoters,j_lt_0p1,28462,3880,0.004166666883975267,0,0,0,195.0,0.45491803278688525,0.44223107569721115,244,251,251,0,0,0
human_nontata_promoters,j_lt_0p1,28368,1424,0.0,0,0,0,223.0,0.4911660777385159,0.5537848605577689,283,251,251,0,0,0
human_nontata_promoters,j_lt_0p1,28476,14631,0.004140786826610565,0,0,1,217.0,0.43506493506493504,0.5338645418326693,308,251,251,0,0,0
human_nontata_promoters,j_lt_0p1,28377,6008,0.0,0,0,0,191.0,0.43288590604026844,0.5139442231075697,298,251,251,0,0,0
human_nontata_promoters,j_lt_0p1,28643,7094,0.00413223123177886,0,0,0,149.5,0.4409722222222222,0.5059760956175299,288,251,251,0,0,0
human_nontata_promoters,j_lt_0p1,28592,24170,0.002074688905850053,0,0,1,175.5,0.3828125,0.3904382470119522,256,251,251,0,0,0
human_nontata_promoters,j_lt_0p1,28624,7235,0.0041841003112494946,0,0,0,206.5,0.4131147540983607,0.50199203187251,305,251,251,0,0,0
human_nontata_promoters,j_lt_0p1,28504,16553,0.002114164875820279,0,0,1,219.5,0.5,0.450199203187251,226,251,251,0,0,0
human_nontata_promoters,j_lt_0p1,28648,21959,0.0021052630618214607,0,0,1,192.0,0.46963562753036436,0.46215139442231074,247,251,251,0,0,0
human_nontata_promoters,j_lt_0p1,28492,13979,0.002053388161584735,0,0,1,188.0,0.45185185185185184,0.4860557768924303,270,251,251,0,0,0
human_nontata_promoters,j_lt_0p1,28315,13642,0.004149377811700106,0,0,1,162.5,0.41924398625429554,0.4860557768924303,291,251,251,0,0,0
human_nontata_promoters,j_lt_0p1,28450,10138,0.0020703934133052826,0,0,0,213.0,0.42953020134228187,0.5099601593625498,298,251,251,0,0,0
human_nontata_promoters,j_lt_0p1,28314,11678,0.002057613106444478,0,0,0,198.0,0.44528301886792454,0.4701195219123506,265,251,251,0,0,0
human_nontata_promoters,j_lt_0p1,28509,25957,0.01293103490024805,0,0,1,252.0,0.3967741935483871,0.4900398406374502,310,251,251,0,0,0
human_nontata_promoters,j_lt_0p1,28688,1172,0.00413223123177886,0,0,0,188.5,0.3770491803278688,0.4581673306772908,305,251,251,0,0,0
human_nontata_promoters,j_lt_0p1,28655,7003,0.002057613106444478,0,0,0,186.0,0.40445859872611467,0.5059760956175299,314,251,251,0,0,0
human_nontata_promoters,j_lt_0p1,28351,26429,0.0,0,0,1,157.5,0.4053156146179402,0.4860557768924303,301,251,251,0,0,0
human_nontata_promoters,j_lt_0p1,28532,14114,0.002074688905850053,0,0,1,174.5,0.41830065359477125,0.5099601593625498,306,251,251,0,0,0
human_nontata_promoters,j_lt_0p1,28324,24576,0.0,0,0,1,122.5,0.3639344262295082,0.44223107569721115,305,251,251,0,0,0
human_nontata_promoters,j_lt_0p1,28321,7829,0.004228329751640558,0,0,0,194.0,0.38321167883211676,0.41832669322709165,274,251,251,0,0,0
human_nontata_promoters,j_lt_0p1,28566,21699,0.004123711492866278,0,0,1,202.5,0.4602076124567474,0.5298804780876494,289,251,251,0,0,0
human_nontata_promoters,j_lt_0p1,28432,22611,0.0020790020935237408,0,0,1,189.5,0.4006734006734007,0.47410358565737054,297,251,251,0,0,0
human_nontata_promoters,j_lt_0p1,28371,5921,0.0,0,0,0,135.0,0.4037735849056604,0.4262948207171315,265,251,251,0,0,0
human_nontata_promoters,j_lt_0p1,28496,1375,0.010504201985895634,0,0,0,195.0,0.47555555555555556,0.4262948207171315,225,251,251,0,0,0
human_nontata_promoters,j_lt_0p1,28315,23173,0.0,0,0,1,160.5,0.38489208633093525,0.4262948207171315,278,251,251,0,0,0
human_nontata_promoters,j_lt_0p1,28513,25172,0.0,0,0,1,144.0,0.40131578947368424,0.4860557768924303,304,251,251,0,0,0
human_nontata_promoters,j_lt_0p1,28392,7131,0.0,0,0,0,181.5,0.42962962962962964,0.46215139442231074,270,251,251,0,0,0
human_nontata_promoters,j_lt_0p1,28649,14151,0.002061855746433139,0,0,1,217.0,0.4689922480620155,0.4820717131474104,258,251,251,0,0,0
human_nontata_promoters,j_lt_0p1,28525,18927,0.0,0,0,1,195.5,0.41423948220064727,0.5099601593625498,309,251,251,0,0,0
human_nontata_promoters,j_lt_0p1,28694,2615,0.012552301399409771,0,0,0,252.5,0.42295081967213116,0.5139442231075697,305,251,251,0,0,0
human_nontata_promoters,j_lt_0p1,28384,23532,0.0,0,0,1,87.5,0.3514376996805112,0.43824701195219123,313,251,251,0,0,0
human_nontata_promoters,j_lt_0p1,28696,21284,0.006237006280571222,0,0,1,147.0,0.4092827004219409,0.38645418326693226,237,251,251,0,0,0
human_nontata_promoters,j_lt_0p1,28588,15799,0.008474576286971569,0,0,1,193.5,0.38620689655172413,0.44621513944223107,290,251,251,0,0,0
human_nontata_promoters,j_lt_0p1,28468,7273,0.00206611561588943,0,0,0,141.5,0.37966101694915255,0.44621513944223107,295,251,251,0,0,0
human_nontata_promoters,j_lt_0p1,28420,13608,0.00626304792240262,0,0,1,157.5,0.4396551724137931,0.4063745019920319,232,251,251,0,0,0
human_nontata_promoters,j_lt_0p1,28561,20064,0.0,0,0,1,218.0,0.4375,0.50199203187251,288,251,251,0,0,0
human_nontata_promoters,j_lt_0p1,28499,16939,0.008908686228096485,0,0,1,139.5,0.3940520446096654,0.42231075697211157,269,251,251,0,0,0
human_nontata_promoters,j_lt_0p1,28669,12862,0.0,0,0,1,159.0,0.4370860927152318,0.5258964143426295,302,251,251,0,0,0
human_nontata_promoters,j_lt_0p1,28656,13808,0.0,0,0,1,132.5,0.3664383561643836,0.4262948207171315,292,251,251,0,0,0
human_nontata_promoters,j_lt_0p1,28425,14490,0.002087682718411088,0,0,1,234.0,0.45733788395904434,0.5338645418326693,293,251,251,0,0,0
human_nontata_promoters,j_lt_0p1,28344,16812,0.0,0,0,1,165.5,0.426056338028169,0.4820717131474104,284,251,251,0,0,0
human_nontata_promoters,j_lt_0p1,28505,21252,0.0020920501556247473,0,0,1,219.5,0.4206896551724138,0.4860557768924303,290,251,251,0,0,0
human_nontata_promoters,j_lt_0p1,28505,22263,0.0062761506997048855,0,0,1,215.5,0.4755244755244755,0.5418326693227091,286,251,251,0,0,0
human_nontata_promoters,j_lt_0p1,28338,5379,0.0042105261236429214,0,0,0,188.0,0.3824451410658307,0.4860557768924303,319,251,251,0,0,0
human_nontata_promoters,j_lt_0p1,28357,19536,0.0041928719729185104,0,0,1,166.0,0.4065573770491803,0.4940239043824701,305,251,251,0,0,0
human_nontata_promoters,j_lt_0p1,28587,15799,0.008350730873644352,0,0,1,123.5,0.38267148014440433,0.42231075697211157,277,251,251,0,0,0
human_nontata_promoters,j_lt_0p1,28318,16872,0.0021186440717428923,0,0,1,133.5,0.465,0.3705179282868526,200,251,251,0,0,0
human_nontata_promoters,j_lt_0p1,28504,4119,0.008350730873644352,0,0,0,242.0,0.4605263157894737,0.5577689243027888,304,251,251,0,0,0
human_nontata_promoters,j_lt_0p1,28489,26715,0.0,0,0,1,172.5,0.4119496855345912,0.5219123505976095,318,251,251,0,0,0
human_nontata_promoters,j_lt_0p1,28677,14968,0.0,0,0,1,180.0,0.41836734693877553,0.4900398406374502,294,251,251,0,0,0
human_nontata_promoters,j_lt_0p1,28407,13045,0.008510638028383255,0,0,1,181.0,0.38080495356037153,0.4900398406374502,323,251,251,0,0,0
human_nontata_promoters,j_lt_0p1,28354,24546,0.0,0,0,1,202.5,0.3956386292834891,0.5059760956175299,321,251,251,0,0,0
human_nontata_promoters,j_lt_0p1,28462,7804,0.0020790020935237408,0,0,0,209.5,0.4161073825503356,0.4940239043824701,298,251,251,0,0,0
human_nontata_promoters,j_lt_0p1,28612,8178,0.002061855746433139,0,0,0,188.0,0.4219858156028369,0.47410358565737054,282,251,251,0,0,0
human_nontata_promoters,j_lt_0p1,28321,25988,0.006211180239915848,0,0,1,220.5,0.43252595155709345,0.49800796812749004,289,251,251,0,0,0
human_nontata_promoters,j_lt_0p1,28590,18088,0.0,0,0,1,118.0,0.37410071942446044,0.41434262948207173,278,251,251,0,0,0
human_nontata_promoters,j_lt_0p1,28348,10181,0.006237006280571222,0,0,0,207.5,0.47232472324723246,0.5099601593625498,271,251,251,0,0,0
human_nontata_promoters,j_lt_0p1,28576,22375,0.002087682718411088,0,0,1,151.0,0.4594594594594595,0.3386454183266932,185,251,251,0,0,0
human_nontata_promoters,j_lt_0p1,28395,6197,0.004123711492866278,0,0,0,229.0,0.4272151898734177,0.5378486055776892,316,251,251,0,0,0
human_nontata_promoters,j_lt_0p1,28425,20644,0.0,0,0,1,231.5,0.45126353790613716,0.49800796812749004,277,251,251,0,0,0
human_nontata_promoters,j_lt_0p1,28524,3912,0.0,0,0,0,197.0,0.45925925925925926,0.4940239043824701,270,251,251,0,0,0
human_nontata_promoters,j_lt_0p1,28400,22942,0.0,0,0,1,65.0,0.3684210526315789,0.22310756972111553,152,251,251,0,0,0
human_nontata_promoters,j_lt_0p1,28314,15933,0.004166666883975267,0,0,1,179.5,0.43636363636363634,0.47808764940239046,275,251,251,0,0,0
human_nontata_promoters,j_lt_0p1,28446,17315,0.0,0,0,1,168.5,0.39855072463768115,0.43824701195219123,276,251,251,0,0,0
human_nontata_promoters,j_lt_0p1,28488,22891,0.0,0,0,1,194.5,0.4219858156028369,0.47410358565737054,282,251,251,0,0,0
human_nontata_promoters,j_lt_0p1,28393,13198,0.0,0,0,1,193.0,0.4411764705882353,0.5378486055776892,306,251,251,0,0,0
human_nontata_promoters,j_lt_0p1,28655,3929,0.0,0,0,0,200.5,0.4406779661016949,0.5179282868525896,295,251,251,0,0,0
human_nontata_promoters,j_lt_0p1,28488,21431,0.021978022530674934,0,0,1,191.0,0.4,0.43824701195219123,275,251,251,0,0,0
human_nontata_promoters,j_lt_0p1,28694,9077,0.0,0,0,0,142.5,0.3719512195121951,0.4860557768924303,328,251,251,0,0,0
human_nontata_promoters,j_lt_0p1,28417,4113,0.0,0,0,0,178.5,0.4142857142857143,0.46215139442231074,280,251,251,0,0,0
human_nontata_promoters,j_lt_0p1,28350,23756,0.002057613106444478,0,0,1,217.5,0.47796610169491527,0.5617529880478087,295,251,251,0,0,0
human_nontata_promoters,j_lt_0p1,28350,17659,0.0,0,0,1,108.0,0.4497354497354497,0.3386454183266932,189,251,251,0,0,0
human_nontata_promoters,j_lt_0p1,28612,23049,0.0,0,0,1,196.5,0.4652014652014652,0.5059760956175299,273,251,251,0,0,0
human_nontata_promoters,j_lt_0p1,28551,13633,0.0064239827916026115,0,0,1,156.5,0.3553459119496855,0.450199203187251,318,251,251,0,0,0
human_nontata_promoters,j_lt_0p1,28471,845,0.0,0,0,0,189.5,0.3856655290102389,0.450199203187251,293,251,251,0,0,0
human_nontata_promoters,j_lt_0p1,28544,2720,0.010416666977107525,0,0,0,271.0,0.5274725274725275,0.5737051792828686,273,251,251,0,0,0
human_nontata_promoters,j_lt_0p1,28610,20830,0.008316008374094963,0,0,1,179.5,0.4641638225255973,0.5418326693227091,293,251,251,0,0,0
human_nontata_promoters,j_lt_0p1,28390,11223,0.0,0,0,0,180.5,0.45726495726495725,0.4262948207171315,234,251,251,0,0,0
human_nontata_promoters,j_lt_0p1,28681,11596,0.0,0,0,0,166.0,0.3566666666666667,0.4262948207171315,300,251,251,0,0,0
human_nontata_promoters,j_lt_0p1,28477,26564,0.0,0,0,1,178.5,0.4495114006514658,0.549800796812749,307,251,251,0,0,0
human_nontata_promoters,j_lt_0p1,28427,21928,0.0025252525229007006,0,0,1,157.0,0.4449760765550239,0.3705179282868526,209,251,251,0,0,0
human_nontata_promoters,j_lt_0p1,28390,9005,0.0,0,0,0,201.0,0.41009463722397477,0.5179282868525896,317,251,251,0,0,0
human_nontata_promoters,j_lt_0p1,28432,23469,0.010504201985895634,0,0,1,292.0,0.5148148148148148,0.5537848605577689,270,251,251,0,0,0
human_nontata_promoters,j_lt_0p1,28681,19479,0.002057613106444478,0,0,1,190.5,0.3890784982935154,0.4541832669322709,293,251,251,0,0,0
human_nontata_promoters,j_lt_0p1,28654,22534,0.0,0,0,1,220.5,0.4478114478114478,0.5298804780876494,297,251,251,0,0,0
human_nontata_promoters,j_lt_0p1,28385,1775,0.008421052247285843,0,0,0,210.0,0.4280821917808219,0.49800796812749004,292,251,251,0,0,0
human_nontata_promoters,j_lt_0p1,28441,8608,0.004115226212888956,0,0,0,211.0,0.42207792207792205,0.5179282868525896,308,251,251,0,0,0
human_nontata_promoters,j_lt_0p1,28554,5630,0.002061855746433139,0,0,0,181.5,0.41007194244604317,0.4541832669322709,278,251,251,0,0,0
human_nontata_promoters,j_lt_0p1,28574,4341,0.007194244768470526,0,0,0,167.0,0.48333333333333334,0.3466135458167331,180,251,251,0,0,0
human_nontata_promoters,j_lt_0p1,28583,6124,0.0020703934133052826,0,0,0,146.0,0.40069686411149824,0.4581673306772908,287,251,251,0,0,0
human_nontata_promoters,j_lt_0p1,28373,13863,0.0,0,0,1,173.0,0.43568464730290457,0.41832669322709165,241,251,251,0,0,0
human_nontata_promoters,j_lt_0p1,28562,23068,0.0,0,0,1,175.5,0.4261168384879725,0.4940239043824701,291,251,251,0,0,0
human_nontata_promoters,j_lt_0p1,28369,19975,0.008791209198534489,0,0,1,198.0,0.44876325088339225,0.5059760956175299,283,251,251,0,0,0
human_nontata_promoters,j_lt_0p1,28677,14134,0.002074688905850053,0,0,1,202.5,0.4534412955465587,0.44621513944223107,247,251,251,0,0,0
human_nontata_promoters,j_lt_0p1,28373,176,0.0,0,0,0,203.0,0.4453125,0.4541832669322709,256,251,251,0,0,0
human_nontata_promoters,j_lt_0p1,28402,16376,0.006666666828095913,0,0,1,175.0,0.43018867924528303,0.4541832669322709,265,251,251,0,0,0
human_nontata_promoters,j_lt_0p1,28507,12530,0.00206611561588943,0,0,1,227.5,0.4511784511784512,0.5338645418326693,297,251,251,0,0,0
human_nontata_promoters,j_lt_0p1,28654,26684,0.0,0,0,1,153.0,0.4122137404580153,0.4302788844621514,262,251,251,0,0,0
human_nontata_promoters,j_lt_0p1,28331,11622,0.004357298370450735,0,0,0,247.5,0.4584837545126354,0.5059760956175299,277,251,251,0,0,0
human_nontata_promoters,j_lt_0p1,28303,11650,0.004149377811700106,0,0,0,204.5,0.4315068493150685,0.50199203187251,292,251,251,0,0,0
human_nontata_promoters,j_lt_0p1,28324,17003,0.016701461747288704,0,0,1,206.5,0.49814126394052044,0.5338645418326693,269,251,251,0,0,0
human_nontata_promoters,j_lt_0p1,28392,20855,0.0021008404437452555,0,0,1,151.0,0.4146341463414634,0.47410358565737054,287,251,251,0,0,0
human_nontata_promoters,j_lt_0p1,28456,17167,0.015659954398870468,0,0,1,212.0,0.4392857142857143,0.4900398406374502,280,251,251,0,0,0
human_nontata_promoters,j_lt_0p1,28405,6660,0.0020703934133052826,0,0,0,193.5,0.4222222222222222,0.4541832669322709,270,251,251,0,0,0
human_nontata_promoters,j_lt_0p1,28544,16171,0.0,0,0,1,84.0,0.36470588235294116,0.24701195219123506,170,251,251,0,0,0
human_nontata_promoters,j_lt_0p1,28617,19171,0.0,0,0,1,137.0,0.41368078175895767,0.5059760956175299,307,251,251,0,0,0
human_nontata_promoters,j_lt_0p1,28695,567,0.0,0,0,0,113.5,0.3715415019762846,0.3745019920318725,253,251,251,0,0,0
human_nontata_promoters,j_lt_0p1,28645,15178,0.00413223123177886,0,0,1,163.5,0.4420289855072464,0.4860557768924303,276,251,251,0,0,0
human_nontata_promoters,j_lt_0p1,28689,9912,0.002087682718411088,0,0,0,112.5,0.4326923076923077,0.35856573705179284,208,251,251,0,0,0
human_nontata_promoters,j_lt_0p1,28420,13667,0.006329114083200693,0,0,1,173.0,0.42805755395683454,0.47410358565737054,278,251,251,0,0,0
human_nontata_promoters,j_lt_0p1,28443,3590,0.002074688905850053,0,0,0,221.5,0.44405594405594406,0.5059760956175299,286,251,251,0,0,0
human_nontata_promoters,j_lt_0p1,28667,826,0.0,0,0,0,207.0,0.46551724137931033,0.5378486055776892,290,251,251,0,0,0
human_nontata_promoters,j_lt_0p1,28359,14711,0.0021008404437452555,0,0,1,132.5,0.369281045751634,0.450199203187251,306,251,251,0,0,0
human_nontata_promoters,j_lt_0p1,28688,22603,0.0,0,0,1,191.5,0.4219269102990033,0.5059760956175299,301,251,251,0,0,0
human_nontata_promoters,j_lt_0p1,28379,25432,0.0,0,0,1,192.0,0.40714285714285714,0.4541832669322709,280,251,251,0,0,0
human_nontata_promoters,j_lt_0p1,28562,8596,0.0021413275972008705,0,0,0,150.0,0.3470031545741325,0.43824701195219123,317,251,251,0,0,0
human_nontata_promoters,j_lt_0p1,28303,18396,0.0,0,0,1,165.5,0.4379310344827586,0.5059760956175299,290,251,251,0,0,0
human_nontata_promoters,j_lt_0p1,28478,14000,0.012711863964796066,0,0,1,222.0,0.3890675241157556,0.4820717131474104,311,251,251,0,0,0
human_nontata_promoters,j_lt_0p1,28672,19230,0.006198347080498934,0,0,1,179.5,0.42214532871972316,0.4860557768924303,289,251,251,0,0,0
human_nontata_promoters,j_lt_0p1,28539,21231,0.0,0,0,1,142.0,0.4537037037037037,0.3904382470119522,216,251,251,0,0,0
human_nontata_promoters,j_lt_0p1,28619,539,0.006185567006468773,0,0,0,198.5,0.4129692832764505,0.4820717131474104,293,251,251,0,0,0
human_nontata_promoters,j_lt_0p1,28695,20290,0.002074688905850053,0,0,1,194.0,0.47653429602888087,0.5258964143426295,277,251,251,0,0,0
human_nontata_promoters,j_lt_0p1,28471,15467,0.0,0,0,1,166.5,0.5263157894736842,0.2788844621513944,133,251,251,0,0,0
human_nontata_promoters,j_lt_0p1,28600,18622,0.002114164875820279,0,0,1,200.0,0.42435424354243545,0.4581673306772908,271,251,251,0,0,0
human_nontata_promoters,j_lt_0p1,28383,5005,0.0,0,0,0,202.5,0.43666666666666665,0.5219123505976095,300,251,251,0,0,0
human_nontata_promoters,j_lt_0p1,28486,15739,0.0021186440717428923,0,0,1,177.5,0.3675496688741722,0.44223107569721115,302,251,251,0,0,0
human_nontata_promoters,j_lt_0p1,28470,4713,0.0020920501556247473,0,0,0,199.0,0.437984496124031,0.450199203187251,258,251,251,0,0,0
human_nontata_promoters,j_lt_0p1,28492,14094,0.0,0,0,1,140.5,0.42152466367713004,0.3745019920318725,223,251,251,0,0,0
human_nontata_promoters,j_lt_0p1,28685,10392,0.01252609584480524,0,0,0,184.0,0.4469026548672566,0.40239043824701193,226,251,251,0,0,0
human_nontata_promoters,j_lt_0p1,28352,25560,0.0,0,0,1,180.5,0.44816053511705684,0.5338645418326693,299,251,251,0,0,0
human_nontata_promoters,j_lt_0p1,28449,14784,0.0,0,0,1,175.0,0.4,0.43824701195219123,275,251,251,0,0,0
human_nontata_promoters,j_lt_0p1,28626,7525,0.004219409078359604,0,0,0,190.5,0.43986254295532645,0.5099601593625498,291,251,251,0,0,0
human_nontata_promoters,j_lt_0p1,28387,2446,0.0,0,0,0,201.5,0.44224422442244227,0.5338645418326693,303,251,251,0,0,0
human_nontata_promoters,j_lt_0p1,28478,4115,0.0,0,0,0,165.5,0.3783783783783784,0.3904382470119522,259,251,251,0,0,0
human_nontata_promoters,j_lt_0p1,28387,7886,0.0,0,0,0,217.5,0.4707792207792208,0.5776892430278885,308,251,251,0,0,0
human_nontata_promoters,j_lt_0p1,28648,19095,0.0,0,0,1,157.5,0.40268456375838924,0.47808764940239046,298,251,251,0,0,0
human_nontata_promoters,j_lt_0p1,28619,17699,0.0,0,0,1,213.5,0.4676258992805755,0.5179282868525896,278,251,251,0,0,0
human_nontata_promoters,j_lt_0p1,28340,10710,0.006185567006468773,0,0,0,189.5,0.43812709030100333,0.5219123505976095,299,251,251,0,0,0
human_nontata_promoters,j_lt_0p1,28453,6290,0.0,0,0,0,122.5,0.36942675159235666,0.46215139442231074,314,251,251,0,0,0
human_nontata_promoters,j_lt_0p1,28382,16723,0.0,0,0,1,161.0,0.4789915966386555,0.4541832669322709,238,251,251,0,0,0
human_nontata_promoters,j_lt_0p1,28383,10673,0.0,0,0,0,191.5,0.462882096069869,0.42231075697211157,229,251,251,0,0,0
human_nontata_promoters,j_lt_0p1,28443,16917,0.0,0,0,1,111.5,0.4279475982532751,0.3904382470119522,229,251,251,0,0,0
human_nontata_promoters,j_lt_0p1,28515,12614,0.0,0,0,1,171.0,0.4098939929328622,0.46215139442231074,283,251,251,0,0,0
human_nontata_promoters,j_lt_0p1,28304,13328,0.0020703934133052826,0,0,1,132.0,0.3992673992673993,0.4342629482071713,273,251,251,0,0,0
human_nontata_promoters,j_lt_0p1,28445,1109,0.0021276595070958138,0,0,0,188.0,0.3872053872053872,0.4581673306772908,297,251,251,0,0,0
human_nontata_promoters,j_lt_0p1,28623,25914,0.004444444552063942,0,0,1,118.5,0.38661710037174724,0.41434262948207173,269,251,251,0,0,0
human_nontata_promoters,j_lt_0p1,28408,5354,0.008350730873644352,0,0,0,247.5,0.4863013698630137,0.5657370517928287,292,251,251,0,0,0
human_nontata_promoters,j_lt_0p1,28646,11376,0.0,0,0,0,196.5,0.41914191419141916,0.5059760956175299,303,251,251,0,0,0
human_nontata_promoters,j_lt_0p1,28435,6698,0.0,0,0,0,194.0,0.3860182370820669,0.5059760956175299,329,251,251,0,0,0
human_nontata_promoters,j_lt_0p1,28663,7219,0.01894736848771572,0,0,0,214.0,0.5155555555555555,0.46215139442231074,225,251,251,0,0,0
human_nontata_promoters,j_lt_0p1,28553,6860,0.0,0,0,0,136.5,0.3426294820717131,0.3426294820717131,251,251,251,0,0,0
human_nontata_promoters,j_lt_0p1,28403,26074,0.0,0,0,1,112.0,0.36363636363636365,0.4302788844621514,297,251,251,0,0,0
human_nontata_promoters,j_lt_0p1,28578,1619,0.004347825888544321,0,0,0,220.0,0.4453125,0.4541832669322709,256,251,251,0,0,0
human_nontata_promoters,j_lt_0p1,28636,17180,0.002061855746433139,0,0,1,171.0,0.428,0.4262948207171315,250,251,251,0,0,0
human_nontata_promoters,j_lt_0p1,28641,19425,0.0,0,0,1,69.0,0.3488372093023256,0.23904382470119523,172,251,251,0,0,0
human_nontata_promoters,j_lt_0p1,28445,7620,0.0021186440717428923,0,0,0,191.5,0.4195804195804196,0.47808764940239046,286,251,251,0,0,0
human_nontata_promoters,j_lt_0p1,28567,26732,0.0,0,0,1,163.0,0.41911764705882354,0.4541832669322709,272,251,251,0,0,0
human_nontata_promoters,j_lt_0p1,28547,22240,0.0,0,0,1,141.5,0.4344262295081967,0.42231075697211157,244,251,251,0,0,0
human_nontata_promoters,j_lt_0p1,28353,15517,0.006224066484719515,0,0,1,201.0,0.4129032258064516,0.5099601593625498,310,251,251,0,0,0
human_nontata_promoters,j_lt_0p1,28447,24164,0.0022624435368925333,0,0,1,107.5,0.41089108910891087,0.33067729083665337,202,251,251,0,0,0
human_nontata_promoters,j_lt_0p1,28380,9586,0.0,0,0,0,213.5,0.4513888888888889,0.5179282868525896,288,251,251,0,0,0
human_nontata_promoters,j_lt_0p1,28515,3074,0.0,0,0,0,112.0,0.38636363636363635,0.47410358565737054,308,251,251,0,0,0
human_nontata_promoters,j_lt_0p1,28393,2115,0.0,0,0,0,220.0,0.43666666666666665,0.5219123505976095,300,251,251,0,0,0
human_nontata_promoters,j_lt_0p1,28689,16259,0.0,0,0,1,99.5,0.34824281150159747,0.4342629482071713,313,251,251,0,0,0
human_nontata_promoters,j_lt_0p1,28441,15731,0.0,0,0,1,171.0,0.4318181818181818,0.4541832669322709,264,251,251,0,0,0
human_nontata_promoters,j_lt_0p1,28443,18030,0.0,0,0,1,120.5,0.3829787234042553,0.4302788844621514,282,251,251,0,0,0
human_nontata_promoters,j_lt_0p1,28404,4835,0.0,0,0,0,181.0,0.40604026845637586,0.4820717131474104,298,251,251,0,0,0
human_nontata_promoters,j_lt_0p1,28533,2939,0.006185567006468773,0,0,0,222.0,0.44554455445544555,0.5378486055776892,303,251,251,0,0,0
human_nontata_promoters,j_lt_0p1,28664,1203,0.0,0,0,0,165.5,0.4431818181818182,0.46613545816733065,264,251,251,0,0,0
human_nontata_promoters,j_lt_0p1,28424,3226,0.0,0,0,0,124.0,0.4393305439330544,0.41832669322709165,239,251,251,0,0,0
human_nontata_promoters,j_lt_0p1,28384,25255,0.0020833334419876337,0,0,1,154.0,0.4276315789473684,0.5179282868525896,304,251,251,0,0,0
human_nontata_promoters,j_lt_0p1,28343,25271,0.01046025101095438,0,0,1,190.0,0.4206008583690987,0.3904382470119522,233,251,251,0,0,0
human_nontata_promoters,j_lt_0p1,28387,27065,0.002053388161584735,0,0,1,179.5,0.4201388888888889,0.4820717131474104,288,251,251,0,0,0
human_nontata_promoters,j_lt_0p1,28629,6197,0.004115226212888956,0,0,0,203.5,0.4097222222222222,0.4701195219123506,288,251,251,0,0,0
human_nontata_promoters,j_lt_0p1,28577,8961,0.012500000186264515,0,0,0,169.0,0.37658227848101267,0.47410358565737054,316,251,251,0,0,0
human_nontata_promoters,j_lt_0p1,28343,14358,0.0,0,0,1,141.0,0.4117647058823529,0.50199203187251,306,251,251,0,0,0
human_nontata_promoters,j_lt_0p1,28540,3495,0.0,0,0,0,182.0,0.49609375,0.5059760956175299,256,251,251,0,0,0
human_nontata_promoters,j_lt_0p1,28521,24224,0.002074688905850053,0,0,1,160.0,0.4482758620689655,0.41434262948207173,232,251,251,0,0,0
human_nontata_promoters,j_lt_0p1,28456,8293,0.0,0,0,0,239.5,0.4276315789473684,0.5179282868525896,304,251,251,0,0,0
human_nontata_promoters,j_lt_0p1,28591,26425,0.004140786826610565,0,0,1,175.5,0.4346153846153846,0.450199203187251,260,251,251,0,0,0
human_nontata_promoters,j_lt_0p1,28329,14173,0.004140786826610565,0,0,1,169.0,0.4006849315068493,0.46613545816733065,292,251,251,0,0,0
human_nontata_promoters,j_lt_0p1,28564,15403,0.002074688905850053,0,0,1,139.5,0.37850467289719625,0.32270916334661354,214,251,251,0,0,0
human_nontata_promoters,j_lt_0p1,28591,12892,0.0,0,0,1,150.5,0.4037735849056604,0.4262948207171315,265,251,251,0,0,0
human_nontata_promoters,j_lt_0p1,28355,14793,0.006237006280571222,0,0,1,212.5,0.48880597014925375,0.5219123505976095,268,251,251,0,0,0
human_nontata_promoters,j_lt_0p1,28568,3537,0.0,0,0,0,173.5,0.4359861591695502,0.50199203187251,289,251,251,0,0,0
human_nontata_promoters,j_lt_0p1,28485,16727,0.010351967066526413,0,0,1,194.5,0.4300341296928328,0.50199203187251,293,251,251,0,0,0
human_nontata_promoters,j_lt_0p1,28587,5141,0.004115226212888956,0,0,0,242.0,0.4962962962962963,0.5338645418326693,270,251,251,0,0,0
human_nontata_promoters,j_lt_0p1,28478,8384,0.0,0,0,0,124.0,0.3627450980392157,0.44223107569721115,306,251,251,0,0,0
human_nontata_promoters,j_lt_0p1,28696,14323,0.0,0,0,1,52.0,0.4722222222222222,0.06772908366533864,36,251,251,0,0,0
human_nontata_promoters,j_lt_0p1,28510,17809,0.006185567006468773,0,0,1,205.5,0.5168539325842697,0.549800796812749,267,251,251,0,0,0
human_nontata_promoters,j_lt_0p1,28401,18860,0.0,0,0,1,210.0,0.44554455445544555,0.5378486055776892,303,251,251,0,0,0
human_nontata_promoters,j_lt_0p1,28480,13616,0.0,0,0,1,123.0,0.4722222222222222,0.4063745019920319,216,251,251,0,0,0
human_nontata_promoters,j_lt_0p1,28644,13762,0.002057613106444478,0,0,1,146.0,0.3782894736842105,0.4581673306772908,304,251,251,0,0,0
human_nontata_promoters,j_lt_0p1,28472,10541,0.002057613106444478,0,0,0,145.5,0.36823104693140796,0.4063745019920319,277,251,251,0,0,0
human_nontata_promoters,j_lt_0p1,28651,10192,0.0,0,0,0,184.5,0.42244224422442245,0.5099601593625498,303,251,251,0,0,0
human_nontata_promoters,j_lt_0p1,28570,13457,0.0,0,0,1,132.5,0.42084942084942084,0.4342629482071713,259,251,251,0,0,0
human_nontata_promoters,j_lt_0p1,28414,5566,0.004149377811700106,0,0,0,251.0,0.5092250922509225,0.549800796812749,271,251,251,0,0,0
human_nontata_promoters,j_lt_0p1,28660,20154,0.0,0,0,1,95.0,0.3274021352313167,0.3665338645418327,281,251,251,0,0,0
human_nontata_promoters,j_lt_0p1,28409,8111,0.006237006280571222,0,0,0,156.0,0.4265232974910394,0.47410358565737054,279,251,251,0,0,0
human_nontata_promoters,j_lt_0p1,28453,11634,0.014613778330385685,0,0,0,235.0,0.44150943396226416,0.46613545816733065,265,251,251,0,0,0
human_nontata_promoters,j_lt_0p1,28685,13492,0.004140786826610565,0,0,1,240.5,0.46283783783783783,0.545816733067729,296,251,251,0,0,0
human_nontata_promoters,j_lt_0p1,28321,25374,0.0,0,0,1,206.0,0.48028673835125446,0.5338645418326693,279,251,251,0,0,0
human_nontata_promoters,j_lt_0p1,28581,1469,0.00626304792240262,0,0,0,174.0,0.3993808049535604,0.5139442231075697,323,251,251,0,0,0
human_nontata_promoters,j_lt_0p1,28497,21902,0.0,0,0,1,177.0,0.484304932735426,0.4302788844621514,223,251,251,0,0,0
human_nontata_promoters,j_lt_0p1,28444,6226,0.004264392424374819,0,0,0,201.5,0.4158415841584158,0.50199203187251,303,251,251,0,0,0
human_nontata_promoters,j_lt_0p1,28368,3503,0.0,0,0,0,193.0,0.452755905511811,0.4581673306772908,254,251,251,0,0,0
human_nontata_promoters,j_lt_0p1,28549,25012,0.002114164875820279,0,0,1,182.0,0.44878048780487806,0.3665338645418327,205,251,251,0,0,0
human_nontata_promoters,j_lt_0p1,28450,22214,0.0,0,0,1,192.5,0.45,0.5378486055776892,300,251,251,0,0,0
human_nontata_promoters,j_lt_0p1,28319,12768,0.0,0,0,1,172.5,0.4199288256227758,0.4701195219123506,281,251,251,0,0,0
human_nontata_promoters,j_lt_0p1,28385,12395,0.002074688905850053,0,0,1,86.0,0.3521594684385382,0.42231075697211157,301,251,251,0,0,0
human_nontata_promoters,j_lt_0p1,28508,3364,0.0062500000931322575,0,0,0,198.5,0.43478260869565216,0.47808764940239046,276,251,251,0,0,0
human_nontata_promoters,j_lt_0p1,28546,11840,0.002061855746433139,0,0,0,227.0,0.43870967741935485,0.5418326693227091,310,251,251,0,0,0
human_nontata_promoters,j_lt_0p1,28459,23975,0.010482179932296276,0,0,1,252.5,0.47101449275362317,0.5179282868525896,276,251,251,0,0,0
human_nontata_promoters,j_lt_0p1,28415,2068,0.002087682718411088,0,0,0,238.5,0.4697508896797153,0.5258964143426295,281,251,251,0,0,0
human_nontata_promoters,j_lt_0p1,28453,7826,0.004219409078359604,0,0,0,145.5,0.41365461847389556,0.4103585657370518,249,251,251,0,0,0
human_nontata_promoters,j_lt_0p1,28569,14351,0.006342494860291481,0,0,1,228.0,0.4542372881355932,0.5338645418326693,295,251,251,0,0,0
human_nontata_promoters,j_lt_0p1,28667,25099,0.0,0,0,1,190.0,0.41901408450704225,0.47410358565737054,284,251,251,0,0,0
human_nontata_promoters,j_lt_0p1,28596,7386,0.0,0,0,0,190.0,0.44765342960288806,0.4940239043824701,277,251,251,0,0,0
human_nontata_promoters,j_lt_0p1,28640,22489,0.004123711492866278,0,0,1,178.5,0.3987341772151899,0.50199203187251,316,251,251,0,0,0
human_nontata_promoters,j_lt_0p1,28373,18994,0.0,0,0,1,116.5,0.38275862068965516,0.44223107569721115,290,251,251,0,0,0
human_nontata_promoters,j_lt_0p1,28319,22484,0.0,0,0,1,188.5,0.4188034188034188,0.3904382470119522,234,251,251,0,0,0
human_nontata_promoters,j_lt_0p1,28647,3356,0.004140786826610565,0,0,0,198.0,0.4412811387900356,0.4940239043824701,281,251,251,0,0,0
human_nontata_promoters,j_lt_0p1,28551,10852,0.0,0,0,0,160.5,0.4013377926421405,0.47808764940239046,299,251,251,0,0,0
human_nontata_promoters,j_lt_0p1,28324,16720,0.014583333395421505,0,0,1,176.5,0.4306569343065693,0.4701195219123506,274,251,251,0,0,0
human_nontata_promoters,j_lt_0p1,28461,12539,0.004140786826610565,0,0,1,207.5,0.429042904290429,0.5179282868525896,303,251,251,0,0,0
human_nontata_promoters,j_lt_0p1,28363,1589,0.0,0,0,0,223.5,0.4189189189189189,0.4940239043824701,296,251,251,0,0,0
human_nontata_promoters,j_lt_0p1,28568,25673,0.0,0,0,1,210.0,0.46511627906976744,0.47808764940239046,258,251,251,0,0,0
human_nontata_promoters,j_lt_0p1,28506,7469,0.008298755623400211,0,0,0,165.5,0.4175084175084175,0.4940239043824701,297,251,251,0,0,0
human_nontata_promoters,j_lt_0p1,28386,1644,0.010395010001957417,0,0,0,235.0,0.4317343173431734,0.46613545816733065,271,251,251,0,0,0
human_nontata_promoters,j_lt_0p1,28645,3625,0.0,0,0,0,171.5,0.4305555555555556,0.4940239043824701,288,251,251,0,0,0
human_nontata_promoters,j_lt_0p1,28361,7195,0.0062761506997048855,0,0,0,257.0,0.48056537102473496,0.5418326693227091,283,251,251,0,0,0
human_nontata_promoters,j_lt_0p1,28530,25510,0.0,0,0,1,101.0,0.40636042402826855,0.4581673306772908,283,251,251,0,0,0
human_nontata_promoters,j_lt_0p1,28398,10669,0.002087682718411088,0,0,0,235.0,0.4037854889589905,0.5099601593625498,317,251,251,0,0,0
human_nontata_promoters,j_lt_0p1,28686,4953,0.0020703934133052826,0,0,0,154.5,0.3992673992673993,0.4342629482071713,273,251,251,0,0,0
human_nontata_promoters,j_lt_0p1,28331,4267,0.002074688905850053,0,0,0,200.0,0.4098360655737705,0.49800796812749004,305,251,251,0,0,0
human_nontata_promoters,j_lt_0p1,28584,21407,0.004395604599267244,0,0,1,180.5,0.43448275862068964,0.50199203187251,290,251,251,0,0,0
human_nontata_promoters,j_lt_0p1,28524,25147,0.002087682718411088,0,0,1,190.5,0.4185185185185185,0.450199203187251,270,251,251,0,0,0
human_nontata_promoters,j_lt_0p1,28572,1396,0.0022573363967239857,0,0,0,173.0,0.4603960396039604,0.3705179282868526,202,251,251,0,0,0
human_nontata_promoters,j_lt_0p1,28612,12585,0.0,0,0,1,209.0,0.4489051094890511,0.4900398406374502,274,251,251,0,0,0
human_nontata_promoters,j_lt_0p1,28298,16360,0.0020703934133052826,0,0,1,164.5,0.4219269102990033,0.5059760956175299,301,251,251,0,0,0
human_nontata_promoters,j_lt_0p1,28511,11206,0.0,0,0,0,151.5,0.41134751773049644,0.46215139442231074,282,251,251,0,0,0
human_nontata_promoters,j_lt_0p1,28307,23824,0.0,0,0,1,141.5,0.4033898305084746,0.47410358565737054,295,251,251,0,0,0
human_nontata_promoters,j_lt_0p1,28614,17002,0.0,0,0,1,126.5,0.3874538745387454,0.41832669322709165,271,251,251,0,0,0
human_nontata_promoters,j_lt_0p1,28684,24061,0.006787330377846956,0,0,1,208.5,0.4429065743944637,0.5099601593625498,289,251,251,0,0,0
human_nontata_promoters,j_lt_0p1,28662,8304,0.0,0,0,0,98.0,0.34098360655737703,0.41434262948207173,305,251,251,0,0,0
human_nontata_promoters,j_lt_0p1,28357,20981,0.0,0,0,1,140.0,0.44541484716157204,0.4063745019920319,229,251,251,0,0,0
human_nontata_promoters,j_lt_0p1,28415,9094,0.0,0,0,0,208.5,0.42857142857142855,0.44223107569721115,259,251,251,0,0,0
human_nontata_promoters,j_lt_0p1,28308,2426,0.0,0,0,0,130.5,0.41379310344827586,0.38247011952191234,232,251,251,0,0,0
human_nontata_promoters,j_lt_0p1,28453,19215,0.002057613106444478,0,0,1,196.0,0.40625,0.5179282868525896,320,251,251,0,0,0
human_nontata_promoters,j_lt_0p1,28613,2337,0.002053388161584735,0,0,0,196.5,0.40923076923076923,0.5298804780876494,325,251,251,0,0,0
human_nontata_promoters,j_lt_0p1,28380,3002,0.002061855746433139,0,0,0,209.5,0.40823970037453183,0.4342629482071713,267,251,251,0,0,0
human_nontata_promoters,j_lt_0p1,28455,8356,0.00413223123177886,0,0,0,200.0,0.45182724252491696,0.5418326693227091,301,251,251,0,0,0
human_nontata_promoters,j_lt_0p1,28328,618,0.0021008404437452555,0,0,0,222.5,0.45255474452554745,0.4940239043824701,274,251,251,0,0,0
human_nontata_promoters,j_lt_0p1,28371,15038,0.0,0,0,1,246.0,0.49158249158249157,0.5816733067729084,297,251,251,0,0,0
human_nontata_promoters,j_lt_0p1,28455,10153,0.004115226212888956,0,0,0,215.0,0.4646840148698885,0.49800796812749004,269,251,251,0,0,0
human_nontata_promoters,j_lt_0p1,28337,15018,0.004219409078359604,0,0,1,151.0,0.4065573770491803,0.4940239043824701,305,251,251,0,0,0
human_nontata_promoters,j_lt_0p1,28584,8200,0.004219409078359604,0,0,0,232.0,0.4413793103448276,0.5099601593625498,290,251,251,0,0,0
human_nontata_promoters,j_lt_0p1,28672,3730,0.004115226212888956,0,0,0,199.5,0.3993174061433447,0.46613545816733065,293,251,251,0,0,0
human_nontata_promoters,j_lt_0p1,28412,5006,0.002207505516707897,0,0,0,221.0,0.44193548387096776,0.545816733067729,310,251,251,0,0,0
human_nontata_promoters,j_lt_0p1,28488,8525,0.0021276595070958138,0,0,0,191.5,0.44609665427509293,0.47808764940239046,269,251,251,0,0,0
human_nontata_promoters,j_lt_0p1,28383,20892,0.0,0,0,1,182.0,0.42207792207792205,0.5179282868525896,308,251,251,0,0,0
human_nontata_promoters,j_lt_0p1,28660,23519,0.0,0,0,1,89.0,0.3140794223826715,0.3466135458167331,277,251,251,0,0,0
human_nontata_promoters,j_lt_0p1,28582,11524,0.006185567006468773,0,0,0,215.0,0.4155844155844156,0.5099601593625498,308,251,251,0,0,0
human_nontata_promoters,j_lt_0p1,28672,14258,0.0,0,0,1,145.0,0.4,0.4063745019920319,255,251,251,0,0,0
human_nontata_promoters,j_lt_0p1,28310,4922,0.008510638028383255,0,0,0,234.5,0.5137254901960784,0.5219123505976095,255,251,251,0,0,0
human_nontata_promoters,j_lt_0p1,28308,22328,0.0,0,0,1,203.0,0.41904761904761906,0.5258964143426295,315,251,251,0,0,0
human_nontata_promoters,j_lt_0p1,28507,2516,0.006198347080498934,0,0,0,205.0,0.4205298013245033,0.5059760956175299,302,251,251,0,0,0
human_nontata_promoters,j_lt_0p1,28533,17268,0.0,0,0,1,148.5,0.3970037453183521,0.42231075697211157,267,251,251,0,0,0
human_nontata_promoters,j_lt_0p1,28628,8816,0.0,0,0,0,186.0,0.3762057877813505,0.46613545816733065,311,251,251,0,0,0
human_nontata_promoters,j_lt_0p1,28466,18924,0.004201680887490511,0,0,1,213.0,0.4807692307692308,0.49800796812749004,260,251,251,0,0,0
human_nontata_promoters,j_lt_0p1,28679,17325,0.0020790020935237408,0,0,1,169.0,0.4229390681003584,0.4701195219123506,279,251,251,0,0,0
human_nontata_promoters,j_lt_0p1,28642,2,0.00828157365322113,0,0,0,205.0,0.43506493506493504,0.5338645418326693,308,251,251,0,0,0
human_nontata_promoters,j_lt_0p1,28518,26042,0.006521739065647125,0,0,1,242.5,0.45364238410596025,0.545816733067729,302,251,251,0,0,0
human_nontata_promoters,j_lt_0p1,28622,8622,0.006185567006468773,0,0,0,194.5,0.4406779661016949,0.5179282868525896,295,251,251,0,0,0
human_nontata_promoters,j_lt_0p1,28594,17640,0.004228329751640558,0,0,1,167.5,0.3694915254237288,0.4342629482071713,295,251,251,0,0,0
human_nontata_promoters,j_lt_0p1,28633,4390,0.0041580041870474815,0,0,0,189.0,0.42452830188679247,0.5378486055776892,318,251,251,0,0,0
human_nontata_promoters,j_lt_0p1,28431,2457,0.0,0,0,0,244.0,0.46757679180887374,0.545816733067729,293,251,251,0,0,0
human_nontata_promoters,j_lt_0p1,28489,13025,0.0,0,0,1,150.0,0.3918918918918919,0.46215139442231074,296,251,251,0,0,0
human_nontata_promoters,j_lt_0p1,28354,1854,0.00206611561588943,0,0,0,194.5,0.44155844155844154,0.5418326693227091,308,251,251,0,0,0
human_nontata_promoters,j_lt_0p1,28332,25505,0.008350730873644352,0,0,1,229.0,0.44155844155844154,0.5418326693227091,308,251,251,0,0,0
human_nontata_promoters,j_lt_0p1,28663,22610,0.0,0,0,1,83.0,0.39664804469273746,0.28286852589641437,179,251,251,0,0,0
human_nontata_promoters,j_lt_0p1,28300,54,0.0,0,0,0,189.5,0.4603174603174603,0.46215139442231074,252,251,251,0,0,0
human_nontata_promoters,j_lt_0p1,28410,11628,0.008403361774981022,0,0,0,192.5,0.4352517985611511,0.4820717131474104,278,251,251,0,0,0
human_nontata_promoters,j_lt_0p1,28330,20278,0.01252609584480524,0,0,1,247.5,0.4825174825174825,0.549800796812749,286,251,251,0,0,0
human_nontata_promoters,j_lt_0p1,28380,19168,0.006593406666070223,0,0,1,172.5,0.4125874125874126,0.4701195219123506,286,251,251,0,0,0
human_nontata_promoters,j_lt_0p1,28433,17276,0.006535947788506746,0,0,1,219.0,0.45,0.5378486055776892,300,251,251,0,0,0
human_nontata_promoters,j_lt_0p1,28695,23440,0.0,0,0,1,62.5,0.39705882352941174,0.10756972111553785,68,251,251,0,0,0
human_nontata_promoters,j_lt_0p1,28527,16706,0.0,0,0,1,155.5,0.4041095890410959,0.4701195219123506,292,251,251,0,0,0
human_nontata_promoters,j_lt_0p1,28543,9628,0.0,0,0,0,174.5,0.4626865671641791,0.4940239043824701,268,251,251,0,0,0
human_nontata_promoters,j_lt_0p1,28439,10147,0.004282655194401741,0,0,0,220.5,0.4479166666666667,0.5139442231075697,288,251,251,0,0,0
human_nontata_promoters,j_lt_0p1,28507,2903,0.0,0,0,0,120.5,0.38996138996138996,0.40239043824701193,259,251,251,0,0,0
human_nontata_promoters,j_lt_0p1,28363,11629,0.0020790020935237408,0,0,0,173.5,0.4186046511627907,0.50199203187251,301,251,251,0,0,0
human_nontata_promoters,j_lt_0p1,28399,17907,0.0021052630618214607,0,0,1,59.0,0.4044943820224719,0.14342629482071714,89,251,251,0,0,0
human_nontata_promoters,j_lt_0p1,28397,18644,0.00826446246355772,0,0,1,147.0,0.4166666666666667,0.398406374501992,240,251,251,0,0,0
human_nontata_promoters,j_lt_0p1,28638,7261,0.0,0,0,0,176.0,0.40836012861736337,0.5059760956175299,311,251,251,0,0,0
human_nontata_promoters,j_lt_0p1,28670,24870,0.004123711492866278,0,0,1,216.0,0.4222222222222222,0.5298804780876494,315,251,251,0,0,0
human_nontata_promoters,j_lt_0p1,28444,22951,0.0,0,0,1,155.5,0.40370370370370373,0.4342629482071713,270,251,251,0,0,0
human_nontata_promoters,j_lt_0p1,28517,4434,0.0,0,0,0,160.5,0.4536082474226804,0.5258964143426295,291,251,251,0,0,0
human_nontata_promoters,j_lt_0p1,28420,13678,0.004219409078359604,0,0,1,142.5,0.3867595818815331,0.44223107569721115,287,251,251,0,0,0
human_nontata_promoters,j_lt_0p1,28350,26998,0.004166666883975267,0,0,1,234.0,0.43,0.5139442231075697,300,251,251,0,0,0
human_nontata_promoters,j_lt_0p1,28301,3005,0.004140786826610565,0,0,0,151.0,0.43018867924528303,0.4541832669322709,265,251,251,0,0,0
human_nontata_promoters,j_lt_0p1,28524,16895,0.0,0,0,1,223.0,0.49097472924187724,0.5418326693227091,277,251,251,0,0,0
human_nontata_promoters,j_lt_0p1,28588,27014,0.008528784848749638,0,0,1,168.5,0.42391304347826086,0.46613545816733065,276,251,251,0,0,0
human_nontata_promoters,j_lt_0p1,28473,125,0.0020964359864592552,0,0,0,163.0,0.3978102189781022,0.4342629482071713,274,251,251,0,0,0
human_nontata_promoters,j_lt_0p1,28447,18874,0.0,0,0,1,98.0,0.4175824175824176,0.30278884462151395,182,251,251,0,0,0
human_nontata_promoters,j_lt_0p1,28302,12629,0.0,0,0,1,107.0,0.41899441340782123,0.29880478087649404,179,251,251,0,0,0
human_nontata_promoters,j_lt_0p1,28307,16534,0.0,0,0,1,126.5,0.42660550458715596,0.3705179282868526,218,251,251,0,0,0
human_nontata_promoters,j_lt_0p1,28631,14441,0.0021008404437452555,0,0,1,193.5,0.46303501945525294,0.47410358565737054,257,251,251,0,0,0
human_nontata_promoters,j_lt_0p1,28482,20537,0.01046025101095438,0,0,1,231.5,0.4863013698630137,0.5657370517928287,292,251,251,0,0,0
human_nontata_promoters,j_lt_0p1,28595,25576,0.004140786826610565,0,0,1,177.5,0.4269230769230769,0.44223107569721115,260,251,251,0,0,0
human_nontata_promoters,j_lt_0p1,28319,489,0.012500000186264515,0,0,0,213.5,0.4844290657439446,0.5577689243027888,289,251,251,0,0,0
human_nontata_promoters,j_lt_0p1,28309,3168,0.014799154363572598,0,0,0,275.0,0.5035211267605634,0.5697211155378487,284,251,251,0,0,0
human_nontata_promoters,j_lt_0p1,28631,2367,0.0020790020935237408,0,0,0,161.5,0.41762452107279696,0.4342629482071713,261,251,251,0,0,0
human_nontata_promoters,j_lt_0p1,28638,7133,0.0,0,0,0,221.5,0.492,0.4900398406374502,250,251,251,0,0,0
human_nontata_promoters,j_lt_0p1,28566,6493,0.0020703934133052826,0,0,0,199.0,0.47547169811320755,0.50199203187251,265,251,251,0,0,0
human_nontata_promoters,j_lt_0p1,28377,18480,0.0,0,0,1,116.5,0.3253012048192771,0.4302788844621514,332,251,251,0,0,0
human_nontata_promoters,j_lt_0p1,28525,5170,0.006198347080498934,0,0,0,214.0,0.43686006825938567,0.5099601593625498,293,251,251,0,0,0
human_nontata_promoters,j_lt_0p1,28433,2322,0.002087682718411088,0,0,0,175.5,0.49795918367346936,0.4860557768924303,245,251,251,0,0,0
human_nontata_promoters,j_lt_0p1,28388,7720,0.00826446246355772,0,0,0,269.0,0.47440273037542663,0.5537848605577689,293,251,251,0,0,0
human_nontata_promoters,j_lt_0p1,28675,23910,0.0063157896511256695,0,0,1,144.0,0.424,0.42231075697211157,250,251,251,0,0,0
human_nontata_promoters,j_lt_0p1,28411,19601,0.0,0,0,1,212.5,0.44666666666666666,0.5338645418326693,300,251,251,0,0,0
human_nontata_promoters,j_lt_0p1,28356,4367,0.010438413359224796,0,0,0,198.5,0.4574898785425101,0.450199203187251,247,251,251,0,0,0
human_nontata_promoters,j_lt_0p1,28696,5414,0.00206611561588943,0,0,0,121.5,0.3711340206185567,0.4302788844621514,291,251,251,0,0,0
human_nontata_promoters,j_lt_0p1,28518,13443,0.0,0,0,1,186.0,0.46551724137931033,0.4302788844621514,232,251,251,0,0,0
human_nontata_promoters,j_lt_0p1,28629,999,0.0041580041870474815,0,0,0,191.5,0.43727598566308246,0.4860557768924303,279,251,251,0,0,0
human_nontata_promoters,j_lt_0p1,28598,1963,0.0062500000931322575,0,0,0,211.5,0.40594059405940597,0.4900398406374502,303,251,251,0,0,0
human_nontata_promoters,j_lt_0p1,28549,13386,0.002109704539179802,0,0,1,157.0,0.4292237442922374,0.3745019920318725,219,251,251,0,0,0
human_nontata_promoters,j_lt_0p1,28647,25258,0.0,0,0,1,178.5,0.4147465437788018,0.35856573705179284,217,251,251,0,0,0
human_nontata_promoters,j_lt_0p1,28664,23800,0.0,0,0,1,156.5,0.4175824175824176,0.4541832669322709,273,251,251,0,0,0
human_nontata_promoters,j_lt_0p1,28483,668,0.00828157365322113,0,0,0,221.5,0.4354243542435424,0.4701195219123506,271,251,251,0,0,0
human_nontata_promoters,j_lt_0p1,28578,10320,0.0063965884037315845,0,0,0,227.5,0.45993031358885017,0.5258964143426295,287,251,251,0,0,0
human_nontata_promoters,j_lt_0p1,28500,16718,0.0,0,0,1,228.5,0.4628975265017668,0.5219123505976095,283,251,251,0,0,0
human_nontata_promoters,j_lt_0p1,28373,943,0.002061855746433139,0,0,0,148.5,0.3696369636963696,0.44621513944223107,303,251,251,0,0,0
human_nontata_promoters,j_lt_0p1,28469,15463,0.008316008374094963,0,0,1,189.5,0.4305555555555556,0.4940239043824701,288,251,251,0,0,0
human_nontata_promoters,j_lt_0p1,28301,11905,0.00206611561588943,0,0,0,181.5,0.431438127090301,0.5139442231075697,299,251,251,0,0,0
human_nontata_promoters,j_lt_0p1,28540,7094,0.008438818156719208,0,0,0,171.0,0.45098039215686275,0.4581673306772908,255,251,251,0,0,0
human_nontata_promoters,j_lt_0p1,28421,21001,0.002061855746433139,0,0,1,217.0,0.4032258064516129,0.49800796812749004,310,251,251,0,0,0
human_nontata_promoters,j_lt_0p1,28550,22065,0.0,0,0,1,211.5,0.43492063492063493,0.545816733067729,315,251,251,0,0,0
human_nontata_promoters,j_lt_0p1,28579,4100,0.006237006280571222,0,0,0,225.5,0.46621621621621623,0.549800796812749,296,251,251,0,0,0
human_nontata_promoters,j_lt_0p1,28365,1280,0.0,0,0,0,185.5,0.4,0.46215139442231074,290,251,251,0,0,0
human_nontata_promoters,j_lt_0p1,28419,12430,0.002123142359778285,0,0,1,201.0,0.4144736842105263,0.50199203187251,304,251,251,0,0,0
human_nontata_promoters,j_lt_0p1,28572,7680,0.0,0,0,0,138.0,0.45161290322580644,0.3346613545816733,186,251,251,0,0,0
human_nontata_promoters,j_lt_0p1,28327,24807,0.0,0,0,1,240.0,0.5076335877862596,0.5298804780876494,262,251,251,0,0,0
human_nontata_promoters,j_lt_0p1,28473,10843,0.006211180239915848,0,0,0,238.0,0.47750865051903113,0.549800796812749,289,251,251,0,0,0
human_nontata_promoters,j_lt_0p1,28482,15321,0.0021052630618214607,0,0,1,265.5,0.47761194029850745,0.5099601593625498,268,251,251,0,0,0
human_nontata_promoters,j_lt_0p1,28541,10214,0.006369426846504211,0,0,0,221.0,0.4198717948717949,0.5219123505976095,312,251,251,0,0,0
human_nontata_promoters,j_lt_0p1,28821,16583,0.0,0,0,1,171.5,0.3992932862190813,0.450199203187251,283,251,251,0,0,0
human_nontata_promoters,j_lt_0p1,29027,11666,0.016771487891674042,0,0,0,251.5,0.47703180212014135,0.5378486055776892,283,251,251,0,0,0
human_nontata_promoters,j_lt_0p1,28968,10484,0.0,0,0,0,147.5,0.3832752613240418,0.43824701195219123,287,251,251,0,0,0
human_nontata_promoters,j_lt_0p1,29041,4599,0.0,0,0,0,158.0,0.3832752613240418,0.43824701195219123,287,251,251,0,0,0
human_nontata_promoters,j_lt_0p1,29015,22220,0.0,0,0,1,43.5,0.625,0.05976095617529881,24,251,251,0,0,0
human_nontata_promoters,j_lt_0p1,28871,4176,0.0,0,0,0,178.5,0.4406779661016949,0.5179282868525896,295,251,251,0,0,0
human_nontata_promoters,j_lt_0p1,28790,12128,0.002057613106444478,0,0,0,199.5,0.4542124542124542,0.4940239043824701,273,251,251,0,0,0
human_nontata_promoters,j_lt_0p1,28877,24540,0.0020703934133052826,0,0,1,122.0,0.39069767441860465,0.3346613545816733,215,251,251,0,0,0
human_nontata_promoters,j_lt_0p1,28900,19629,0.002057613106444478,0,0,1,159.5,0.40924092409240925,0.4940239043824701,303,251,251,0,0,0
human_nontata_promoters,j_lt_0p1,28871,13453,0.0,0,0,1,206.0,0.45774647887323944,0.5179282868525896,284,251,251,0,0,0
human_nontata_promoters,j_lt_0p1,29071,7278,0.0,0,0,0,200.0,0.4381625441696113,0.4940239043824701,283,251,251,0,0,0
human_nontata_promoters,j_lt_0p1,29065,5600,0.006211180239915848,0,0,0,225.0,0.4161490683229814,0.5338645418326693,322,251,251,0,0,0
human_nontata_promoters,j_lt_0p1,28760,23438,0.004115226212888956,0,0,1,204.5,0.5020408163265306,0.4900398406374502,245,251,251,0,0,0
human_nontata_promoters,j_lt_0p1,28931,4448,0.002061855746433139,0,0,0,191.0,0.4139072847682119,0.49800796812749004,302,251,251,0,0,0
human_nontata_promoters,j_lt_0p1,28915,17396,0.002061855746433139,0,0,1,131.5,0.38801261829652994,0.4900398406374502,317,251,251,0,0,0
human_nontata_promoters,j_lt_0p1,28876,16486,0.0,0,0,1,195.0,0.42517006802721086,0.49800796812749004,294,251,251,0,0,0
human_nontata_promoters,j_lt_0p1,28933,6098,0.004149377811700106,0,0,0,236.5,0.4868913857677903,0.5179282868525896,267,251,251,0,0,0
human_nontata_promoters,j_lt_0p1,29082,15175,0.006237006280571222,0,0,1,201.0,0.4440677966101695,0.5219123505976095,295,251,251,0,0,0
human_nontata_promoters,j_lt_0p1,28988,1228,0.008350730873644352,0,0,0,225.5,0.4495114006514658,0.549800796812749,307,251,251,0,0,0
human_nontata_promoters,j_lt_0p1,28764,4804,0.0,0,0,0,164.5,0.39792387543252594,0.4581673306772908,289,251,251,0,0,0
human_nontata_promoters,j_lt_0p1,28874,803,0.0021321962121874094,0,0,0,163.0,0.44672131147540983,0.4342629482071713,244,251,251,0,0,0
human_nontata_promoters,j_lt_0p1,28896,3758,0.012500000186264515,0,0,0,159.5,0.42333333333333334,0.5059760956175299,300,251,251,0,0,0
human_nontata_promoters,j_lt_0p1,28877,20999,0.0020703934133052826,0,0,1,220.5,0.4299363057324841,0.5378486055776892,314,251,251,0,0,0
human_nontata_promoters,j_lt_0p1,29005,9264,0.0,0,0,0,196.5,0.4444444444444444,0.5099601593625498,288,251,251,0,0,0
human_nontata_promoters,j_lt_0p1,28815,13076,0.0,0,0,1,180.0,0.4664310954063604,0.5258964143426295,283,251,251,0,0,0
human_nontata_promoters,j_lt_0p1,28777,18145,0.0044742729514837265,0,0,1,151.0,0.44036697247706424,0.38247011952191234,218,251,251,0,0,0
human_nontata_promoters,j_lt_0p1,28830,494,0.008474576286971569,0,0,0,235.5,0.484251968503937,0.4900398406374502,254,251,251,0,0,0
human_nontata_promoters,j_lt_0p1,28767,18061,0.0,0,0,1,118.5,0.3216374269005848,0.43824701195219123,342,251,251,0,0,0
human_nontata_promoters,j_lt_0p1,28847,494,0.014799154363572598,0,0,0,226.5,0.4684014869888476,0.50199203187251,269,251,251,0,0,0
human_nontata_promoters,j_lt_0p1,28854,19707,0.002061855746433139,0,0,1,168.0,0.45622119815668205,0.3944223107569721,217,251,251,0,0,0
human_nontata_promoters,j_lt_0p1,28854,26576,0.0,0,0,1,167.5,0.4425087108013937,0.5059760956175299,287,251,251,0,0,0
human_nontata_promoters,j_lt_0p1,29019,25584,0.002061855746433139,0,0,1,174.0,0.40293040293040294,0.43824701195219123,273,251,251,0,0,0
human_nontata_promoters,j_lt_0p1,28971,19081,0.0,0,0,1,171.5,0.40594059405940597,0.4900398406374502,303,251,251,0,0,0
human_nontata_promoters,j_lt_0p1,28787,362,0.0,0,0,0,188.0,0.40893470790378006,0.47410358565737054,291,251,251,0,0,0
human_nontata_promoters,j_lt_0p1,28728,24349,0.004140786826610565,0,0,1,161.0,0.38263665594855306,0.47410358565737054,311,251,251,0,0,0
human_nontata_promoters,j_lt_0p1,28978,8685,0.0,0,0,0,204.0,0.4281150159744409,0.5338645418326693,313,251,251,0,0,0
human_nontata_promoters,j_lt_0p1,28841,25241,0.010351967066526413,0,0,1,207.5,0.4355400696864111,0.49800796812749004,287,251,251,0,0,0
human_nontata_promoters,j_lt_0p1,28927,19011,0.00206611561588943,0,0,1,148.0,0.41784037558685444,0.3545816733067729,213,251,251,0,0,0
human_nontata_promoters,j_lt_0p1,29032,3535,0.0021186440717428923,0,0,0,175.0,0.417910447761194,0.44621513944223107,268,251,251,0,0,0
human_nontata_promoters,j_lt_0p1,28729,23355,0.0020703934133052826,0,0,1,165.5,0.4188679245283019,0.44223107569721115,265,251,251,0,0,0
human_nontata_promoters,j_lt_0p1,28758,11901,0.0020964359864592552,0,0,0,198.5,0.43661971830985913,0.4940239043824701,284,251,251,0,0,0
human_nontata_promoters,j_lt_0p1,28951,13452,0.0,0,0,1,129.0,0.33663366336633666,0.4063745019920319,303,251,251,0,0,0
human_nontata_promoters,j_lt_0p1,29046,21359,0.0,0,0,1,141.0,0.4074074074074074,0.3944223107569721,243,251,251,0,0,0
human_nontata_promoters,j_lt_0p1,28838,153,0.006289307959377766,0,0,0,191.5,0.431438127090301,0.5139442231075697,299,251,251,0,0,0
human_nontata_promoters,j_lt_0p1,28749,1525,0.00626304792240262,0,0,0,185.5,0.44150943396226416,0.46613545816733065,265,251,251,0,0,0
human_nontata_promoters,j_lt_0p1,28938,11516,0.002057613106444478,0,0,0,221.0,0.4028268551236749,0.4541832669322709,283,251,251,0,0,0
human_nontata_promoters,j_lt_0p1,28741,1288,0.0,0,0,0,226.0,0.4940239043824701,0.4940239043824701,251,251,251,0,0,0
human_nontata_promoters,j_lt_0p1,28939,12302,0.0,0,0,0,135.0,0.4260089686098655,0.3784860557768924,223,251,251,0,0,0
human_nontata_promoters,j_lt_0p1,28847,18206,0.0147368423640728,0,0,1,187.0,0.4642857142857143,0.46613545816733065,252,251,251,0,0,0
human_nontata_promoters,j_lt_0p1,28804,10700,0.010395010001957417,0,0,0,233.5,0.43636363636363634,0.47808764940239046,275,251,251,0,0,0
human_nontata_promoters,j_lt_0p1,28861,21217,0.0021367522422224283,0,0,1,229.5,0.4633333333333333,0.5537848605577689,300,251,251,0,0,0
human_nontata_promoters,j_lt_0p1,28881,13625,0.017094017937779427,0,0,1,268.5,0.512280701754386,0.5816733067729084,285,251,251,0,0,0
human_nontata_promoters,j_lt_0p1,28697,15767,0.0042105261236429214,0,0,1,180.5,0.4249084249084249,0.46215139442231074,273,251,251,0,0,0
human_nontata_promoters,j_lt_0p1,28769,13306,0.0,0,0,1,187.5,0.4158730158730159,0.5219123505976095,315,251,251,0,0,0
human_nontata_promoters,j_lt_0p1,28704,4313,0.0,0,0,0,173.0,0.4377224199288256,0.4900398406374502,281,251,251,0,0,0
human_nontata_promoters,j_lt_0p1,29042,12953,0.0,0,0,1,57.0,0.42045454545454547,0.14741035856573706,88,251,251,0,0,0
human_nontata_promoters,j_lt_0p1,28706,15361,0.0020703934133052826,0,0,1,206.0,0.46619217081850534,0.5219123505976095,281,251,251,0,0,0
human_nontata_promoters,j_lt_0p1,28950,4429,0.0,0,0,0,181.5,0.40594059405940597,0.4900398406374502,303,251,251,0,0,0
human_nontata_promoters,j_lt_0p1,28743,10358,0.004140786826610565,0,0,0,171.5,0.4006849315068493,0.46613545816733065,292,251,251,0,0,0
human_nontata_promoters,j_lt_0p1,28898,19309,0.0021186440717428923,0,0,1,320.0,0.5053003533568905,0.5697211155378487,283,251,251,0,0,0
human_nontata_promoters,j_lt_0p1,28959,19533,0.010570824146270752,0,0,1,150.5,0.3804347826086957,0.41832669322709165,276,251,251,0,0,0
human_nontata_promoters,j_lt_0p1,28727,7998,0.0,0,0,0,234.0,0.45364238410596025,0.545816733067729,302,251,251,0,0,0
human_nontata_promoters,j_lt_0p1,28790,22767,0.00206611561588943,0,0,1,193.0,0.4041095890410959,0.4701195219123506,292,251,251,0,0,0
human_nontata_promoters,j_lt_0p1,28835,6072,0.0,0,0,0,178.0,0.4241379310344828,0.4900398406374502,290,251,251,0,0,0
human_nontata_promoters,j_lt_0p1,28858,16836,0.0021834061481058598,0,0,1,207.0,0.4729241877256318,0.5219123505976095,277,251,251,0,0,0
human_nontata_promoters,j_lt_0p1,29039,4188,0.002061855746433139,0,0,0,214.5,0.40418118466898956,0.46215139442231074,287,251,251,0,0,0
human_nontata_promoters,j_lt_0p1,28717,26202,0.0021052630618214607,0,0,1,235.0,0.45918367346938777,0.5378486055776892,294,251,251,0,0,0
human_nontata_promoters,j_lt_0p1,29044,14135,0.008350730873644352,0,0,1,230.5,0.4729241877256318,0.5219123505976095,277,251,251,0,0,0
human_nontata_promoters,j_lt_0p1,28821,22615,0.0021008404437452555,0,0,1,187.0,0.4591439688715953,0.4701195219123506,257,251,251,0,0,0
human_nontata_promoters,j_lt_0p1,28869,12472,0.002057613106444478,0,0,1,117.5,0.3492647058823529,0.3784860557768924,272,251,251,0,0,0
human_nontata_promoters,j_lt_0p1,29005,9886,0.0,0,0,0,150.5,0.398576512455516,0.44621513944223107,281,251,251,0,0,0
human_nontata_promoters,j_lt_0p1,28813,16719,0.0,0,0,1,203.5,0.4542372881355932,0.5338645418326693,295,251,251,0,0,0
human_nontata_promoters,j_lt_0p1,28862,20460,0.00828157365322113,0,0,1,188.5,0.39672131147540984,0.4820717131474104,305,251,251,0,0,0
human_nontata_promoters,j_lt_0p1,29091,20723,0.0,0,0,1,107.0,0.34519572953736655,0.38645418326693226,281,251,251,0,0,0
human_nontata_promoters,j_lt_0p1,29056,12812,0.0,0,0,1,145.5,0.370253164556962,0.46613545816733065,316,251,251,0,0,0
human_nontata_promoters,j_lt_0p1,29014,16697,0.008368200622498989,0,0,1,150.0,0.375,0.4302788844621514,288,251,251,0,0,0
human_nontata_promoters,j_lt_0p1,29075,3577,0.0,0,0,0,279.0,0.48494983277591974,0.5776892430278885,299,251,251,0,0,0
human_nontata_promoters,j_lt_0p1,29084,22812,0.0063965884037315845,0,0,1,171.0,0.39864864864864863,0.4701195219123506,296,251,251,0,0,0
human_nontata_promoters,j_lt_0p1,28954,1634,0.002053388161584735,0,0,0,166.0,0.3814102564102564,0.47410358565737054,312,251,251,0,0,0
human_nontata_promoters,j_lt_0p1,28861,5863,0.0,0,0,0,120.0,0.4728682170542636,0.24302788844621515,129,251,251,0,0,0
human_nontata_promoters,j_lt_0p1,29088,19391,0.0,0,0,1,61.0,0.5555555555555556,0.099601593625498,45,251,251,0,0,0
human_nontata_promoters,j_lt_0p1,28701,7047,0.0,0,0,0,184.0,0.41403508771929826,0.4701195219123506,285,251,251,0,0,0
human_nontata_promoters,j_lt_0p1,28965,11225,0.0,0,0,0,191.0,0.48034934497816595,0.43824701195219123,229,251,251,0,0,0
human_nontata_promoters,j_lt_0p1,29053,23546,0.0,0,0,1,102.0,0.37606837606837606,0.350597609561753,234,251,251,0,0,0
human_nontata_promoters,j_lt_0p1,28798,15726,0.006289307959377766,0,0,1,178.0,0.4826254826254826,0.49800796812749004,259,251,251,0,0,0
human_nontata_promoters,j_lt_0p1,28952,3693,0.004115226212888956,0,0,0,239.0,0.4421052631578947,0.50199203187251,285,251,251,0,0,0
human_nontata_promoters,j_lt_0p1,28712,9868,0.0,0,0,0,145.5,0.42346938775510207,0.33067729083665337,196,251,251,0,0,0
human_nontata_promoters,j_lt_0p1,28712,16430,0.0020703934133052826,0,0,1,156.0,0.43529411764705883,0.2948207171314741,170,251,251,0,0,0
human_nontata_promoters,j_lt_0p1,28773,10081,0.002053388161584735,0,0,0,164.5,0.4351464435146444,0.41434262948207173,239,251,251,0,0,0
human_nontata_promoters,j_lt_0p1,28916,20990,0.0,0,0,1,141.5,0.3896551724137931,0.450199203187251,290,251,251,0,0,0
human_nontata_promoters,j_lt_0p1,28941,6503,0.004123711492866278,0,0,0,271.0,0.48905109489051096,0.5338645418326693,274,251,251,0,0,0
human_nontata_promoters,j_lt_0p1,28705,16140,0.0,0,0,1,199.5,0.42474916387959866,0.5059760956175299,299,251,251,0,0,0
human_nontata_promoters,j_lt_0p1,28715,17329,0.002061855746433139,0,0,1,224.5,0.49070631970260226,0.5258964143426295,269,251,251,0,0,0
human_nontata_promoters,j_lt_0p1,29068,16288,0.002061855746433139,0,0,1,164.5,0.34951456310679613,0.4302788844621514,309,251,251,0,0,0
human_nontata_promoters,j_lt_0p1,29042,26651,0.0,0,0,1,49.5,0.43209876543209874,0.1394422310756972,81,251,251,0,0,0
human_nontata_promoters,j_lt_0p1,28930,11966,0.0,0,0,0,178.0,0.44485294117647056,0.4820717131474104,272,251,251,0,0,0
human_nontata_promoters,j_lt_0p1,29033,1771,0.006289307959377766,0,0,0,258.0,0.46864686468646866,0.5657370517928287,303,251,251,0,0,0
human_nontata_promoters,j_lt_0p1,28972,21584,0.0020790020935237408,0,0,1,216.0,0.4486301369863014,0.5219123505976095,292,251,251,0,0,0
human_nontata_promoters,j_lt_0p1,28805,6988,0.00413223123177886,0,0,0,174.0,0.423728813559322,0.49800796812749004,295,251,251,0,0,0
human_nontata_promoters,j_lt_0p1,28977,10001,0.0,0,0,0,183.5,0.48847926267281105,0.42231075697211157,217,251,251,0,0,0
human_nontata_promoters,j_lt_0p1,28753,11083,0.0020790020935237408,0,0,0,185.0,0.44405594405594406,0.5059760956175299,286,251,251,0,0,0
human_nontata_promoters,j_lt_0p1,28895,15568,0.004123711492866278,0,0,1,181.0,0.4397163120567376,0.4940239043824701,282,251,251,0,0,0
human_nontata_promoters,j_lt_0p1,28836,23565,0.004347825888544321,0,0,1,168.5,0.4339622641509434,0.4581673306772908,265,251,251,0,0,0
human_nontata_promoters,j_lt_0p1,28914,19503,0.002109704539179802,0,0,1,81.0,0.3215686274509804,0.32669322709163345,255,251,251,0,0,0
human_nontata_promoters,j_lt_0p1,28789,4782,0.002061855746433139,0,0,0,207.0,0.41721854304635764,0.50199203187251,302,251,251,0,0,0
human_nontata_promoters,j_lt_0p1,28731,26776,0.01252609584480524,0,0,1,186.0,0.45993031358885017,0.5258964143426295,287,251,251,0,0,0
human_nontata_promoters,j_lt_0p1,28860,474,0.0,0,0,0,177.5,0.44802867383512546,0.49800796812749004,279,251,251,0,0,0
human_nontata_promoters,j_lt_0p1,28961,6636,0.012605042196810246,0,0,0,228.5,0.42857142857142855,0.5139442231075697,301,251,251,0,0,0
human_nontata_promoters,j_lt_0p1,28750,23771,0.00413223123177886,0,0,1,167.0,0.4144486692015209,0.4342629482071713,263,251,251,0,0,0
human_nontata_promoters,j_lt_0p1,28922,3551,0.004149377811700106,0,0,0,196.5,0.45733788395904434,0.5338645418326693,293,251,251,0,0,0
human_nontata_promoters,j_lt_0p1,28783,11876,0.006237006280571222,0,0,0,210.0,0.47232472324723246,0.5099601593625498,271,251,251,0,0,0
human_nontata_promoters,j_lt_0p1,28985,26166,0.0020703934133052826,0,0,1,258.5,0.4931506849315068,0.5737051792828686,292,251,251,0,0,0
human_nontata_promoters,j_lt_0p1,28725,6787,0.004123711492866278,0,0,0,199.0,0.45907473309608543,0.5139442231075697,281,251,251,0,0,0
human_nontata_promoters,j_lt_0p1,28796,5144,0.012578615918755531,0,0,0,230.5,0.3961661341853035,0.4940239043824701,313,251,251,0,0,0
human_nontata_promoters,j_lt_0p1,28838,255,0.012500000186264515,0,0,0,238.0,0.4536082474226804,0.5258964143426295,291,251,251,0,0,0
human_nontata_promoters,j_lt_0p1,28703,17266,0.004140786826610565,0,0,1,190.0,0.46062992125984253,0.46613545816733065,254,251,251,0,0,0
human_nontata_promoters,j_lt_0p1,29017,19872,0.0,0,0,1,44.5,0.5,0.11553784860557768,58,251,251,0,0,0
human_nontata_promoters,j_lt_0p1,28832,22732,0.0,0,0,1,77.5,0.4731182795698925,0.1752988047808765,93,251,251,0,0,0
human_nontata_promoters,j_lt_0p1,28927,13474,0.004115226212888956,0,0,1,180.5,0.4479166666666667,0.5139442231075697,288,251,251,0,0,0
human_nontata_promoters,j_lt_0p1,28765,14280,0.0,0,0,1,223.5,0.4395973154362416,0.5219123505976095,298,251,251,0,0,0
human_nontata_promoters,j_lt_0p1,28959,26883,0.010615711100399494,0,0,1,151.0,0.4380952380952381,0.3665338645418327,210,251,251,0,0,0
human_nontata_promoters,j_lt_0p1,28743,17132,0.0,0,0,1,96.0,0.3274647887323944,0.3705179282868526,284,251,251,0,0,0
human_nontata_promoters,j_lt_0p1,28818,12434,0.0,0,0,1,232.0,0.4520547945205479,0.5258964143426295,292,251,251,0,0,0
human_nontata_promoters,j_lt_0p1,28837,23835,0.0,0,0,1,113.0,0.35051546391752575,0.4063745019920319,291,251,251,0,0,0
human_nontata_promoters,j_lt_0p1,28743,2633,0.00413223123177886,0,0,0,211.0,0.45104895104895104,0.5139442231075697,286,251,251,0,0,0
human_nontata_promoters,j_lt_0p1,28725,15098,0.0041580041870474815,0,0,1,175.5,0.4391891891891892,0.5179282868525896,296,251,251,0,0,0
human_nontata_promoters,j_lt_0p1,28929,1143,0.002053388161584735,0,0,0,208.0,0.4982078853046595,0.5537848605577689,279,251,251,0,0,0
human_nontata_promoters,j_lt_0p1,29078,16528,0.008316008374094963,0,0,1,247.0,0.45791245791245794,0.5418326693227091,297,251,251,0,0,0
human_nontata_promoters,j_lt_0p1,28959,11451,0.00626304792240262,0,0,0,198.0,0.3968253968253968,0.49800796812749004,315,251,251,0,0,0
human_nontata_promoters,j_lt_0p1,28895,10040,0.01252609584480524,0,0,0,228.5,0.44528301886792454,0.4701195219123506,265,251,251,0,0,0
human_nontata_promoters,j_lt_0p1,28832,8407,0.0,0,0,0,128.5,0.40344827586206894,0.46613545816733065,290,251,251,0,0,0
human_nontata_promoters,j_lt_0p1,29072,18774,0.004123711492866278,0,0,1,74.0,0.4647887323943662,0.13147410358565736,71,251,251,0,0,0
human_nontata_promoters,j_lt_0p1,28977,5386,0.002057613106444478,0,0,0,165.5,0.4261744966442953,0.5059760956175299,298,251,251,0,0,0
human_nontata_promoters,j_lt_0p1,28729,15164,0.00643776822835207,0,0,1,151.5,0.4772727272727273,0.3346613545816733,176,251,251,0,0,0
human_nontata_promoters,j_lt_0p1,28751,17230,0.004175365436822176,0,0,1,188.0,0.4036697247706422,0.5258964143426295,327,251,251,0,0,0
human_nontata_promoters,j_lt_0p1,28928,19362,0.0,0,0,1,183.5,0.4175084175084175,0.4940239043824701,297,251,251,0,0,0
human_nontata_promoters,j_lt_0p1,28827,14622,0.0,0,0,1,174.5,0.4233576642335766,0.46215139442231074,274,251,251,0,0,0
human_nontata_promoters,j_lt_0p1,28841,3411,0.002057613106444478,0,0,0,217.5,0.4785992217898833,0.4900398406374502,257,251,251,0,0,0
human_nontata_promoters,j_lt_0p1,29063,11137,0.00206611561588943,0,0,0,210.0,0.5019455252918288,0.5139442231075697,257,251,251,0,0,0
human_nontata_promoters,j_lt_0p1,28995,1581,0.0,0,0,0,211.0,0.4808362369337979,0.549800796812749,287,251,251,0,0,0
human_nontata_promoters,j_lt_0p1,28952,10093,0.0,0,0,0,248.0,0.49056603773584906,0.5179282868525896,265,251,251,0,0,0
human_nontata_promoters,j_lt_0p1,29001,7499,0.0020790020935237408,0,0,0,76.5,0.35377358490566035,0.29880478087649404,212,251,251,0,0,0
human_nontata_promoters,j_lt_0p1,29065,18863,0.0020703934133052826,0,0,1,234.0,0.47079037800687284,0.545816733067729,291,251,251,0,0,0
human_nontata_promoters,j_lt_0p1,28911,21881,0.0,0,0,1,165.5,0.4197952218430034,0.4900398406374502,293,251,251,0,0,0
human_nontata_promoters,j_lt_0p1,29041,18083,0.0,0,0,1,63.5,0.3881578947368421,0.2350597609561753,152,251,251,0,0,0
human_nontata_promoters,j_lt_0p1,28760,19130,0.0,0,0,1,148.5,0.3859060402684564,0.4581673306772908,298,251,251,0,0,0
human_nontata_promoters,j_lt_0p1,28807,13968,0.0,0,0,1,152.5,0.39622641509433965,0.41832669322709165,265,251,251,0,0,0
human_nontata_promoters,j_lt_0p1,28869,9304,0.0,0,0,0,172.5,0.4166666666666667,0.4581673306772908,276,251,251,0,0,0
human_nontata_promoters,j_lt_0p1,28894,14993,0.00626304792240262,0,0,1,207.0,0.4748201438848921,0.5258964143426295,278,251,251,0,0,0
human_nontata_promoters,j_lt_0p1,28817,2198,0.0,0,0,0,217.5,0.4820717131474104,0.4820717131474104,251,251,251,0,0,0
human_nontata_promoters,j_lt_0p1,28947,22639,0.0,0,0,1,141.0,0.4152823920265781,0.49800796812749004,301,251,251,0,0,0
human_nontata_promoters,j_lt_0p1,28820,8696,0.0,0,0,0,171.0,0.37992831541218636,0.42231075697211157,279,251,251,0,0,0
human_nontata_promoters,j_lt_0p1,28851,12925,0.0,0,0,1,189.5,0.453125,0.46215139442231074,256,251,251,0,0,0
human_nontata_promoters,j_lt_0p1,28952,7838,0.014705882407724857,0,0,0,186.5,0.43333333333333335,0.46613545816733065,270,251,251,0,0,0
human_nontata_promoters,j_lt_0p1,28823,5484,0.0,0,0,0,219.5,0.4482758620689655,0.46613545816733065,261,251,251,0,0,0
human_nontata_promoters,j_lt_0p1,28813,22842,0.0091116176918149,0,0,1,203.0,0.4365079365079365,0.43824701195219123,252,251,251,0,0,0
human_nontata_promoters,j_lt_0p1,29034,2188,0.0,0,0,0,210.5,0.47307692307692306,0.4900398406374502,260,251,251,0,0,0
human_nontata_promoters,j_lt_0p1,28757,4303,0.002053388161584735,0,0,0,156.5,0.4658385093167702,0.29880478087649404,161,251,251,0,0,0
human_nontata_promoters,j_lt_0p1,28972,7289,0.002061855746433139,0,0,0,204.5,0.4355400696864111,0.49800796812749004,287,251,251,0,0,0
human_nontata_promoters,j_lt_0p1,28900,1144,0.002061855746433139,0,0,0,160.5,0.38699690402476783,0.49800796812749004,323,251,251,0,0,0
human_nontata_promoters,j_lt_0p1,28973,2499,0.002053388161584735,0,0,0,206.0,0.4472843450479233,0.5577689243027888,313,251,251,0,0,0
human_nontata_promoters,j_lt_0p1,29081,13614,0.0,0,0,1,68.5,0.43037974683544306,0.13545816733067728,79,251,251,0,0,0
human_nontata_promoters,j_lt_0p1,28933,9084,0.006185567006468773,0,0,0,166.5,0.3857677902621723,0.4103585657370518,267,251,251,0,0,0
human_nontata_promoters,j_lt_0p1,28803,17319,0.016701461747288704,0,0,1,181.0,0.49572649572649574,0.46215139442231074,234,251,251,0,0,0
human_nontata_promoters,j_lt_0p1,28939,6105,0.006211180239915848,0,0,0,207.5,0.41237113402061853,0.47808764940239046,291,251,251,0,0,0
human_nontata_promoters,j_lt_0p1,28882,1312,0.0021052630618214607,0,0,0,201.5,0.4588235294117647,0.46613545816733065,255,251,251,0,0,0
human_nontata_promoters,j_lt_0p1,29041,2400,0.0,0,0,0,178.0,0.4618834080717489,0.4103585657370518,223,251,251,0,0,0
human_nontata_promoters,j_lt_0p1,28824,6733,0.002061855746433139,0,0,0,165.5,0.41605839416058393,0.4541832669322709,274,251,251,0,0,0
human_nontata_promoters,j_lt_0p1,28853,5238,0.0020790020935237408,0,0,0,222.5,0.45302013422818793,0.5378486055776892,298,251,251,0,0,0
human_nontata_promoters,j_lt_0p1,28964,13495,0.0,0,0,1,67.5,0.5285714285714286,0.14741035856573706,70,251,251,0,0,0
human_nontata_promoters,j_lt_0p1,28887,6302,0.00424628471955657,0,0,0,143.5,0.4185022026431718,0.3784860557768924,227,251,251,0,0,0
human_nontata_promoters,j_lt_0p1,28787,7987,0.010438413359224796,0,0,0,231.0,0.4697986577181208,0.5577689243027888,298,251,251,0,0,0
human_nontata_promoters,j_lt_0p1,28980,18831,0.0,0,0,1,93.5,0.45394736842105265,0.2749003984063745,152,251,251,0,0,0
human_nontata_promoters,j_lt_0p1,29013,22645,0.0,0,0,1,107.5,0.4811320754716981,0.20318725099601595,106,251,251,0,0,0
human_nontata_promoters,j_lt_0p1,28770,23938,0.002087682718411088,0,0,1,112.5,0.44525547445255476,0.24302788844621515,137,251,251,0,0,0
human_nontata_promoters,j_lt_0p1,28703,9367,0.004115226212888956,0,0,0,237.0,0.4746376811594203,0.5219123505976095,276,251,251,0,0,0
human_nontata_promoters,j_lt_0p1,28716,13232,0.00413223123177886,0,0,1,245.0,0.43870967741935485,0.5418326693227091,310,251,251,0,0,0
human_nontata_promoters,j_lt_0p1,28923,13830,0.008350730873644352,0,0,1,171.0,0.44366197183098594,0.50199203187251,284,251,251,0,0,0
human_nontata_promoters,j_lt_0p1,29039,7246,0.0,0,0,0,162.0,0.4155844155844156,0.38247011952191234,231,251,251,0,0,0
human_nontata_promoters,j_lt_0p1,28701,25185,0.0,0,0,1,217.5,0.4489795918367347,0.5258964143426295,294,251,251,0,0,0
human_nontata_promoters,j_lt_0p1,28747,12355,0.006198347080498934,0,0,1,212.5,0.45614035087719296,0.5179282868525896,285,251,251,0,0,0
human_nontata_promoters,j_lt_0p1,28999,14162,0.004310344811528921,0,0,1,66.5,0.33980582524271846,0.1394422310756972,103,251,251,0,0,0
human_nontata_promoters,j_lt_0p1,29088,25563,0.0,0,0,1,98.5,0.35051546391752575,0.4063745019920319,291,251,251,0,0,0
human_nontata_promoters,j_lt_0p1,28735,8835,0.0,0,0,0,215.5,0.4208860759493671,0.5298804780876494,316,251,251,0,0,0
human_nontata_promoters,j_lt_0p1,29020,12716,0.002057613106444478,0,0,1,204.5,0.4317343173431734,0.46613545816733065,271,251,251,0,0,0
human_nontata_promoters,j_lt_0p1,28886,16933,0.004282655194401741,0,0,1,212.5,0.4478114478114478,0.5298804780876494,297,251,251,0,0,0
human_nontata_promoters,j_lt_0p1,28939,24817,0.0,0,0,1,201.5,0.43157894736842106,0.4900398406374502,285,251,251,0,0,0
human_nontata_promoters,j_lt_0p1,29044,27082,0.0,0,0,1,65.0,0.4875,0.1553784860557769,80,251,251,0,0,0
human_nontata_promoters,j_lt_0p1,28943,10061,0.0,0,0,0,202.5,0.46494464944649444,0.50199203187251,271,251,251,0,0,0
human_nontata_promoters,j_lt_0p1,28767,6875,0.00206611561588943,0,0,0,199.0,0.4241379310344828,0.4900398406374502,290,251,251,0,0,0
human_nontata_promoters,j_lt_0p1,28864,1493,0.0021413275972008705,0,0,0,200.5,0.4551971326164875,0.5059760956175299,279,251,251,0,0,0
human_nontata_promoters,j_lt_0p1,28773,13515,0.0,0,0,1,170.5,0.38509316770186336,0.4940239043824701,322,251,251,0,0,0
human_nontata_promoters,j_lt_0p1,29062,26274,0.0,0,0,1,49.0,0.46296296296296297,0.099601593625498,54,251,251,0,0,0
human_nontata_promoters,j_lt_0p1,28708,19499,0.0,0,0,1,199.0,0.45714285714285713,0.44621513944223107,245,251,251,0,0,0
human_nontata_promoters,j_lt_0p1,28926,18342,0.0,0,0,1,174.5,0.44964028776978415,0.49800796812749004,278,251,251,0,0,0
human_nontata_promoters,j_lt_0p1,28812,8231,0.006451612804085016,0,0,0,202.5,0.3871951219512195,0.5059760956175299,328,251,251,0,0,0
human_nontata_promoters,j_lt_0p1,28704,2286,0.0020964359864592552,0,0,0,182.0,0.44649446494464945,0.4820717131474104,271,251,251,0,0,0
human_nontata_promoters,j_lt_0p1,28908,26040,0.0,0,0,1,210.5,0.4692982456140351,0.4262948207171315,228,251,251,0,0,0
human_nontata_promoters,j_lt_0p1,28865,26403,0.00643776822835207,0,0,1,195.5,0.44129554655870445,0.4342629482071713,247,251,251,0,0,0
human_nontata_promoters,j_lt_0p1,28930,15371,0.0,0,0,1,144.0,0.42570281124497994,0.42231075697211157,249,251,251,0,0,0
human_nontata_promoters,j_lt_0p1,28963,7176,0.016842104494571686,0,0,0,270.0,0.46283783783783783,0.545816733067729,296,251,251,0,0,0
human_nontata_promoters,j_lt_0p1,29035,6103,0.0041841003112494946,0,0,0,217.0,0.4782608695652174,0.4820717131474104,253,251,251,0,0,0
human_nontata_promoters,j_lt_0p1,28966,8507,0.004115226212888956,0,0,0,212.0,0.4778761061946903,0.4302788844621514,226,251,251,0,0,0
human_nontata_promoters,j_lt_0p1,28906,19623,0.006211180239915848,0,0,1,227.5,0.47333333333333333,0.5657370517928287,300,251,251,0,0,0
human_nontata_promoters,j_lt_0p1,28978,3614,0.0020964359864592552,0,0,0,189.0,0.3950617283950617,0.5099601593625498,324,251,251,0,0,0
human_nontata_promoters,j_lt_0p1,29030,25432,0.004175365436822176,0,0,1,151.5,0.3880597014925373,0.41434262948207173,268,251,251,0,0,0
human_nontata_promoters,j_lt_0p1,28698,2178,0.0,0,0,0,230.5,0.4513888888888889,0.5179282868525896,288,251,251,0,0,0
human_nontata_promoters,j_lt_0p1,28876,11772,0.0,0,0,0,207.0,0.46179401993355484,0.5537848605577689,301,251,251,0,0,0
human_nontata_promoters,j_lt_0p1,28889,7122,0.0,0,0,0,210.0,0.4163568773234201,0.44621513944223107,269,251,251,0,0,0
human_nontata_promoters,j_lt_0p1,28851,13049,0.00826446246355772,0,0,1,242.5,0.4340277777777778,0.49800796812749004,288,251,251,0,0,0
human_nontata_promoters,j_lt_0p1,29063,8122,0.0041841003112494946,0,0,0,213.0,0.4796380090497738,0.42231075697211157,221,251,251,0,0,0
human_nontata_promoters,j_lt_0p1,28779,2743,0.0,0,0,0,142.5,0.3554006968641115,0.4063745019920319,287,251,251,0,0,0
human_nontata_promoters,j_lt_0p1,29089,21868,0.0,0,0,1,122.0,0.3092485549132948,0.4262948207171315,346,251,251,0,0,0
human_nontata_promoters,j_lt_0p1,28724,11982,0.0,0,0,0,197.5,0.4709897610921502,0.549800796812749,293,251,251,0,0,0
human_nontata_promoters,j_lt_0p1,28817,17859,0.002053388161584735,0,0,1,197.0,0.43109540636042404,0.4860557768924303,283,251,251,0,0,0
human_nontata_promoters,j_lt_0p1,28830,6347,0.0020964359864592552,0,0,0,165.0,0.38127090301003347,0.4541832669322709,299,251,251,0,0,0
human_nontata_promoters,j_lt_0p1,29023,25995,0.0,0,0,1,126.0,0.4148148148148148,0.44621513944223107,270,251,251,0,0,0
human_nontata_promoters,j_lt_0p1,28963,4256,0.0,0,0,0,136.5,0.397212543554007,0.4541832669322709,287,251,251,0,0,0
human_nontata_promoters,j_lt_0p1,28938,18525,0.008298755623400211,0,0,1,169.0,0.45454545454545453,0.43824701195219123,242,251,251,0,0,0
human_nontata_promoters,j_lt_0p1,28791,2122,0.0,0,0,0,151.0,0.45685279187817257,0.35856573705179284,197,251,251,0,0,0
human_nontata_promoters,j_lt_0p1,28767,9778,0.006289307959377766,0,0,0,209.0,0.426056338028169,0.4820717131474104,284,251,251,0,0,0
human_nontata_promoters,j_lt_0p1,28975,12748,0.0,0,0,1,133.5,0.40476190476190477,0.3386454183266932,210,251,251,0,0,0
human_nontata_promoters,j_lt_0p1,29013,994,0.004149377811700106,0,0,0,145.5,0.40384615384615385,0.3346613545816733,208,251,251,0,0,0
human_nontata_promoters,j_lt_0p1,28859,7134,0.00413223123177886,0,0,0,148.0,0.39932885906040266,0.47410358565737054,298,251,251,0,0,0
human_nontata_promoters,j_lt_0p1,28722,4352,0.008298755623400211,0,0,0,222.5,0.41924398625429554,0.4860557768924303,291,251,251,0,0,0
human_nontata_promoters,j_lt_0p1,29026,8043,0.00413223123177886,0,0,0,177.5,0.43205574912891986,0.4940239043824701,287,251,251,0,0,0
human_nontata_promoters,j_lt_0p1,28941,5072,0.0,0,0,0,155.5,0.4163568773234201,0.44621513944223107,269,251,251,0,0,0
human_nontata_promoters,j_lt_0p1,28833,11344,0.0,0,0,0,212.0,0.45454545454545453,0.5378486055776892,297,251,251,0,0,0
human_nontata_promoters,j_lt_0p1,28957,5902,0.004149377811700106,0,0,0,225.5,0.4155844155844156,0.5099601593625498,308,251,251,0,0,0
human_nontata_promoters,j_lt_0p1,28909,4873,0.004140786826610565,0,0,0,181.0,0.4160839160839161,0.47410358565737054,286,251,251,0,0,0
human_nontata_promoters,j_lt_0p1,28914,20262,0.006224066484719515,0,0,1,172.0,0.4244604316546763,0.4701195219123506,278,251,251,0,0,0
human_nontata_promoters,j_lt_0p1,28862,2102,0.002057613106444478,0,0,0,289.5,0.5136186770428015,0.5258964143426295,257,251,251,0,0,0
human_nontata_promoters,j_lt_0p1,28764,16613,0.0020703934133052826,0,0,1,127.5,0.39195979899497485,0.3107569721115538,199,251,251,0,0,0
human_nontata_promoters,j_lt_0p1,28957,6210,0.00413223123177886,0,0,0,214.5,0.46179401993355484,0.5537848605577689,301,251,251,0,0,0
human_nontata_promoters,j_lt_0p1,28975,38,0.004175365436822176,0,0,0,176.5,0.38271604938271603,0.4940239043824701,324,251,251,0,0,0
human_nontata_promoters,j_lt_0p1,29046,21992,0.010504201985895634,0,0,1,213.0,0.47586206896551725,0.549800796812749,290,251,251,0,0,0
human_nontata_promoters,j_lt_0p1,28777,23841,0.0,0,0,1,221.5,0.49382716049382713,0.47808764940239046,243,251,251,0,0,0
human_nontata_promoters,j_lt_0p1,29044,3831,0.0,0,0,0,99.5,0.3620689655172414,0.3346613545816733,232,251,251,0,0,0
human_nontata_promoters,j_lt_0p1,29089,25965,0.0,0,0,1,39.0,0.625,0.05976095617529881,24,251,251,0,0,0
human_nontata_promoters,j_lt_0p1,28888,19132,0.010548523627221584,0,0,1,187.5,0.44554455445544555,0.5378486055776892,303,251,251,0,0,0
human_nontata_promoters,j_lt_0p1,29010,9286,0.0,0,0,0,188.0,0.4418604651162791,0.5298804780876494,301,251,251,0,0,0
human_nontata_promoters,j_lt_0p1,28892,12068,0.0,0,0,0,236.5,0.5076923076923077,0.5258964143426295,260,251,251,0,0,0
human_nontata_promoters,j_lt_0p1,28698,6276,0.006329114083200693,0,0,0,165.0,0.4059040590405904,0.43824701195219123,271,251,251,0,0,0
human_nontata_promoters,j_lt_0p1,28736,25870,0.0020703934133052826,0,0,1,190.5,0.48847926267281105,0.42231075697211157,217,251,251,0,0,0
human_nontata_promoters,j_lt_0p1,28867,14471,0.0,0,0,1,182.0,0.4180602006688963,0.49800796812749004,299,251,251,0,0,0
human_nontata_promoters,j_lt_0p1,28985,5291,0.004201680887490511,0,0,0,153.0,0.4166666666666667,0.47808764940239046,288,251,251,0,0,0
human_nontata_promoters,j_lt_0p1,29007,16418,0.0,0,0,1,89.5,0.5148514851485149,0.20717131474103587,101,251,251,0,0,0
human_nontata_promoters,j_lt_0p1,28973,22843,0.002057613106444478,0,0,1,119.0,0.35051546391752575,0.27091633466135456,194,251,251,0,0,0
human_nontata_promoters,j_lt_0p1,28994,24087,0.0041841003112494946,0,0,1,213.0,0.44370860927152317,0.5338645418326693,302,251,251,0,0,0
human_nontata_promoters,j_lt_0p1,28983,26970,0.002207505516707897,0,0,1,60.5,0.37142857142857144,0.1553784860557769,105,251,251,0,0,0
human_nontata_promoters,j_lt_0p1,28841,1139,0.012605042196810246,0,0,0,240.5,0.48,0.47808764940239046,250,251,251,0,0,0
human_nontata_promoters,j_lt_0p1,28772,3258,0.0,0,0,0,229.0,0.47635135135135137,0.5617529880478087,296,251,251,0,0,0
human_nontata_promoters,j_lt_0p1,28794,16577,0.014644351787865162,0,0,1,156.0,0.3904382470119522,0.3904382470119522,251,251,251,0,0,0
human_nontata_promoters,j_lt_0p1,28989,9850,0.0021052630618214607,0,0,0,166.5,0.4169611307420495,0.4701195219123506,283,251,251,0,0,0
human_nontata_promoters,j_lt_0p1,28766,17584,0.0021008404437452555,0,0,1,151.0,0.3822525597269625,0.44621513944223107,293,251,251,0,0,0
human_nontata_promoters,j_lt_0p1,28786,2405,0.010638297535479069,0,0,0,161.0,0.410958904109589,0.47808764940239046,292,251,251,0,0,0
human_nontata_promoters,j_lt_0p1,28805,19670,0.008333333767950535,0,0,1,207.0,0.4318936877076412,0.5179282868525896,301,251,251,0,0,0
human_nontata_promoters,j_lt_0p1,28984,8418,0.002074688905850053,0,0,0,149.0,0.40963855421686746,0.4063745019920319,249,251,251,0,0,0
human_nontata_promoters,j_lt_0p1,28946,4399,0.004115226212888956,0,0,0,183.5,0.44932432432432434,0.5298804780876494,296,251,251,0,0,0
human_nontata_promoters,j_lt_0p1,29039,14675,0.004219409078359604,0,0,1,86.5,0.3474576271186441,0.32669322709163345,236,251,251,0,0,0
human_nontata_promoters,j_lt_0p1,28967,16821,0.004166666883975267,0,0,1,175.0,0.46586345381526106,0.46215139442231074,249,251,251,0,0,0
human_nontata_promoters,j_lt_0p1,28776,2015,0.0,0,0,0,217.5,0.4594594594594595,0.47410358565737054,259,251,251,0,0,0
human_nontata_promoters,j_lt_0p1,28723,6701,0.0,0,0,0,176.5,0.41911764705882354,0.4541832669322709,272,251,251,0,0,0
human_nontata_promoters,j_lt_0p1,29033,21886,0.0,0,0,1,60.5,0.375,0.17928286852589642,120,251,251,0,0,0
human_nontata_promoters,j_lt_0p1,28981,1875,0.0,0,0,0,66.0,0.3953488372093023,0.20318725099601595,129,251,251,0,0,0
human_nontata_promoters,j_lt_0p1,28952,25126,0.002053388161584735,0,0,1,200.0,0.43727598566308246,0.4860557768924303,279,251,251,0,0,0
human_nontata_promoters,j_lt_0p1,28794,21242,0.0,0,0,1,159.5,0.4681818181818182,0.4103585657370518,220,251,251,0,0,0
human_nontata_promoters,j_lt_0p1,28987,4531,0.004175365436822176,0,0,0,206.0,0.41754385964912283,0.47410358565737054,285,251,251,0,0,0
human_nontata_promoters,j_lt_0p1,28912,14103,0.0,0,0,1,159.5,0.42857142857142855,0.50199203187251,294,251,251,0,0,0
human_nontata_promoters,j_lt_0p1,28871,22163,0.0,0,0,1,180.0,0.44357976653696496,0.4541832669322709,257,251,251,0,0,0
human_nontata_promoters,j_lt_0p1,29093,8178,0.002074688905850053,0,0,0,236.5,0.45517241379310347,0.5258964143426295,290,251,251,0,0,0
human_nontata_promoters,j_lt_0p1,28758,17685,0.004140786826610565,0,0,1,152.5,0.3959731543624161,0.4701195219123506,298,251,251,0,0,0
human_nontata_promoters,j_lt_0p1,28899,10638,0.0021598271559923887,0,0,0,158.5,0.45416666666666666,0.4342629482071713,240,251,251,0,0,0
human_nontata_promoters,j_lt_0p1,28863,16186,0.004140786826610565,0,0,1,199.5,0.47368421052631576,0.50199203187251,266,251,251,0,0,0
human_nontata_promoters,j_lt_0p1,28715,8949,0.008298755623400211,0,0,0,214.0,0.4444444444444444,0.5258964143426295,297,251,251,0,0,0
human_nontata_promoters,j_lt_0p1,28924,20208,0.0,0,0,1,78.0,0.33116883116883117,0.4063745019920319,308,251,251,0,0,0
human_nontata_promoters,j_lt_0p1,28744,13594,0.008333333767950535,0,0,1,184.5,0.4265232974910394,0.47410358565737054,279,251,251,0,0,0
human_nontata_promoters,j_lt_0p1,28899,4319,0.0,0,0,0,145.5,0.4357976653696498,0.44621513944223107,257,251,251,0,0,0
human_nontata_promoters,j_lt_0p1,28901,7505,0.004123711492866278,0,0,0,200.0,0.4641638225255973,0.5418326693227091,293,251,251,0,0,0
human_nontata_promoters,j_lt_0p1,29083,3335,0.00206611561588943,0,0,0,243.0,0.46551724137931033,0.5378486055776892,290,251,251,0,0,0
human_nontata_promoters,j_lt_0p1,28772,5279,0.004140786826610565,0,0,0,204.0,0.44876325088339225,0.5059760956175299,283,251,251,0,0,0
human_nontata_promoters,j_lt_0p1,28864,20807,0.0,0,0,1,103.5,0.2674772036474164,0.350597609561753,329,251,251,0,0,0
human_nontata_promoters,j_lt_0p1,29031,7438,0.0041928719729185104,0,0,0,215.0,0.4792626728110599,0.41434262948207173,217,251,251,0,0,0
human_nontata_promoters,j_lt_0p1,29070,1776,0.0020833334419876337,0,0,0,245.5,0.460431654676259,0.5099601593625498,278,251,251,0,0,0
human_nontata_promoters,j_lt_0p1,29096,4545,0.002087682718411088,0,0,0,161.0,0.3952702702702703,0.46613545816733065,296,251,251,0,0,0
human_nontata_promoters,j_lt_0p1,28996,6202,0.0,0,0,0,167.0,0.3806228373702422,0.43824701195219123,289,251,251,0,0,0
human_nontata_promoters,j_lt_0p1,28776,3775,0.002053388161584735,0,0,0,218.5,0.47474747474747475,0.5617529880478087,297,251,251,0,0,0
human_nontata_promoters,j_lt_0p1,28957,985,0.0020703934133052826,0,0,0,125.5,0.428,0.4262948207171315,250,251,251,0,0,0
human_nontata_promoters,j_lt_0p1,29046,18112,0.0,0,0,1,55.0,0.3575757575757576,0.2350597609561753,165,251,251,0,0,0
human_nontata_promoters,j_lt_0p1,28955,20168,0.014583333395421505,0,0,1,257.0,0.4854014598540146,0.5298804780876494,274,251,251,0,0,0
human_nontata_promoters,j_lt_0p1,28997,17891,0.004123711492866278,0,0,1,199.5,0.4423791821561338,0.47410358565737054,269,251,251,0,0,0
human_nontata_promoters,j_lt_0p1,28764,26012,0.0021413275972008705,0,0,1,87.5,0.31983805668016196,0.3147410358565737,247,251,251,0,0,0
human_nontata_promoters,j_lt_0p1,28865,17146,0.0,0,0,1,198.0,0.45384615384615384,0.4701195219123506,260,251,251,0,0,0
human_nontata_promoters,j_lt_0p1,28888,1192,0.006224066484719515,0,0,0,243.0,0.4847328244274809,0.5059760956175299,262,251,251,0,0,0
human_nontata_promoters,j_lt_0p1,29092,17700,0.0020703934133052826,0,0,1,122.0,0.39357429718875503,0.3904382470119522,249,251,251,0,0,0
human_nontata_promoters,j_lt_0p1,28910,18571,0.0,0,0,1,107.0,0.40671641791044777,0.4342629482071713,268,251,251,0,0,0
human_nontata_promoters,j_lt_0p1,28856,21511,0.006237006280571222,0,0,1,209.5,0.47157190635451507,0.5617529880478087,299,251,251,0,0,0
human_nontata_promoters,j_lt_0p1,28957,12646,0.0,0,0,1,128.0,0.4124087591240876,0.450199203187251,274,251,251,0,0,0
human_nontata_promoters,j_lt_0p1,28779,16699,0.00206611561588943,0,0,1,152.0,0.3790849673202614,0.46215139442231074,306,251,251,0,0,0
human_nontata_promoters,j_lt_0p1,29081,8737,0.015021459199488163,0,0,0,252.5,0.5037878787878788,0.5298804780876494,264,251,251,0,0,0
human_nontata_promoters,j_lt_0p1,28885,11836,0.0020703934133052826,0,0,0,164.0,0.40344827586206894,0.46613545816733065,290,251,251,0,0,0
human_nontata_promoters,j_lt_0p1,28785,5817,0.004123711492866278,0,0,0,161.0,0.47391304347826085,0.4342629482071713,230,251,251,0,0,0
human_nontata_promoters,j_lt_0p1,28921,9795,0.002074688905850053,0,0,0,183.0,0.45454545454545453,0.43824701195219123,242,251,251,0,0,0
human_nontata_promoters,j_lt_0p1,28883,11103,0.0,0,0,0,181.0,0.444,0.44223107569721115,250,251,251,0,0,0
human_nontata_promoters,j_lt_0p1,28705,473,0.002061855746433139,0,0,0,184.5,0.47577092511013214,0.4302788844621514,227,251,251,0,0,0
human_nontata_promoters,j_lt_0p1,29049,10038,0.006211180239915848,0,0,0,176.5,0.42810457516339867,0.5219123505976095,306,251,251,0,0,0
human_nontata_promoters,j_lt_0p1,28759,8103,0.0,0,0,0,190.0,0.4,0.43824701195219123,275,251,251,0,0,0
human_nontata_promoters,j_lt_0p1,28931,21657,0.0,0,0,1,44.0,0.4864864864864865,0.07171314741035857,37,251,251,0,0,0
human_nontata_promoters,j_lt_0p1,28742,24370,0.0,0,0,1,166.5,0.3779264214046823,0.450199203187251,299,251,251,0,0,0
human_nontata_promoters,j_lt_0p1,28744,21475,0.002061855746433139,0,0,1,183.5,0.4318181818181818,0.4541832669322709,264,251,251,0,0,0
human_nontata_promoters,j_lt_0p1,28858,6836,0.0,0,0,0,178.5,0.3979591836734694,0.46613545816733065,294,251,251,0,0,0
human_nontata_promoters,j_lt_0p1,29067,19803,0.002053388161584735,0,0,1,201.0,0.4463087248322148,0.5298804780876494,298,251,251,0,0,0
human_nontata_promoters,j_lt_0p1,28798,788,0.00206611561588943,0,0,0,248.5,0.416403785488959,0.5258964143426295,317,251,251,0,0,0
human_nontata_promoters,j_lt_0p1,28740,23328,0.0,0,0,1,181.5,0.46774193548387094,0.46215139442231074,248,251,251,0,0,0
human_nontata_promoters,j_lt_0p1,28904,869,0.0,0,0,0,249.5,0.45751633986928103,0.5577689243027888,306,251,251,0,0,0
human_nontata_promoters,j_lt_0p1,28705,15979,0.0062500000931322575,0,0,1,162.0,0.3654485049833887,0.43824701195219123,301,251,251,0,0,0
human_nontata_promoters,j_lt_0p1,28710,26974,0.004166666883975267,0,0,1,171.5,0.41114982578397213,0.4701195219123506,287,251,251,0,0,0
human_nontata_promoters,j_lt_0p1,28951,23151,0.004115226212888956,0,0,1,158.0,0.42738589211618255,0.4103585657370518,241,251,251,0,0,0
human_nontata_promoters,j_lt_0p1,28874,15653,0.00849256943911314,0,0,1,189.5,0.3783783783783784,0.44621513944223107,296,251,251,0,0,0
human_nontata_promoters,j_lt_0p1,28862,23763,0.00206611561588943,0,0,1,195.0,0.4703703703703704,0.5059760956175299,270,251,251,0,0,0
human_nontata_promoters,j_lt_0p1,28875,21437,0.004357298370450735,0,0,1,194.5,0.4479166666666667,0.5139442231075697,288,251,251,0,0,0
human_nontata_promoters,j_lt_0p1,28941,21585,0.0,0,0,1,101.5,0.4322916666666667,0.33067729083665337,192,251,251,0,0,0
human_nontata_promoters,j_lt_0p1,28883,331,0.006237006280571222,0,0,0,228.0,0.43728813559322033,0.5139442231075697,295,251,251,0,0,0
human_nontata_promoters,j_lt_0p1,28833,4818,0.0022573363967239857,0,0,0,165.0,0.48880597014925375,0.5219123505976095,268,251,251,0,0,0
human_nontata_promoters,j_lt_0p1,28831,11687,0.0,0,0,0,125.5,0.3951048951048951,0.450199203187251,286,251,251,0,0,0
human_nontata_promoters,j_lt_0p1,28944,9780,0.008438818156719208,0,0,0,146.5,0.4157303370786517,0.44223107569721115,267,251,251,0,0,0
human_nontata_promoters,j_lt_0p1,28958,892,0.0020920501556247473,0,0,0,185.0,0.42857142857142855,0.4302788844621514,252,251,251,0,0,0
human_nontata_promoters,j_lt_0p1,28919,6272,0.004115226212888956,0,0,0,195.0,0.4019933554817276,0.4820717131474104,301,251,251,0,0,0
human_nontata_promoters,j_lt_0p1,28757,26856,0.0,0,0,1,114.5,0.3633217993079585,0.41832669322709165,289,251,251,0,0,0
human_nontata_promoters,j_lt_0p1,29089,3771,0.0,0,0,0,241.5,0.445859872611465,0.5577689243027888,314,251,251,0,0,0
human_nontata_promoters,j_lt_0p1,29021,5776,0.002053388161584735,0,0,0,177.5,0.4160839160839161,0.47410358565737054,286,251,251,0,0,0
human_nontata_promoters,j_lt_0p1,29031,14014,0.004201680887490511,0,0,1,121.0,0.3952569169960474,0.398406374501992,253,251,251,0,0,0
human_nontata_promoters,j_lt_0p1,29048,22483,0.0,0,0,1,62.5,0.3674418604651163,0.3147410358565737,215,251,251,0,0,0
human_nontata_promoters,j_lt_0p1,28999,24848,0.00626304792240262,0,0,1,171.5,0.5378787878787878,0.28286852589641437,132,251,251,0,0,0
human_nontata_promoters,j_lt_0p1,29087,4301,0.0,0,0,0,119.5,0.3881278538812785,0.3386454183266932,219,251,251,0,0,0
human_nontata_promoters,j_lt_0p1,29062,17869,0.0,0,0,1,74.5,0.3416666666666667,0.32669322709163345,240,251,251,0,0,0
human_nontata_promoters,j_lt_0p1,28934,19621,0.0,0,0,1,58.5,0.3743016759776536,0.26693227091633465,179,251,251,0,0,0
human_nontata_promoters,j_lt_0p1,28786,27053,0.0020703934133052826,0,0,1,182.5,0.48223350253807107,0.3784860557768924,197,251,251,0,0,0
human_nontata_promoters,j_lt_0p1,28918,21116,0.0,0,0,1,164.0,0.3939393939393939,0.46613545816733065,297,251,251,0,0,0
human_nontata_promoters,j_lt_0p1,28997,24842,0.0020833334419876337,0,0,1,157.0,0.42660550458715596,0.3705179282868526,218,251,251,0,0,0
human_nontata_promoters,j_lt_0p1,28707,18798,0.0,0,0,1,180.0,0.4426751592356688,0.5537848605577689,314,251,251,0,0,0
human_nontata_promoters,j_lt_0p1,28965,16924,0.00826446246355772,0,0,1,182.0,0.39372822299651566,0.450199203187251,287,251,251,0,0,0
human_nontata_promoters,j_lt_0p1,28821,26034,0.002074688905850053,0,0,1,162.0,0.3660377358490566,0.38645418326693226,265,251,251,0,0,0
human_nontata_promoters,j_lt_0p1,28859,5691,0.0,0,0,0,108.5,0.39672131147540984,0.4820717131474104,305,251,251,0,0,0
human_nontata_promoters,j_lt_0p1,28754,9248,0.0,0,0,0,127.0,0.4469026548672566,0.40239043824701193,226,251,251,0,0,0
human_nontata_promoters,j_lt_0p1,28780,23368,0.010438413359224796,0,0,1,245.0,0.45918367346938777,0.5378486055776892,294,251,251,0,0,0
human_nontata_promoters,j_lt_0p1,28872,19761,0.0,0,0,1,109.0,0.3815261044176707,0.3784860557768924,249,251,251,0,0,0
human_nontata_promoters,j_lt_0p1,28932,2693,0.0,0,0,0,136.5,0.3969465648854962,0.41434262948207173,262,251,251,0,0,0
human_nontata_promoters,j_lt_0p1,28876,19038,0.0021052630618214607,0,0,1,201.5,0.4359861591695502,0.50199203187251,289,251,251,0,0,0
human_nontata_promoters,j_lt_0p1,29073,11514,0.002061855746433139,0,0,0,246.5,0.4652777777777778,0.5338645418326693,288,251,251,0,0,0
human_nontata_promoters,j_lt_0p1,28783,694,0.008350730873644352,0,0,0,188.5,0.46938775510204084,0.4581673306772908,245,251,251,0,0,0
human_nontata_promoters,j_lt_0p1,28802,16526,0.002074688905850053,0,0,1,208.5,0.46923076923076923,0.4860557768924303,260,251,251,0,0,0
human_nontata_promoters,j_lt_0p1,28762,8027,0.002061855746433139,0,0,0,205.0,0.4681647940074906,0.49800796812749004,267,251,251,0,0,0
human_nontata_promoters,j_lt_0p1,29049,22897,0.0,0,0,1,132.5,0.4197952218430034,0.4900398406374502,293,251,251,0,0,0
human_nontata_promoters,j_lt_0p1,28759,5117,0.010438413359224796,0,0,0,228.5,0.46366782006920415,0.5338645418326693,289,251,251,0,0,0
human_nontata_promoters,j_lt_0p1,28776,12389,0.01244813296943903,0,0,1,207.0,0.419672131147541,0.5099601593625498,305,251,251,0,0,0
human_nontata_promoters,j_lt_0p1,28919,8449,0.004123711492866278,0,0,0,146.5,0.4369747899159664,0.41434262948207173,238,251,251,0,0,0
human_nontata_promoters,j_lt_0p1,28936,18315,0.0,0,0,1,176.5,0.4297520661157025,0.41434262948207173,242,251,251,0,0,0
human_nontata_promoters,j_lt_0p1,28928,10145,0.002053388161584735,0,0,0,200.5,0.41846153846153844,0.5418326693227091,325,251,251,0,0,0
human_nontata_promoters,j_lt_0p1,28810,14439,0.0020703934133052826,0,0,1,149.0,0.3763837638376384,0.4063745019920319,271,251,251,0,0,0
human_nontata_promoters,j_lt_0p1,29032,7007,0.002109704539179802,0,0,0,145.0,0.37777777777777777,0.4063745019920319,270,251,251,0,0,0
human_nontata_promoters,j_lt_0p1,28955,10528,0.002053388161584735,0,0,0,223.5,0.4612676056338028,0.5219123505976095,284,251,251,0,0,0
human_nontata_promoters,j_lt_0p1,28995,2151,0.0,0,0,0,77.5,0.40939597315436244,0.24302788844621515,149,251,251,0,0,0
human_nontata_promoters,j_lt_0p1,29076,635,0.00206611561588943,0,0,0,91.0,0.4,0.3426294820717131,215,251,251,0,0,0
human_nontata_promoters,j_lt_0p1,28828,18210,0.002053388161584735,0,0,1,210.0,0.4581818181818182,0.50199203187251,275,251,251,0,0,0
human_nontata_promoters,j_lt_0p1,28836,4090,0.0021645021624863148,0,0,0,175.0,0.4249084249084249,0.46215139442231074,273,251,251,0,0,0
human_nontata_promoters,j_lt_0p1,28779,9938,0.0,0,0,0,90.5,0.36977491961414793,0.4581673306772908,311,251,251,0,0,0
human_nontata_promoters,j_lt_0p1,28932,1942,0.004115226212888956,0,0,0,147.5,0.33447098976109213,0.3904382470119522,293,251,251,0,0,0
human_nontata_promoters,j_lt_0p1,28959,1929,0.0020790020935237408,0,0,0,182.0,0.4359861591695502,0.50199203187251,289,251,251,0,0,0
human_nontata_promoters,j_lt_0p1,28803,25103,0.0,0,0,1,242.0,0.5017921146953405,0.5577689243027888,279,251,251,0,0,0
human_nontata_promoters,j_lt_0p1,29057,21818,0.0,0,0,1,86.0,0.3987341772151899,0.250996015936255,158,251,251,0,0,0
human_nontata_promoters,j_lt_0p1,28908,26064,0.01244813296943903,0,0,1,219.0,0.4169278996865204,0.5298804780876494,319,251,251,0,0,0
human_nontata_promoters,j_lt_0p1,28820,3046,0.0,0,0,0,142.0,0.4322033898305085,0.4063745019920319,236,251,251,0,0,0
human_nontata_promoters,j_lt_0p1,28779,20403,0.0020790020935237408,0,0,1,215.0,0.42295081967213116,0.5139442231075697,305,251,251,0,0,0
human_nontata_promoters,j_lt_0p1,28801,8385,0.004149377811700106,0,0,0,141.0,0.4356060606060606,0.4581673306772908,264,251,251,0,0,0
human_nontata_promoters,j_lt_0p1,28920,12136,0.0,0,0,0,126.0,0.40069686411149824,0.4581673306772908,287,251,251,0,0,0
human_nontata_promoters,j_lt_0p1,28985,24474,0.0020703934133052826,0,0,1,228.0,0.4982456140350877,0.5657370517928287,285,251,251,0,0,0
human_nontata_promoters,j_lt_0p1,28716,13275,0.002061855746433139,0,0,1,209.5,0.4387755102040816,0.5139442231075697,294,251,251,0,0,0
human_nontata_promoters,j_lt_0p1,28795,904,0.008403361774981022,0,0,0,184.0,0.40492957746478875,0.4581673306772908,284,251,251,0,0,0
human_nontata_promoters,j_lt_0p1,28959,8764,0.0021321962121874094,0,0,0,174.5,0.3867595818815331,0.44223107569721115,287,251,251,0,0,0
human_nontata_promoters,j_lt_0p1,28836,19803,0.0,0,0,1,163.0,0.38436482084690554,0.4701195219123506,307,251,251,0,0,0
human_nontata_promoters,j_lt_0p1,28788,3777,0.0,0,0,0,195.0,0.4096774193548387,0.5059760956175299,310,251,251,0,0,0
human_nontata_promoters,j_lt_0p1,28962,18137,0.0,0,0,1,112.0,0.3821138211382114,0.3745019920318725,246,251,251,0,0,0
human_nontata_promoters,j_lt_0p1,28976,22413,0.0,0,0,1,169.0,0.4463667820069204,0.5139442231075697,289,251,251,0,0,0
human_nontata_promoters,j_lt_0p1,28774,6350,0.0020703934133052826,0,0,0,232.0,0.432258064516129,0.5338645418326693,310,251,251,0,0,0
human_nontata_promoters,j_lt_0p1,29070,27069,0.0,0,0,1,99.5,0.4125560538116592,0.3665338645418327,223,251,251,0,0,0
human_nontata_promoters,j_lt_0p1,28998,23370,0.0,0,0,1,49.0,0.3357664233576642,0.18326693227091634,137,251,251,0,0,0
human_nontata_promoters,j_lt_0p1,28715,19622,0.0,0,0,1,202.5,0.42857142857142855,0.50199203187251,294,251,251,0,0,0
human_nontata_promoters,j_lt_0p1,28835,16836,0.0,0,0,1,114.0,0.3691588785046729,0.3147410358565737,214,251,251,0,0,0
human_nontata_promoters,j_lt_0p1,28949,16049,0.0062500000931322575,0,0,1,188.0,0.45387453874538747,0.4900398406374502,271,251,251,0,0,0
human_nontata_promoters,j_lt_0p1,28845,7339,0.0,0,0,0,220.5,0.4785714285714286,0.5338645418326693,280,251,251,0,0,0
human_nontata_promoters,j_lt_0p1,28839,15983,0.0,0,0,1,198.5,0.4509090909090909,0.4940239043824701,275,251,251,0,0,0
human_nontata_promoters,j_lt_0p1,29081,16464,0.0,0,0,1,50.5,0.8125,0.05179282868525897,16,251,251,0,0,0
human_nontata_promoters,j_lt_0p1,29071,126,0.010570824146270752,0,0,0,163.5,0.4316546762589928,0.47808764940239046,278,251,251,0,0,0
human_nontata_promoters,j_lt_0p1,28940,14395,0.0,0,0,1,131.5,0.4,0.3426294820717131,215,251,251,0,0,0
human_nontata_promoters,j_lt_0p1,29006,7259,0.002061855746433139,0,0,0,137.5,0.4051094890510949,0.44223107569721115,274,251,251,0,0,0
human_nontata_promoters,j_lt_0p1,28755,2271,0.004140786826610565,0,0,0,216.0,0.43521594684385384,0.5219123505976095,301,251,251,0,0,0
human_nontata_promoters,j_lt_0p1,28869,11010,0.0,0,0,0,216.5,0.47854785478547857,0.5776892430278885,303,251,251,0,0,0
human_nontata_promoters,j_lt_0p1,29019,11879,0.0,0,0,0,198.5,0.38926174496644295,0.46215139442231074,298,251,251,0,0,0
human_nontata_promoters,j_lt_0p1,29003,19324,0.0,0,0,1,66.5,0.33076923076923076,0.17131474103585656,130,251,251,0,0,0
human_nontata_promoters,j_lt_0p1,29174,2567,0.012474012561142445,0,0,0,199.0,0.41836734693877553,0.4900398406374502,294,251,251,0,0,0
human_nontata_promoters,j_lt_0p1,29480,27012,0.002506265649572015,0,0,1,265.0,0.5236363636363637,0.5737051792828686,275,251,251,0,0,0
human_nontata_promoters,j_lt_0p1,29205,3790,0.0,0,0,0,156.5,0.4476987447698745,0.4262948207171315,239,251,251,0,0,0
human_nontata_promoters,j_lt_0p1,29179,4473,0.016701461747288704,0,0,0,223.0,0.43050847457627117,0.5059760956175299,295,251,251,0,0,0
human_nontata_promoters,j_lt_0p1,29358,25218,0.002109704539179802,0,0,1,188.0,0.43252595155709345,0.49800796812749004,289,251,251,0,0,0
human_nontata_promoters,j_lt_0p1,29418,4709,0.0,0,0,0,173.0,0.43190661478599224,0.44223107569721115,257,251,251,0,0,0
human_nontata_promoters,j_lt_0p1,29224,15679,0.0,0,0,1,136.0,0.39591836734693875,0.38645418326693226,245,251,251,0,0,0
human_nontata_promoters,j_lt_0p1,29252,4779,0.01046025101095438,0,0,0,226.0,0.47101449275362317,0.5179282868525896,276,251,251,0,0,0
human_nontata_promoters,j_lt_0p1,29332,1609,0.0,0,0,0,118.5,0.3462897526501767,0.3904382470119522,283,251,251,0,0,0
human_nontata_promoters,j_lt_0p1,29189,4325,0.0,0,0,0,159.0,0.44680851063829785,0.50199203187251,282,251,251,0,0,0
human_nontata_promoters,j_lt_0p1,29152,7611,0.0,0,0,0,153.0,0.44664031620553357,0.450199203187251,253,251,251,0,0,0
human_nontata_promoters,j_lt_0p1,29164,12038,0.010438413359224796,0,0,0,182.5,0.3716012084592145,0.4900398406374502,331,251,251,0,0,0
human_nontata_promoters,j_lt_0p1,29459,7975,0.002053388161584735,0,0,0,183.5,0.4413793103448276,0.5099601593625498,290,251,251,0,0,0
human_nontata_promoters,j_lt_0p1,29247,25683,0.0020833334419876337,0,0,1,181.0,0.4752475247524752,0.38247011952191234,202,251,251,0,0,0
human_nontata_promoters,j_lt_0p1,29373,9294,0.00413223123177886,0,0,0,256.5,0.46774193548387094,0.5776892430278885,310,251,251,0,0,0
human_nontata_promoters,j_lt_0p1,29155,7067,0.0,0,0,0,220.5,0.4724137931034483,0.545816733067729,290,251,251,0,0,0
human_nontata_promoters,j_lt_0p1,29175,13123,0.0,0,0,1,134.0,0.4507042253521127,0.38247011952191234,213,251,251,0,0,0
human_nontata_promoters,j_lt_0p1,29213,6979,0.008350730873644352,0,0,0,225.5,0.49454545454545457,0.5418326693227091,275,251,251,0,0,0
human_nontata_promoters,j_lt_0p1,29218,20836,0.0,0,0,1,92.5,0.41040462427745666,0.28286852589641437,173,251,251,0,0,0
human_nontata_promoters,j_lt_0p1,29402,8592,0.0,0,0,0,159.0,0.39590443686006827,0.46215139442231074,293,251,251,0,0,0
human_nontata_promoters,j_lt_0p1,29129,1475,0.012578615918755531,0,0,0,186.5,0.3880597014925373,0.41434262948207173,268,251,251,0,0,0
human_nontata_promoters,j_lt_0p1,29307,4946,0.002057613106444478,0,0,0,205.0,0.42857142857142855,0.41832669322709165,245,251,251,0,0,0
human_nontata_promoters,j_lt_0p1,29136,677,0.00206611561588943,0,0,0,116.5,0.3250883392226148,0.3665338645418327,283,251,251,0,0,0
human_nontata_promoters,j_lt_0p1,29202,25401,0.0041580041870474815,0,0,1,101.5,0.34615384615384615,0.35856573705179284,260,251,251,0,0,0
human_nontata_promoters,j_lt_0p1,29238,9870,0.00626304792240262,0,0,0,243.5,0.4473684210526316,0.5418326693227091,304,251,251,0,0,0
human_nontata_promoters,j_lt_0p1,29245,11327,0.0,0,0,0,157.5,0.4189189189189189,0.4940239043824701,296,251,251,0,0,0
human_nontata_promoters,j_lt_0p1,29451,1068,0.0041580041870474815,0,0,0,140.0,0.4371859296482412,0.3466135458167331,199,251,251,0,0,0
human_nontata_promoters,j_lt_0p1,29440,2701,0.006211180239915848,0,0,0,255.5,0.4879725085910653,0.5657370517928287,291,251,251,0,0,0
human_nontata_promoters,j_lt_0p1,29401,3494,0.0,0,0,0,242.0,0.4174454828660436,0.5338645418326693,321,251,251,0,0,0
human_nontata_promoters,j_lt_0p1,29445,1504,0.0,0,0,0,185.0,0.42567567567567566,0.50199203187251,296,251,251,0,0,0
human_nontata_promoters,j_lt_0p1,29432,25007,0.0,0,0,1,162.5,0.39144736842105265,0.47410358565737054,304,251,251,0,0,0
human_nontata_promoters,j_lt_0p1,29129,5419,0.006507592275738716,0,0,0,173.5,0.464,0.46215139442231074,250,251,251,0,0,0
human_nontata_promoters,j_lt_0p1,29466,23826,0.002061855746433139,0,0,1,175.0,0.467680608365019,0.4900398406374502,263,251,251,0,0,0
human_nontata_promoters,j_lt_0p1,29128,14773,0.0,0,0,1,122.0,0.375886524822695,0.42231075697211157,282,251,251,0,0,0
human_nontata_promoters,j_lt_0p1,29314,17352,0.0,0,0,1,43.0,0.32941176470588235,0.11155378486055777,85,251,251,0,0,0
human_nontata_promoters,j_lt_0p1,29253,24862,0.0,0,0,1,48.0,0.5714285714285714,0.06374501992031872,28,251,251,0,0,0
human_nontata_promoters,j_lt_0p1,29119,25380,0.00413223123177886,0,0,1,158.5,0.4053030303030303,0.4262948207171315,264,251,251,0,0,0
human_nontata_promoters,j_lt_0p1,29256,24554,0.0,0,0,1,164.0,0.4308300395256917,0.4342629482071713,253,251,251,0,0,0
human_nontata_promoters,j_lt_0p1,29358,627,0.0,0,0,0,141.5,0.47651006711409394,0.28286852589641437,149,251,251,0,0,0
human_nontata_promoters,j_lt_0p1,29280,16224,0.0,0,0,1,127.0,0.4864864864864865,0.2868525896414343,148,251,251,0,0,0
human_nontata_promoters,j_lt_0p1,29420,673,0.0041841003112494946,0,0,0,91.0,0.370242214532872,0.4262948207171315,289,251,251,0,0,0
human_nontata_promoters,j_lt_0p1,29445,11027,0.00828157365322113,0,0,0,130.5,0.396078431372549,0.40239043824701193,255,251,251,0,0,0
human_nontata_promoters,j_lt_0p1,29160,10844,0.004140786826610565,0,0,0,183.5,0.4240506329113924,0.5338645418326693,316,251,251,0,0,0
human_nontata_promoters,j_lt_0p1,29100,4305,0.006224066484719515,0,0,0,217.0,0.45794392523364486,0.3904382470119522,214,251,251,0,0,0
human_nontata_promoters,j_lt_0p1,29273,21880,0.00206611561588943,0,0,1,200.5,0.43197278911564624,0.5059760956175299,294,251,251,0,0,0
human_nontata_promoters,j_lt_0p1,29134,10453,0.006211180239915848,0,0,0,151.0,0.397212543554007,0.4541832669322709,287,251,251,0,0,0
human_nontata_promoters,j_lt_0p1,29269,24432,0.008316008374094963,0,0,1,178.0,0.44569288389513106,0.47410358565737054,267,251,251,0,0,0
human_nontata_promoters,j_lt_0p1,29184,12074,0.002053388161584735,0,0,0,117.0,0.3774193548387097,0.46613545816733065,310,251,251,0,0,0
human_nontata_promoters,j_lt_0p1,29444,9140,0.006302521098405123,0,0,0,175.5,0.41638225255972694,0.4860557768924303,293,251,251,0,0,0
human_nontata_promoters,j_lt_0p1,29138,22456,0.0,0,0,1,229.0,0.43769968051118213,0.545816733067729,313,251,251,0,0,0
human_nontata_promoters,j_lt_0p1,29426,21142,0.0,0,0,1,58.0,0.39473684210526316,0.17928286852589642,114,251,251,0,0,0
human_nontata_promoters,j_lt_0p1,29158,21884,0.008385743945837021,0,0,1,210.0,0.43537414965986393,0.5099601593625498,294,251,251,0,0,0
human_nontata_promoters,j_lt_0p1,29440,11208,0.0042553190141916275,0,0,0,212.5,0.43042071197411,0.5298804780876494,309,251,251,0,0,0
human_nontata_promoters,j_lt_0p1,29490,21061,0.002053388161584735,0,0,1,231.0,0.43870967741935485,0.5418326693227091,310,251,251,0,0,0
human_nontata_promoters,j_lt_0p1,29424,11767,0.010482179932296276,0,0,0,214.0,0.4406779661016949,0.5179282868525896,295,251,251,0,0,0
human_nontata_promoters,j_lt_0p1,29143,13797,0.0,0,0,1,131.5,0.39090909090909093,0.3426294820717131,220,251,251,0,0,0
human_nontata_promoters,j_lt_0p1,29259,12682,0.004115226212888956,0,0,1,172.0,0.4271186440677966,0.50199203187251,295,251,251,0,0,0
human_nontata_promoters,j_lt_0p1,29341,19408,0.0020703934133052826,0,0,1,171.0,0.4096774193548387,0.5059760956175299,310,251,251,0,0,0
human_nontata_promoters,j_lt_0p1,29496,20183,0.011086474172770977,0,0,1,116.5,0.4098939929328622,0.46215139442231074,283,251,251,0,0,0
human_nontata_promoters,j_lt_0p1,29245,15426,0.002087682718411088,0,0,1,196.5,0.4807017543859649,0.545816733067729,285,251,251,0,0,0
human_nontata_promoters,j_lt_0p1,29394,4509,0.002053388161584735,0,0,0,235.0,0.39692307692307693,0.5139442231075697,325,251,251,0,0,0
human_nontata_promoters,j_lt_0p1,29140,10046,0.006185567006468773,0,0,0,194.5,0.42560553633217996,0.4900398406374502,289,251,251,0,0,0
human_nontata_promoters,j_lt_0p1,29275,5693,0.00206611561588943,0,0,0,151.0,0.38247011952191234,0.38247011952191234,251,251,251,0,0,0
human_nontata_promoters,j_lt_0p1,29410,13368,0.0,0,0,1,100.5,0.39631336405529954,0.3426294820717131,217,251,251,0,0,0
human_nontata_promoters,j_lt_0p1,29294,894,0.008438818156719208,0,0,0,200.5,0.451063829787234,0.42231075697211157,235,251,251,0,0,0
human_nontata_promoters,j_lt_0p1,29313,12035,0.0020790020935237408,0,0,0,210.0,0.4548611111111111,0.5219123505976095,288,251,251,0,0,0
human_nontata_promoters,j_lt_0p1,29195,22312,0.0,0,0,1,80.0,0.5,0.1752988047808765,88,251,251,0,0,0
human_nontata_promoters,j_lt_0p1,29264,26990,0.006211180239915848,0,0,1,200.5,0.40878378378378377,0.4820717131474104,296,251,251,0,0,0
human_nontata_promoters,j_lt_0p1,29277,6674,0.0020920501556247473,0,0,0,165.5,0.5112359550561798,0.36254980079681276,178,251,251,0,0,0
human_nontata_promoters,j_lt_0p1,29388,21424,0.0,0,0,1,64.5,0.33201581027667987,0.3346613545816733,253,251,251,0,0,0
human_nontata_promoters,j_lt_0p1,29108,8544,0.004149377811700106,0,0,0,199.0,0.4842105263157895,0.549800796812749,285,251,251,0,0,0
human_nontata_promoters,j_lt_0p1,29402,26823,0.0,0,0,1,169.0,0.3828125,0.3904382470119522,256,251,251,0,0,0
human_nontata_promoters,j_lt_0p1,29177,25962,0.010482179932296276,0,0,1,208.0,0.493006993006993,0.5617529880478087,286,251,251,0,0,0
human_nontata_promoters,j_lt_0p1,29489,25637,0.0,0,0,1,125.0,0.38735177865612647,0.3904382470119522,253,251,251,0,0,0
human_nontata_promoters,j_lt_0p1,29488,24409,0.002087682718411088,0,0,1,126.0,0.3300970873786408,0.4063745019920319,309,251,251,0,0,0
human_nontata_promoters,j_lt_0p1,29299,24236,0.0,0,0,1,114.5,0.38461538461538464,0.3784860557768924,247,251,251,0,0,0
human_nontata_promoters,j_lt_0p1,29285,19113,0.0,0,0,1,149.0,0.34810126582278483,0.43824701195219123,316,251,251,0,0,0
human_nontata_promoters,j_lt_0p1,29470,21022,0.008474576286971569,0,0,1,184.5,0.42412451361867703,0.4342629482071713,257,251,251,0,0,0
human_nontata_promoters,j_lt_0p1,29168,7736,0.004140786826610565,0,0,0,177.5,0.4105960264900662,0.4940239043824701,302,251,251,0,0,0
human_nontata_promoters,j_lt_0p1,29162,24593,0.0,0,0,1,85.5,0.32608695652173914,0.41832669322709165,322,251,251,0,0,0
human_nontata_promoters,j_lt_0p1,29452,24565,0.0,0,0,1,42.0,0.5757575757575758,0.07569721115537849,33,251,251,0,0,0
human_nontata_promoters,j_lt_0p1,29290,15503,0.0,0,0,1,160.0,0.43197278911564624,0.5059760956175299,294,251,251,0,0,0
human_nontata_promoters,j_lt_0p1,29169,21927,0.0,0,0,1,108.5,0.42134831460674155,0.29880478087649404,178,251,251,0,0,0
human_nontata_promoters,j_lt_0p1,29173,2286,0.0042105261236429214,0,0,0,190.5,0.44402985074626866,0.47410358565737054,268,251,251,0,0,0
human_nontata_promoters,j_lt_0p1,29171,11756,0.002057613106444478,0,0,0,202.5,0.44,0.5258964143426295,300,251,251,0,0,0
human_nontata_promoters,j_lt_0p1,29142,6624,0.002061855746433139,0,0,0,208.0,0.43234323432343236,0.5219123505976095,303,251,251,0,0,0
human_nontata_promoters,j_lt_0p1,29294,11863,0.0,0,0,0,181.0,0.41106719367588934,0.41434262948207173,253,251,251,0,0,0
human_nontata_promoters,j_lt_0p1,29266,17931,0.004264392424374819,0,0,1,141.5,0.3704918032786885,0.450199203187251,305,251,251,0,0,0
human_nontata_promoters,j_lt_0p1,29301,9349,0.0,0,0,0,206.0,0.49407114624505927,0.49800796812749004,253,251,251,0,0,0
human_nontata_promoters,j_lt_0p1,29306,1090,0.004123711492866278,0,0,0,174.0,0.45634920634920634,0.4581673306772908,252,251,251,0,0,0
human_nontata_promoters,j_lt_0p1,29142,26404,0.0,0,0,1,127.5,0.375,0.3107569721115538,208,251,251,0,0,0
human_nontata_promoters,j_lt_0p1,29286,18391,0.0021321962121874094,0,0,1,117.0,0.3888888888888889,0.3904382470119522,252,251,251,0,0,0
human_nontata_promoters,j_lt_0p1,29133,8088,0.0063157896511256695,0,0,0,213.5,0.40752351097178685,0.5179282868525896,319,251,251,0,0,0
human_nontata_promoters,j_lt_0p1,29239,10020,0.006185567006468773,0,0,0,160.5,0.4268292682926829,0.41832669322709165,246,251,251,0,0,0
human_nontata_promoters,j_lt_0p1,29322,8677,0.00413223123177886,0,0,0,226.5,0.46886446886446886,0.5099601593625498,273,251,251,0,0,0
human_nontata_promoters,j_lt_0p1,29320,24761,0.00206611561588943,0,0,1,96.5,0.37362637362637363,0.27091633466135456,182,251,251,0,0,0
human_nontata_promoters,j_lt_0p1,29137,9247,0.0,0,0,0,76.5,0.4318181818181818,0.15139442231075698,88,251,251,0,0,0
human_nontata_promoters,j_lt_0p1,29350,20221,0.00626304792240262,0,0,1,211.0,0.42394822006472493,0.5219123505976095,309,251,251,0,0,0
human_nontata_promoters,j_lt_0p1,29250,23582,0.006507592275738716,0,0,1,185.5,0.39568345323741005,0.43824701195219123,278,251,251,0,0,0
human_nontata_promoters,j_lt_0p1,29240,3908,0.004115226212888956,0,0,0,242.5,0.4913494809688581,0.5657370517928287,289,251,251,0,0,0
human_nontata_promoters,j_lt_0p1,29181,5028,0.0,0,0,0,198.5,0.4507042253521127,0.5099601593625498,284,251,251,0,0,0
human_nontata_promoters,j_lt_0p1,29141,26823,0.0,0,0,1,164.5,0.4452054794520548,0.5179282868525896,292,251,251,0,0,0
human_nontata_promoters,j_lt_0p1,29449,15388,0.00413223123177886,0,0,1,206.0,0.4444444444444444,0.5258964143426295,297,251,251,0,0,0
human_nontata_promoters,j_lt_0p1,29470,24149,0.012631579302251339,0,0,1,159.5,0.3831417624521073,0.398406374501992,261,251,251,0,0,0
human_nontata_promoters,j_lt_0p1,29279,2174,0.002061855746433139,0,0,0,218.5,0.4486301369863014,0.5219123505976095,292,251,251,0,0,0
human_nontata_promoters,j_lt_0p1,29251,26766,0.0,0,0,1,157.0,0.38926174496644295,0.46215139442231074,298,251,251,0,0,0
human_nontata_promoters,j_lt_0p1,29160,141,0.006198347080498934,0,0,0,234.0,0.4631578947368421,0.5258964143426295,285,251,251,0,0,0
human_nontata_promoters,j_lt_0p1,29253,9319,0.002053388161584735,0,0,0,159.0,0.3684210526315789,0.44621513944223107,304,251,251,0,0,0
human_nontata_promoters,j_lt_0p1,29373,8969,0.004140786826610565,0,0,0,202.5,0.41533546325878595,0.5179282868525896,313,251,251,0,0,0
human_nontata_promoters,j_lt_0p1,29260,24260,0.00413223123177886,0,0,1,150.5,0.423728813559322,0.49800796812749004,295,251,251,0,0,0
human_nontata_promoters,j_lt_0p1,29353,23103,0.0,0,0,1,103.5,0.35514018691588783,0.4541832669322709,321,251,251,0,0,0
human_nontata_promoters,j_lt_0p1,29331,1145,0.002057613106444478,0,0,0,176.5,0.4509090909090909,0.4940239043824701,275,251,251,0,0,0
human_nontata_promoters,j_lt_0p1,29267,11100,0.0,0,0,0,188.5,0.391304347826087,0.50199203187251,322,251,251,0,0,0
human_nontata_promoters,j_lt_0p1,29251,7771,0.012552301399409771,0,0,0,280.0,0.4682274247491639,0.5577689243027888,299,251,251,0,0,0
human_nontata_promoters,j_lt_0p1,29325,3700,0.002057613106444478,0,0,0,157.0,0.43157894736842106,0.4900398406374502,285,251,251,0,0,0
human_nontata_promoters,j_lt_0p1,29202,12411,0.0,0,0,1,66.0,0.4024390243902439,0.13147410358565736,82,251,251,0,0,0
human_nontata_promoters,j_lt_0p1,29134,26121,0.0,0,0,1,151.5,0.36619718309859156,0.41434262948207173,284,251,251,0,0,0
human_nontata_promoters,j_lt_0p1,29474,4643,0.008298755623400211,0,0,0,216.5,0.4411764705882353,0.41832669322709165,238,251,251,0,0,0
human_nontata_promoters,j_lt_0p1,29310,25010,0.0,0,0,1,152.5,0.4013840830449827,0.46215139442231074,289,251,251,0,0,0
human_nontata_promoters,j_lt_0p1,29237,16406,0.002061855746433139,0,0,1,153.5,0.3918918918918919,0.46215139442231074,296,251,251,0,0,0
human_nontata_promoters,j_lt_0p1,29294,18728,0.0,0,0,1,143.5,0.38127090301003347,0.4541832669322709,299,251,251,0,0,0
human_nontata_promoters,j_lt_0p1,29146,26366,0.0,0,0,1,130.0,0.4148471615720524,0.3784860557768924,229,251,251,0,0,0
human_nontata_promoters,j_lt_0p1,29197,15680,0.0062500000931322575,0,0,1,177.5,0.42045454545454547,0.44223107569721115,264,251,251,0,0,0
human_nontata_promoters,j_lt_0p1,29296,19927,0.0,0,0,1,67.5,0.4752475247524752,0.19123505976095617,101,251,251,0,0,0
human_nontata_promoters,j_lt_0p1,29314,5398,0.0,0,0,0,154.5,0.4087301587301587,0.4103585657370518,252,251,251,0,0,0
human_nontata_promoters,j_lt_0p1,29470,16402,0.0,0,0,1,211.5,0.43729903536977494,0.5418326693227091,311,251,251,0,0,0
human_nontata_promoters,j_lt_0p1,29257,10372,0.006211180239915848,0,0,0,142.0,0.37969924812030076,0.40239043824701193,266,251,251,0,0,0
human_nontata_promoters,j_lt_0p1,29294,2797,0.0,0,0,0,163.0,0.4230769230769231,0.43824701195219123,260,251,251,0,0,0
human_nontata_promoters,j_lt_0p1,29493,5979,0.0,0,0,0,158.0,0.3849056603773585,0.4063745019920319,265,251,251,0,0,0
human_nontata_promoters,j_lt_0p1,29165,21213,0.0,0,0,1,123.0,0.4306569343065693,0.4701195219123506,274,251,251,0,0,0
human_nontata_promoters,j_lt_0p1,29230,6387,0.006198347080498934,0,0,0,227.0,0.45985401459854014,0.50199203187251,274,251,251,0,0,0
human_nontata_promoters,j_lt_0p1,29213,20161,0.0,0,0,1,180.5,0.4628099173553719,0.44621513944223107,242,251,251,0,0,0
human_nontata_promoters,j_lt_0p1,29135,13617,0.010438413359224796,0,0,1,126.5,0.4125560538116592,0.3665338645418327,223,251,251,0,0,0
human_nontata_promoters,j_lt_0p1,29260,24147,0.0,0,0,1,83.5,0.352059925093633,0.3745019920318725,267,251,251,0,0,0
human_nontata_promoters,j_lt_0p1,29105,7903,0.00206611561588943,0,0,0,174.5,0.4,0.4541832669322709,285,251,251,0,0,0
human_nontata_promoters,j_lt_0p1,29382,7710,0.0,0,0,0,194.5,0.4395973154362416,0.5219123505976095,298,251,251,0,0,0
human_nontata_promoters,j_lt_0p1,29329,21441,0.002057613106444478,0,0,1,156.0,0.3689655172413793,0.4262948207171315,290,251,251,0,0,0
human_nontata_promoters,j_lt_0p1,29111,7071,0.0,0,0,0,231.0,0.45302013422818793,0.5378486055776892,298,251,251,0,0,0
human_nontata_promoters,j_lt_0p1,29433,15783,0.0,0,0,1,130.5,0.4603174603174603,0.3466135458167331,189,251,251,0,0,0
human_nontata_promoters,j_lt_0p1,29097,17669,0.0,0,0,1,30.5,0.5769230769230769,0.05976095617529881,26,251,251,0,0,0
human_nontata_promoters,j_lt_0p1,29448,8008,0.0,0,0,0,129.5,0.37623762376237624,0.4541832669322709,303,251,251,0,0,0
human_nontata_promoters,j_lt_0p1,29307,10257,0.006237006280571222,0,0,0,171.5,0.4166666666666667,0.4581673306772908,276,251,251,0,0,0
human_nontata_promoters,j_lt_0p1,29309,5152,0.0,0,0,0,168.0,0.4171974522292994,0.5219123505976095,314,251,251,0,0,0
human_nontata_promoters,j_lt_0p1,29288,4602,0.0,0,0,0,203.0,0.4444444444444444,0.47808764940239046,270,251,251,0,0,0
human_nontata_promoters,j_lt_0p1,29192,19461,0.0,0,0,1,101.5,0.34962406015037595,0.3705179282868526,266,251,251,0,0,0
human_nontata_promoters,j_lt_0p1,29232,6199,0.002061855746433139,0,0,0,183.5,0.392226148409894,0.44223107569721115,283,251,251,0,0,0
human_nontata_promoters,j_lt_0p1,29102,15673,0.0,0,0,1,144.5,0.35034013605442177,0.4103585657370518,294,251,251,0,0,0
human_nontata_promoters,j_lt_0p1,29480,18380,0.0042372881434857845,0,0,1,179.5,0.4304635761589404,0.5179282868525896,302,251,251,0,0,0
human_nontata_promoters,j_lt_0p1,29305,11339,0.004123711492866278,0,0,0,195.0,0.449438202247191,0.47808764940239046,267,251,251,0,0,0
human_nontata_promoters,j_lt_0p1,29293,25035,0.0,0,0,1,184.5,0.44787644787644787,0.46215139442231074,259,251,251,0,0,0
human_nontata_promoters,j_lt_0p1,29112,15303,0.0,0,0,1,122.0,0.35275080906148865,0.4342629482071713,309,251,251,0,0,0
human_nontata_promoters,j_lt_0p1,29377,26612,0.0,0,0,1,74.5,0.36477987421383645,0.23107569721115537,159,251,251,0,0,0
human_nontata_promoters,j_lt_0p1,29325,20246,0.0,0,0,1,135.0,0.3938053097345133,0.3545816733067729,226,251,251,0,0,0
human_nontata_promoters,j_lt_0p1,29107,24996,0.002074688905850053,0,0,1,191.5,0.38688524590163936,0.4701195219123506,305,251,251,0,0,0
human_nontata_promoters,j_lt_0p1,29377,379,0.00206611561588943,0,0,0,135.0,0.358695652173913,0.3944223107569721,276,251,251,0,0,0
human_nontata_promoters,j_lt_0p1,29393,1637,0.00826446246355772,0,0,0,227.0,0.4777777777777778,0.5139442231075697,270,251,251,0,0,0
human_nontata_promoters,j_lt_0p1,29140,13797,0.0,0,0,1,133.0,0.3719298245614035,0.42231075697211157,285,251,251,0,0,0
human_nontata_promoters,j_lt_0p1,29220,14884,0.0,0,0,1,137.0,0.4233576642335766,0.46215139442231074,274,251,251,0,0,0
human_nontata_promoters,j_lt_0p1,29397,7064,0.0,0,0,0,235.5,0.4726027397260274,0.549800796812749,292,251,251,0,0,0
human_nontata_promoters,j_lt_0p1,29147,14225,0.0,0,0,1,138.5,0.4230769230769231,0.3944223107569721,234,251,251,0,0,0
human_nontata_promoters,j_lt_0p1,29367,26611,0.0021367522422224283,0,0,1,95.0,0.36363636363636365,0.3346613545816733,231,251,251,0,0,0
human_nontata_promoters,j_lt_0p1,29463,26883,0.012793176807463169,0,0,1,205.5,0.45660377358490567,0.4820717131474104,265,251,251,0,0,0
human_nontata_promoters,j_lt_0p1,29262,16612,0.004175365436822176,0,0,1,165.5,0.42207792207792205,0.5179282868525896,308,251,251,0,0,0
human_nontata_promoters,j_lt_0p1,29194,16519,0.002061855746433139,0,0,1,249.0,0.4697986577181208,0.5577689243027888,298,251,251,0,0,0
human_nontata_promoters,j_lt_0p1,29099,3829,0.0,0,0,0,147.5,0.3829787234042553,0.4302788844621514,282,251,251,0,0,0
human_nontata_promoters,j_lt_0p1,29329,17249,0.0,0,0,1,164.5,0.3858520900321543,0.47808764940239046,311,251,251,0,0,0
human_nontata_promoters,j_lt_0p1,29334,6589,0.006237006280571222,0,0,0,214.5,0.4326241134751773,0.4860557768924303,282,251,251,0,0,0
human_nontata_promoters,j_lt_0p1,29117,13570,0.0,0,0,1,187.0,0.4387755102040816,0.5139442231075697,294,251,251,0,0,0
human_nontata_promoters,j_lt_0p1,29263,17752,0.006302521098405123,0,0,1,253.5,0.423728813559322,0.49800796812749004,295,251,251,0,0,0
human_nontata_promoters,j_lt_0p1,29450,4204,0.0041580041870474815,0,0,0,203.0,0.4782608695652174,0.4820717131474104,253,251,251,0,0,0
human_nontata_promoters,j_lt_0p1,29374,19679,0.0020920501556247473,0,0,1,48.5,0.3855421686746988,0.12749003984063745,83,251,251,0,0,0
human_nontata_promoters,j_lt_0p1,29138,12626,0.00206611561588943,0,0,1,210.0,0.458955223880597,0.4900398406374502,268,251,251,0,0,0
human_nontata_promoters,j_lt_0p1,29445,19957,0.0,0,0,1,127.0,0.3726235741444867,0.3904382470119522,263,251,251,0,0,0
human_nontata_promoters,j_lt_0p1,29234,9279,0.004140786826610565,0,0,0,176.0,0.481651376146789,0.41832669322709165,218,251,251,0,0,0
human_nontata_promoters,j_lt_0p1,29259,4711,0.0,0,0,0,261.5,0.4267515923566879,0.5338645418326693,314,251,251,0,0,0
human_nontata_promoters,j_lt_0p1,29135,24652,0.0,0,0,1,83.5,0.3611111111111111,0.2589641434262948,180,251,251,0,0,0
human_nontata_promoters,j_lt_0p1,29489,13500,0.0,0,0,1,183.5,0.4056603773584906,0.5139442231075697,318,251,251,0,0,0
human_nontata_promoters,j_lt_0p1,29399,17405,0.0,0,0,1,101.0,0.38207547169811323,0.32270916334661354,212,251,251,0,0,0
human_nontata_promoters,j_lt_0p1,29306,3350,0.002057613106444478,0,0,0,197.5,0.421455938697318,0.43824701195219123,261,251,251,0,0,0
human_nontata_promoters,j_lt_0p1,29101,21088,0.01046025101095438,0,0,1,257.0,0.45695364238410596,0.549800796812749,302,251,251,0,0,0
human_nontata_promoters,j_lt_0p1,29353,23947,0.0,0,0,1,66.0,0.36,0.17928286852589642,125,251,251,0,0,0
human_nontata_promoters,j_lt_0p1,29411,1683,0.010482179932296276,0,0,0,247.5,0.5175097276264592,0.5298804780876494,257,251,251,0,0,0
human_nontata_promoters,j_lt_0p1,29178,19957,0.004123711492866278,0,0,1,135.5,0.40454545454545454,0.3545816733067729,220,251,251,0,0,0
human_nontata_promoters,j_lt_0p1,29374,14261,0.0,0,0,1,45.5,0.6842105263157895,0.05179282868525897,19,251,251,0,0,0
human_nontata_promoters,j_lt_0p1,29229,5058,0.00206611561588943,0,0,0,187.0,0.46360153256704983,0.4820717131474104,261,251,251,0,0,0
human_nontata_promoters,j_lt_0p1,29364,4089,0.023255813866853714,0,0,0,261.0,0.4769736842105263,0.5776892430278885,304,251,251,0,0,0
human_nontata_promoters,j_lt_0p1,29358,5158,0.002053388161584735,0,0,0,203.5,0.44816053511705684,0.5338645418326693,299,251,251,0,0,0
human_nontata_promoters,j_lt_0p1,29336,8935,0.0,0,0,0,113.5,0.45077720207253885,0.3466135458167331,193,251,251,0,0,0
human_nontata_promoters,j_lt_0p1,29393,17948,0.0,0,0,1,98.0,0.38095238095238093,0.22310756972111553,147,251,251,0,0,0
human_nontata_promoters,j_lt_0p1,29177,18034,0.004123711492866278,0,0,1,217.0,0.4666666666666667,0.50199203187251,270,251,251,0,0,0
human_nontata_promoters,j_lt_0p1,29463,11339,0.002074688905850053,0,0,0,179.5,0.4312267657992565,0.46215139442231074,269,251,251,0,0,0
human_nontata_promoters,j_lt_0p1,29332,2409,0.008350730873644352,0,0,0,173.5,0.4240506329113924,0.5338645418326693,316,251,251,0,0,0
human_nontata_promoters,j_lt_0p1,29263,14467,0.0,0,0,1,129.5,0.42066420664206644,0.4541832669322709,271,251,251,0,0,0
human_nontata_promoters,j_lt_0p1,29352,25543,0.0,0,0,1,148.0,0.36531365313653136,0.3944223107569721,271,251,251,0,0,0
human_nontata_promoters,j_lt_0p1,29341,12717,0.0,0,0,1,138.0,0.3720136518771331,0.4342629482071713,293,251,251,0,0,0
human_nontata_promoters,j_lt_0p1,29097,20205,0.0041841003112494946,0,0,1,123.5,0.39543726235741444,0.41434262948207173,263,251,251,0,0,0
human_nontata_promoters,j_lt_0p1,29293,12689,0.0,0,0,1,139.5,0.41312741312741313,0.4262948207171315,259,251,251,0,0,0
human_nontata_promoters,j_lt_0p1,29268,25373,0.002074688905850053,0,0,1,200.5,0.4309210526315789,0.5219123505976095,304,251,251,0,0,0
human_nontata_promoters,j_lt_0p1,29411,3174,0.00626304792240262,0,0,0,212.5,0.46863468634686345,0.5059760956175299,271,251,251,0,0,0
human_nontata_promoters,j_lt_0p1,29221,5819,0.0,0,0,0,232.5,0.45517241379310347,0.5258964143426295,290,251,251,0,0,0
human_nontata_promoters,j_lt_0p1,29234,12170,0.0,0,0,0,196.0,0.4157303370786517,0.44223107569721115,267,251,251,0,0,0
human_nontata_promoters,j_lt_0p1,29452,9672,0.0062500000931322575,0,0,0,218.0,0.4647887323943662,0.5258964143426295,284,251,251,0,0,0
human_nontata_promoters,j_lt_0p1,29294,3988,0.0,0,0,0,184.5,0.46484375,0.47410358565737054,256,251,251,0,0,0
human_nontata_promoters,j_lt_0p1,29467,9133,0.004115226212888956,0,0,0,203.0,0.40683229813664595,0.5219123505976095,322,251,251,0,0,0
human_nontata_promoters,j_lt_0p1,29163,17416,0.006211180239915848,0,0,1,223.0,0.45,0.5378486055776892,300,251,251,0,0,0
human_nontata_promoters,j_lt_0p1,29266,12649,0.0,0,0,1,197.0,0.4090909090909091,0.50199203187251,308,251,251,0,0,0
human_nontata_promoters,j_lt_0p1,29278,20109,0.0,0,0,1,144.5,0.38144329896907214,0.44223107569721115,291,251,251,0,0,0
human_nontata_promoters,j_lt_0p1,29478,15495,0.002123142359778285,0,0,1,188.5,0.4603174603174603,0.46215139442231074,252,251,251,0,0,0
human_nontata_promoters,j_lt_0p1,29261,3335,0.004149377811700106,0,0,0,229.5,0.47101449275362317,0.5179282868525896,276,251,251,0,0,0
human_nontata_promoters,j_lt_0p1,29283,4348,0.0,0,0,0,84.0,0.4,0.2788844621513944,175,251,251,0,0,0
human_nontata_promoters,j_lt_0p1,29362,18737,0.00206611561588943,0,0,1,125.0,0.41312741312741313,0.4262948207171315,259,251,251,0,0,0
human_nontata_promoters,j_lt_0p1,29165,4909,0.0,0,0,0,208.5,0.47101449275362317,0.5179282868525896,276,251,251,0,0,0
human_nontata_promoters,j_lt_0p1,29276,9695,0.006198347080498934,0,0,0,220.5,0.463519313304721,0.4302788844621514,233,251,251,0,0,0
human_nontata_promoters,j_lt_0p1,29204,19940,0.0,0,0,1,90.0,0.4,0.23107569721115537,145,251,251,0,0,0
human_nontata_promoters,j_lt_0p1,29148,12233,0.0,0,0,0,55.5,0.35658914728682173,0.18326693227091634,129,251,251,0,0,0
human_nontata_promoters,j_lt_0p1,29112,25967,0.0,0,0,1,95.5,0.30606060606060603,0.40239043824701193,330,251,251,0,0,0
human_nontata_promoters,j_lt_0p1,29215,9147,0.002061855746433139,0,0,0,200.5,0.39747634069400634,0.50199203187251,317,251,251,0,0,0
human_nontata_promoters,j_lt_0p1,29439,14948,0.00424628471955657,0,0,1,131.0,0.4263157894736842,0.32270916334661354,190,251,251,0,0,0
human_nontata_promoters,j_lt_0p1,29363,12477,0.004175365436822176,0,0,1,139.0,0.45622119815668205,0.3944223107569721,217,251,251,0,0,0
human_nontata_promoters,j_lt_0p1,29294,6317,0.0,0,0,0,179.5,0.4280821917808219,0.49800796812749004,292,251,251,0,0,0
human_nontata_promoters,j_lt_0p1,29269,1038,0.006211180239915848,0,0,0,190.5,0.3926174496644295,0.46613545816733065,298,251,251,0,0,0
human_nontata_promoters,j_lt_0p1,29295,26570,0.008316008374094963,0,0,1,214.5,0.4070175438596491,0.46215139442231074,285,251,251,0,0,0
human_nontata_promoters,j_lt_0p1,29156,19860,0.0,0,0,1,188.0,0.4201954397394137,0.5139442231075697,307,251,251,0,0,0
human_nontata_promoters,j_lt_0p1,29231,19340,0.0,0,0,1,119.0,0.42346938775510207,0.33067729083665337,196,251,251,0,0,0
human_nontata_promoters,j_lt_0p1,29260,20272,0.004140786826610565,0,0,1,134.5,0.3575757575757576,0.4701195219123506,330,251,251,0,0,0
human_nontata_promoters,j_lt_0p1,29345,16589,0.0042372881434857845,0,0,1,148.0,0.37216828478964403,0.4581673306772908,309,251,251,0,0,0
human_nontata_promoters,j_lt_0p1,29263,12010,0.0020920501556247473,0,0,0,255.0,0.5073529411764706,0.549800796812749,272,251,251,0,0,0
human_nontata_promoters,j_lt_0p1,29271,5982,0.004149377811700106,0,0,0,197.0,0.43902439024390244,0.50199203187251,287,251,251,0,0,0
human_nontata_promoters,j_lt_0p1,29267,26567,0.0,0,0,1,125.5,0.3685897435897436,0.4581673306772908,312,251,251,0,0,0
human_nontata_promoters,j_lt_0p1,29350,15380,0.0,0,0,1,104.5,0.45962732919254656,0.2948207171314741,161,251,251,0,0,0
human_nontata_promoters,j_lt_0p1,29470,13415,0.008421052247285843,0,0,1,225.5,0.4785714285714286,0.5338645418326693,280,251,251,0,0,0
human_nontata_promoters,j_lt_0p1,29097,3227,0.03246753290295601,0,0,0,271.0,0.47039473684210525,0.5697211155378487,304,251,251,0,0,0
human_nontata_promoters,j_lt_0p1,29397,4209,0.0020703934133052826,0,0,0,154.0,0.4426877470355731,0.44621513944223107,253,251,251,0,0,0
human_nontata_promoters,j_lt_0p1,29290,277,0.0021052630618214607,0,0,0,195.0,0.4507042253521127,0.5099601593625498,284,251,251,0,0,0
human_nontata_promoters,j_lt_0p1,29425,20831,0.004115226212888956,0,0,1,180.0,0.48333333333333334,0.46215139442231074,240,251,251,0,0,0
human_nontata_promoters,j_lt_0p1,29335,19114,0.0,0,0,1,42.5,0.5135135135135135,0.07569721115537849,37,251,251,0,0,0
human_nontata_promoters,j_lt_0p1,29287,5064,0.004273504484444857,0,0,0,150.5,0.41697416974169743,0.450199203187251,271,251,251,0,0,0
human_nontata_promoters,j_lt_0p1,29148,6584,0.004201680887490511,0,0,0,239.5,0.4711864406779661,0.5537848605577689,295,251,251,0,0,0
human_nontata_promoters,j_lt_0p1,29293,12207,0.014583333395421505,0,0,0,177.0,0.3880597014925373,0.41434262948207173,268,251,251,0,0,0
human_nontata_promoters,j_lt_0p1,29470,6572,0.0,0,0,0,211.5,0.4714285714285714,0.5258964143426295,280,251,251,0,0,0
human_nontata_promoters,j_lt_0p1,29235,7285,0.004140786826610565,0,0,0,204.0,0.4444444444444444,0.4940239043824701,279,251,251,0,0,0
human_nontata_promoters,j_lt_0p1,29261,13292,0.0,0,0,1,153.5,0.4244604316546763,0.4701195219123506,278,251,251,0,0,0
human_nontata_promoters,j_lt_0p1,29296,3134,0.0,0,0,0,191.0,0.47843137254901963,0.4860557768924303,255,251,251,0,0,0
human_nontata_promoters,j_lt_0p1,29147,3434,0.0020703934133052826,0,0,0,216.5,0.41901408450704225,0.47410358565737054,284,251,251,0,0,0
human_nontata_promoters,j_lt_0p1,29227,4642,0.0,0,0,0,175.0,0.41312741312741313,0.4262948207171315,259,251,251,0,0,0
human_nontata_promoters,j_lt_0p1,29481,16712,0.0020703934133052826,0,0,1,168.5,0.36231884057971014,0.398406374501992,276,251,251,0,0,0
human_nontata_promoters,j_lt_0p1,29238,23598,0.0020703934133052826,0,0,1,145.5,0.404,0.40239043824701193,250,251,251,0,0,0
human_nontata_promoters,j_lt_0p1,29394,22245,0.00413223123177886,0,0,1,210.0,0.4280936454849498,0.5099601593625498,299,251,251,0,0,0
human_nontata_promoters,j_lt_0p1,29392,20961,0.0,0,0,1,136.0,0.39908256880733944,0.3466135458167331,218,251,251,0,0,0
human_nontata_promoters,j_lt_0p1,29156,7409,0.004149377811700106,0,0,0,222.5,0.4666666666666667,0.5298804780876494,285,251,251,0,0,0
human_nontata_promoters,j_lt_0p1,29431,20688,0.0,0,0,1,70.5,0.5,0.20318725099601595,102,251,251,0,0,0
human_nontata_promoters,j_lt_0p1,29221,9255,0.0,0,0,0,158.0,0.43824701195219123,0.43824701195219123,251,251,251,0,0,0
human_nontata_promoters,j_lt_0p1,29125,5343,0.0022522523067891598,0,0,0,168.0,0.4743083003952569,0.47808764940239046,253,251,251,0,0,0
human_nontata_promoters,j_lt_0p1,29173,10594,0.0,0,0,0,131.5,0.42,0.50199203187251,300,251,251,0,0,0
human_nontata_promoters,j_lt_0p1,29478,15380,0.0,0,0,1,158.5,0.41901408450704225,0.47410358565737054,284,251,251,0,0,0
human_nontata_promoters,j_lt_0p1,29430,7276,0.006410256493836641,0,0,0,186.5,0.38782051282051283,0.4820717131474104,312,251,251,0,0,0
human_nontata_promoters,j_lt_0p1,29201,20620,0.0,0,0,1,86.5,0.4909090909090909,0.2151394422310757,110,251,251,0,0,0
human_nontata_promoters,j_lt_0p1,29217,15063,0.0,0,0,1,217.0,0.43389830508474575,0.5099601593625498,295,251,251,0,0,0
human_nontata_promoters,j_lt_0p1,29465,21497,0.00206611561588943,0,0,1,170.0,0.4444444444444444,0.46215139442231074,261,251,251,0,0,0
human_nontata_promoters,j_lt_0p1,29221,20005,0.0,0,0,1,113.5,0.398406374501992,0.398406374501992,251,251,251,0,0,0
human_nontata_promoters,j_lt_0p1,29198,17206,0.006211180239915848,0,0,1,172.5,0.3655913978494624,0.4063745019920319,279,251,251,0,0,0
human_nontata_promoters,j_lt_0p1,29354,9171,0.002087682718411088,0,0,0,191.0,0.416403785488959,0.5258964143426295,317,251,251,0,0,0
human_nontata_promoters,j_lt_0p1,29464,7590,0.0,0,0,0,150.0,0.38405797101449274,0.42231075697211157,276,251,251,0,0,0
human_nontata_promoters,j_lt_0p1,29275,22767,0.002074688905850053,0,0,1,210.5,0.44089456869009586,0.549800796812749,313,251,251,0,0,0
human_nontata_promoters,j_lt_0p1,29190,7831,0.0,0,0,0,166.5,0.4250871080139373,0.4860557768924303,287,251,251,0,0,0
human_nontata_promoters,j_lt_0p1,29247,5316,0.0,0,0,0,156.0,0.39603960396039606,0.47808764940239046,303,251,251,0,0,0
human_nontata_promoters,j_lt_0p1,29141,9884,0.0,0,0,0,189.0,0.46875,0.47808764940239046,256,251,251,0,0,0
human_nontata_promoters,j_lt_0p1,29458,11691,0.004140786826610565,0,0,0,214.5,0.4215686274509804,0.5139442231075697,306,251,251,0,0,0
human_nontata_promoters,j_lt_0p1,29376,11164,0.008350730873644352,0,0,0,213.0,0.43686006825938567,0.5099601593625498,293,251,251,0,0,0
human_nontata_promoters,j_lt_0p1,29407,4021,0.0,0,0,0,209.0,0.44366197183098594,0.50199203187251,284,251,251,0,0,0
human_nontata_promoters,j_lt_0p1,29158,17546,0.00828157365322113,0,0,1,205.0,0.4013377926421405,0.47808764940239046,299,251,251,0,0,0
human_nontata_promoters,j_lt_0p1,29296,19714,0.0,0,0,1,190.5,0.3929712460063898,0.4900398406374502,313,251,251,0,0,0
human_nontata_promoters,j_lt_0p1,29213,22311,0.004175365436822176,0,0,1,216.5,0.41533546325878595,0.5179282868525896,313,251,251,0,0,0
human_nontata_promoters,j_lt_0p1,29494,8092,0.00206611561588943,0,0,0,175.5,0.37894736842105264,0.4302788844621514,285,251,251,0,0,0
human_nontata_promoters,j_lt_0p1,29197,8311,0.0,0,0,0,190.0,0.39705882352941174,0.4302788844621514,272,251,251,0,0,0
human_nontata_promoters,j_lt_0p1,29334,11326,0.0,0,0,0,110.0,0.3985239852398524,0.4302788844621514,271,251,251,0,0,0
human_nontata_promoters,j_lt_0p1,29408,11026,0.0020833334419876337,0,0,0,174.5,0.43617021276595747,0.4900398406374502,282,251,251,0,0,0
human_nontata_promoters,j_lt_0p1,29216,1072,0.0042553190141916275,0,0,0,142.0,0.47474747474747475,0.3745019920318725,198,251,251,0,0,0
human_nontata_promoters,j_lt_0p1,29366,15340,0.0,0,0,1,208.0,0.4505928853754941,0.4541832669322709,253,251,251,0,0,0
human_nontata_promoters,j_lt_0p1,29380,3189,0.004140786826610565,0,0,0,199.5,0.4482758620689655,0.46613545816733065,261,251,251,0,0,0
human_nontata_promoters,j_lt_0p1,29349,18792,0.002123142359778285,0,0,1,104.0,0.3515981735159817,0.30677290836653387,219,251,251,0,0,0
human_nontata_promoters,j_lt_0p1,29243,26180,0.00413223123177886,0,0,1,145.0,0.3923076923076923,0.4063745019920319,260,251,251,0,0,0
human_nontata_promoters,j_lt_0p1,29427,75,0.0021413275972008705,0,0,0,160.0,0.4157706093189964,0.46215139442231074,279,251,251,0,0,0
human_nontata_promoters,j_lt_0p1,29477,18654,0.0020703934133052826,0,0,1,184.5,0.3901639344262295,0.47410358565737054,305,251,251,0,0,0
human_nontata_promoters,j_lt_0p1,29467,920,0.0041841003112494946,0,0,0,190.5,0.42953020134228187,0.5099601593625498,298,251,251,0,0,0
human_nontata_promoters,j_lt_0p1,29290,16434,0.0,0,0,1,147.5,0.4835680751173709,0.4103585657370518,213,251,251,0,0,0
human_nontata_promoters,j_lt_0p1,29180,1143,0.014613778330385685,0,0,0,253.5,0.4612794612794613,0.545816733067729,297,251,251,0,0,0
human_nontata_promoters,j_lt_0p1,29383,13628,0.0,0,0,1,216.0,0.4674329501915709,0.4860557768924303,261,251,251,0,0,0
human_nontata_promoters,j_lt_0p1,29219,7101,0.00826446246355772,0,0,0,252.5,0.40836012861736337,0.5059760956175299,311,251,251,0,0,0
human_nontata_promoters,j_lt_0p1,29223,22789,0.0,0,0,1,134.5,0.41754385964912283,0.47410358565737054,285,251,251,0,0,0
human_nontata_promoters,j_lt_0p1,29344,25385,0.0,0,0,1,100.5,0.33984375,0.3466135458167331,256,251,251,0,0,0
human_nontata_promoters,j_lt_0p1,29119,18251,0.0,0,0,1,47.5,0.35714285714285715,0.1593625498007968,112,251,251,0,0,0
human_nontata_promoters,j_lt_0p1,29148,16945,0.006355931982398033,0,0,1,84.0,0.38095238095238093,0.2549800796812749,168,251,251,0,0,0
human_nontata_promoters,j_lt_0p1,29231,6700,0.00413223123177886,0,0,0,218.5,0.4840989399293286,0.545816733067729,283,251,251,0,0,0
human_nontata_promoters,j_lt_0p1,29294,24916,0.0,0,0,1,154.5,0.3502994011976048,0.46613545816733065,334,251,251,0,0,0
human_nontata_promoters,j_lt_0p1,29367,7139,0.002061855746433139,0,0,0,236.0,0.50187265917603,0.5338645418326693,267,251,251,0,0,0
human_nontata_promoters,j_lt_0p1,29202,2704,0.004149377811700106,0,0,0,208.0,0.40822784810126583,0.5139442231075697,316,251,251,0,0,0
human_nontata_promoters,j_lt_0p1,29403,24179,0.0,0,0,1,93.5,0.3023952095808383,0.40239043824701193,334,251,251,0,0,0
human_nontata_promoters,j_lt_0p1,29352,12828,0.0,0,0,1,92.5,0.4945054945054945,0.17928286852589642,91,251,251,0,0,0
human_nontata_promoters,j_lt_0p1,29312,15261,0.0,0,0,1,190.5,0.44150943396226416,0.46613545816733065,265,251,251,0,0,0
human_nontata_promoters,j_lt_0p1,29100,2700,0.004140786826610565,0,0,0,233.5,0.4738562091503268,0.5776892430278885,306,251,251,0,0,0
human_nontata_promoters,j_lt_0p1,29235,9508,0.0,0,0,0,168.5,0.42724458204334365,0.549800796812749,323,251,251,0,0,0
human_nontata_promoters,j_lt_0p1,29247,13253,0.0020703934133052826,0,0,1,227.0,0.4597315436241611,0.545816733067729,298,251,251,0,0,0
human_nontata_promoters,j_lt_0p1,29353,15706,0.0,0,0,1,212.5,0.41776315789473684,0.5059760956175299,304,251,251,0,0,0
human_nontata_promoters,j_lt_0p1,29266,19293,0.004201680887490511,0,0,1,186.5,0.42857142857142855,0.4541832669322709,266,251,251,0,0,0
human_nontata_promoters,j_lt_0p1,29266,21991,0.0062500000931322575,0,0,1,204.0,0.4765625,0.4860557768924303,256,251,251,0,0,0
human_nontata_promoters,j_lt_0p1,29391,15143,0.0,0,0,1,114.5,0.38392857142857145,0.3426294820717131,224,251,251,0,0,0
human_nontata_promoters,j_lt_0p1,29165,2062,0.0,0,0,0,188.0,0.47478991596638653,0.450199203187251,238,251,251,0,0,0
human_nontata_promoters,j_lt_0p1,29322,11918,0.00413223123177886,0,0,0,215.5,0.44224422442244227,0.5338645418326693,303,251,251,0,0,0
human_nontata_promoters,j_lt_0p1,29442,15475,0.0,0,0,1,148.0,0.3554817275747508,0.4262948207171315,301,251,251,0,0,0
human_nontata_promoters,j_lt_0p1,29112,13080,0.0,0,0,1,80.0,0.4132231404958678,0.199203187250996,121,251,251,0,0,0
human_nontata_promoters,j_lt_0p1,29285,7629,0.002114164875820279,0,0,0,151.0,0.4295774647887324,0.4860557768924303,284,251,251,0,0,0
human_nontata_promoters,j_lt_0p1,29412,22112,0.002053388161584735,0,0,1,150.5,0.4126984126984127,0.41434262948207173,252,251,251,0,0,0
human_nontata_promoters,j_lt_0p1,29282,4861,0.01046025101095438,0,0,0,258.5,0.46774193548387094,0.5776892430278885,310,251,251,0,0,0
human_nontata_promoters,j_lt_0p1,29125,26035,0.002053388161584735,0,0,1,105.5,0.4319526627218935,0.2908366533864542,169,251,251,0,0,0
human_nontata_promoters,j_lt_0p1,29234,8025,0.002061855746433139,0,0,0,221.5,0.46503496503496505,0.5298804780876494,286,251,251,0,0,0
human_nontata_promoters,j_lt_0p1,29413,5256,0.002087682718411088,0,0,0,197.0,0.4,0.4860557768924303,305,251,251,0,0,0
human_nontata_promoters,j_lt_0p1,29288,6827,0.0,0,0,0,195.5,0.42857142857142855,0.5139442231075697,301,251,251,0,0,0
human_nontata_promoters,j_lt_0p1,29370,1417,0.006289307959377766,0,0,0,196.0,0.4632352941176471,0.50199203187251,272,251,251,0,0,0
human_nontata_promoters,j_lt_0p1,29287,9784,0.004264392424374819,0,0,0,201.5,0.42028985507246375,0.46215139442231074,276,251,251,0,0,0
human_nontata_promoters,j_lt_0p1,29248,12260,0.0,0,0,0,85.0,0.375968992248062,0.38645418326693226,258,251,251,0,0,0
human_nontata_promoters,j_lt_0p1,29319,26977,0.0,0,0,1,93.0,0.32081911262798635,0.3745019920318725,293,251,251,0,0,0
human_nontata_promoters,j_lt_0p1,29268,25975,0.004310344811528921,0,0,1,168.0,0.4772727272727273,0.41832669322709165,220,251,251,0,0,0
human_nontata_promoters,j_lt_0p1,29495,20935,0.0,0,0,1,196.0,0.4305555555555556,0.4940239043824701,288,251,251,0,0,0
human_nontata_promoters,j_lt_0p1,29363,1037,0.0,0,0,0,184.5,0.5,0.46215139442231074,232,251,251,0,0,0
human_nontata_promoters,j_lt_0p1,29393,3327,0.0021739129442721605,0,0,0,149.5,0.46798029556650245,0.3784860557768924,203,251,251,0,0,0
human_nontata_promoters,j_lt_0p1,29111,25784,0.0,0,0,1,119.5,0.4156378600823045,0.40239043824701193,243,251,251,0,0,0
human_nontata_promoters,j_lt_0p1,29171,703,0.0,0,0,0,79.0,0.3488372093023256,0.23904382470119523,172,251,251,0,0,0
human_nontata_promoters,j_lt_0p1,29362,12092,0.0,0,0,0,99.0,0.3671875,0.3745019920318725,256,251,251,0,0,0
human_nontata_promoters,j_lt_0p1,29491,26935,0.0,0,0,1,192.0,0.4217687074829932,0.4940239043824701,294,251,251,0,0,0
human_nontata_promoters,j_lt_0p1,29496,14808,0.01244813296943903,0,0,1,190.5,0.4659090909090909,0.4900398406374502,264,251,251,0,0,0
human_nontata_promoters,j_lt_0p1,29279,8216,0.0,0,0,0,195.5,0.4738675958188153,0.5418326693227091,287,251,251,0,0,0
human_nontata_promoters,j_lt_0p1,29370,23947,0.0,0,0,1,48.5,0.291970802919708,0.1593625498007968,137,251,251,0,0,0
human_nontata_promoters,j_lt_0p1,29444,12095,0.0,0,0,0,133.5,0.36140350877192984,0.4103585657370518,285,251,251,0,0,0
human_nontata_promoters,j_lt_0p1,29332,12966,0.008298755623400211,0,0,1,209.5,0.4489051094890511,0.4900398406374502,274,251,251,0,0,0
human_nontata_promoters,j_lt_0p1,29115,3565,0.002053388161584735,0,0,0,215.5,0.4560810810810811,0.5378486055776892,296,251,251,0,0,0
human_nontata_promoters,j_lt_0p1,29400,10018,0.00828157365322113,0,0,0,194.0,0.4671814671814672,0.4820717131474104,259,251,251,0,0,0
human_nontata_promoters,j_lt_0p1,29457,2894,0.0,0,0,0,212.0,0.44528301886792454,0.4701195219123506,265,251,251,0,0,0
human_nontata_promoters,j_lt_0p1,29166,5376,0.006224066484719515,0,0,0,166.5,0.4128787878787879,0.4342629482071713,264,251,251,0,0,0
human_nontata_promoters,j_lt_0p1,29358,22507,0.0,0,0,1,119.0,0.38144329896907214,0.44223107569721115,291,251,251,0,0,0
human_nontata_promoters,j_lt_0p1,29319,4587,0.00826446246355772,0,0,0,195.0,0.44061302681992337,0.4581673306772908,261,251,251,0,0,0
human_nontata_promoters,j_lt_0p1,29322,14430,0.0,0,0,1,145.5,0.4056603773584906,0.5139442231075697,318,251,251,0,0,0
human_nontata_promoters,j_lt_0p1,29232,3795,0.0,0,0,0,121.0,0.35766423357664234,0.3904382470119522,274,251,251,0,0,0
human_nontata_promoters,j_lt_0p1,29135,23318,0.0,0,0,1,160.0,0.40569395017793597,0.4541832669322709,281,251,251,0,0,0
human_nontata_promoters,j_lt_0p1,29479,9130,0.0,0,0,0,224.0,0.45787545787545786,0.49800796812749004,273,251,251,0,0,0
human_nontata_promoters,j_lt_0p1,29211,17452,0.0,0,0,1,46.0,0.3793103448275862,0.08764940239043825,58,251,251,0,0,0
human_nontata_promoters,j_lt_0p1,29442,7655,0.002053388161584735,0,0,0,173.5,0.3696969696969697,0.4860557768924303,330,251,251,0,0,0
human_nontata_promoters,j_lt_0p1,29470,22042,0.0021008404437452555,0,0,1,158.5,0.4334470989761092,0.5059760956175299,293,251,251,0,0,0
human_nontata_promoters,j_lt_0p1,29228,17936,0.0,0,0,1,130.5,0.44106463878326996,0.46215139442231074,263,251,251,0,0,0
human_nontata_promoters,j_lt_0p1,29242,17478,0.0,0,0,1,207.0,0.4309210526315789,0.5219123505976095,304,251,251,0,0,0
human_nontata_promoters,j_lt_0p1,29415,17799,0.0,0,0,1,66.5,0.3355263157894737,0.4063745019920319,304,251,251,0,0,0
human_nontata_promoters,j_lt_0p1,29294,13624,0.008385743945837021,0,0,1,213.5,0.4452054794520548,0.5179282868525896,292,251,251,0,0,0
human_nontata_promoters,j_lt_0p1,29393,11446,0.002053388161584735,0,0,0,197.5,0.3992932862190813,0.450199203187251,283,251,251,0,0,0
human_nontata_promoters,j_lt_0p1,29098,26475,0.0,0,0,1,25.0,0.6428571428571429,0.035856573705179286,14,251,251,0,0,0
human_nontata_promoters,j_lt_0p1,29350,20587,0.0,0,0,1,77.5,0.39766081871345027,0.27091633466135456,171,251,251,0,0,0
human_nontata_promoters,j_lt_0p1,29395,25694,0.0,0,0,1,130.5,0.3501577287066246,0.44223107569721115,317,251,251,0,0,0
human_nontata_promoters,j_lt_0p1,29299,14148,0.0,0,0,1,168.0,0.42679127725856697,0.545816733067729,321,251,251,0,0,0
human_nontata_promoters,j_lt_0p1,29456,15227,0.002057613106444478,0,0,1,226.0,0.5019305019305019,0.5179282868525896,259,251,251,0,0,0
human_nontata_promoters,j_lt_0p1,29345,23008,0.0041841003112494946,0,0,1,165.5,0.4956521739130435,0.4541832669322709,230,251,251,0,0,0
human_nontata_promoters,j_lt_0p1,29148,19313,0.0042372881434857845,0,0,1,69.0,0.32684824902723736,0.3346613545816733,257,251,251,0,0,0
human_nontata_promoters,j_lt_0p1,29105,588,0.010638297535479069,0,0,0,196.5,0.4267515923566879,0.5338645418326693,314,251,251,0,0,0
human_nontata_promoters,j_lt_0p1,29255,21859,0.0020790020935237408,0,0,1,73.0,0.4728682170542636,0.24302788844621515,129,251,251,0,0,0
human_nontata_promoters,j_lt_0p1,29463,15068,0.0041928719729185104,0,0,1,153.5,0.44019138755980863,0.3665338645418327,209,251,251,0,0,0
human_nontata_promoters,j_lt_0p1,29155,5306,0.004149377811700106,0,0,0,179.5,0.38924050632911394,0.4900398406374502,316,251,251,0,0,0
human_nontata_promoters,j_lt_0p1,29427,18324,0.0,0,0,1,33.0,0.75,0.035856573705179286,12,251,251,0,0,0
human_nontata_promoters,j_lt_0p1,29156,4078,0.0,0,0,0,180.0,0.4013377926421405,0.47808764940239046,299,251,251,0,0,0
human_nontata_promoters,j_lt_0p1,29097,13078,0.0,0,0,1,84.5,0.3449367088607595,0.4342629482071713,316,251,251,0,0,0
human_nontata_promoters,j_lt_0p1,29240,21949,0.0,0,0,1,133.0,0.35714285714285715,0.41832669322709165,294,251,251,0,0,0
human_nontata_promoters,j_lt_0p1,29171,14139,0.0,0,0,1,80.0,0.4948453608247423,0.19123505976095617,97,251,251,0,0,0
human_nontata_promoters,j_lt_0p1,29294,20651,0.006211180239915848,0,0,1,211.0,0.42567567567567566,0.50199203187251,296,251,251,0,0,0
human_nontata_promoters,j_lt_0p1,29362,18819,0.0,0,0,1,45.0,0.484375,0.12350597609561753,64,251,251,0,0,0
human_nontata_promoters,j_lt_0p1,29327,11831,0.0021008404437452555,0,0,0,190.0,0.42071197411003236,0.5179282868525896,309,251,251,0,0,0
human_nontata_promoters,j_lt_0p1,29258,2082,0.002114164875820279,0,0,0,193.5,0.4558303886925795,0.5139442231075697,283,251,251,0,0,0
human_nontata_promoters,j_lt_0p1,29132,16861,0.0,0,0,1,95.0,0.42857142857142855,0.23904382470119523,140,251,251,0,0,0
human_nontata_promoters,j_lt_0p1,29225,4896,0.00413223123177886,0,0,0,186.5,0.4166666666666667,0.4581673306772908,276,251,251,0,0,0
human_nontata_promoters,j_lt_0p1,29102,9769,0.0,0,0,0,209.5,0.47465437788018433,0.4103585657370518,217,251,251,0,0,0
human_nontata_promoters,j_lt_0p1,29240,1345,0.010351967066526413,0,0,0,231.5,0.476027397260274,0.5537848605577689,292,251,251,0,0,0
human_nontata_promoters,j_lt_0p1,29159,18251,0.0022321429569274187,0,0,1,91.5,0.47863247863247865,0.22310756972111553,117,251,251,0,0,0
human_nontata_promoters,j_lt_0p1,29129,17007,0.002074688905850053,0,0,1,207.0,0.47202797202797203,0.5378486055776892,286,251,251,0,0,0
human_nontata_promoters,j_lt_0p1,29115,15319,0.0,0,0,1,121.0,0.3333333333333333,0.4063745019920319,306,251,251,0,0,0
human_nontata_promoters,j_lt_0p1,29117,20806,0.0,0,0,1,173.5,0.40808823529411764,0.44223107569721115,272,251,251,0,0,0
human_nontata_promoters,j_lt_0p1,29245,6359,0.002053388161584735,0,0,0,182.5,0.40559440559440557,0.46215139442231074,286,251,251,0,0,0
human_nontata_promoters,j_lt_0p1,29162,17401,0.0,0,0,1,141.5,0.3696369636963696,0.44621513944223107,303,251,251,0,0,0
human_nontata_promoters,j_lt_0p1,29214,6318,0.0,0,0,0,205.5,0.42,0.50199203187251,300,251,251,0,0,0
human_nontata_promoters,j_lt_0p1,29279,9778,0.008385743945837021,0,0,0,274.0,0.5,0.5418326693227091,272,251,251,0,0,0
human_nontata_promoters,j_lt_0p1,29392,22564,0.002053388161584735,0,0,1,231.0,0.4521072796934866,0.4701195219123506,261,251,251,0,0,0
human_nontata_promoters,j_lt_0p1,29122,22510,0.0,0,0,1,244.0,0.44816053511705684,0.5338645418326693,299,251,251,0,0,0
human_nontata_promoters,j_lt_0p1,29243,23744,0.0020703934133052826,0,0,1,169.5,0.36977491961414793,0.4581673306772908,311,251,251,0,0,0
human_nontata_promoters,j_lt_0p1,29282,6018,0.0,0,0,0,157.0,0.3952569169960474,0.398406374501992,253,251,251,0,0,0
human_nontata_promoters,j_lt_0p1,29413,12141,0.008385743945837021,0,0,0,214.0,0.4384858044164038,0.5537848605577689,317,251,251,0,0,0
human_nontata_promoters,j_lt_0p1,29175,22763,0.002053388161584735,0,0,1,227.0,0.47058823529411764,0.5099601593625498,272,251,251,0,0,0
human_nontata_promoters,j_lt_0p1,29439,20367,0.004123711492866278,0,0,1,183.0,0.4397163120567376,0.4940239043824701,282,251,251,0,0,0
human_nontata_promoters,j_lt_0p1,29250,6148,0.0041841003112494946,0,0,0,161.0,0.40264026402640263,0.4860557768924303,303,251,251,0,0,0
human_nontata_promoters,j_lt_0p1,29302,23829,0.0,0,0,1,87.0,0.3789954337899543,0.33067729083665337,219,251,251,0,0,0
human_nontata_promoters,j_lt_0p1,29210,17651,0.0,0,0,1,117.0,0.3736654804270463,0.41832669322709165,281,251,251,0,0,0
human_nontata_promoters,j_lt_0p1,29490,5795,0.0,0,0,0,212.0,0.4829059829059829,0.450199203187251,234,251,251,0,0,0
human_nontata_promoters,j_lt_0p1,29479,4197,0.012738853693008423,0,0,0,231.0,0.45353159851301117,0.4860557768924303,269,251,251,0,0,0
human_nontata_promoters,j_lt_0p1,29241,8413,0.002057613106444478,0,0,0,171.0,0.45054945054945056,0.4900398406374502,273,251,251,0,0,0
human_nontata_promoters,j_lt_0p1,29288,17435,0.0,0,0,1,109.0,0.43915343915343913,0.33067729083665337,189,251,251,0,0,0
human_nontata_promoters,j_lt_0p1,29300,15427,0.004140786826610565,0,0,1,178.0,0.48186528497409326,0.3705179282868526,193,251,251,0,0,0
human_nontata_promoters,j_lt_0p1,29875,12855,0.0,0,0,1,89.0,0.3533834586466165,0.3745019920318725,266,251,251,0,0,0
human_nontata_promoters,j_lt_0p1,29743,4528,0.0020833334419876337,0,0,0,205.0,0.43205574912891986,0.4940239043824701,287,251,251,0,0,0
human_nontata_promoters,j_lt_0p1,29793,6914,0.0,0,0,0,196.5,0.4448818897637795,0.450199203187251,254,251,251,0,0,0
human_nontata_promoters,j_lt_0p1,29519,15299,0.0,0,0,1,128.0,0.3553113553113553,0.38645418326693226,273,251,251,0,0,0
human_nontata_promoters,j_lt_0p1,29680,7638,0.00206611561588943,0,0,0,229.5,0.4825174825174825,0.549800796812749,286,251,251,0,0,0
human_nontata_promoters,j_lt_0p1,29728,2660,0.004140786826610565,0,0,0,156.5,0.4151624548736462,0.4581673306772908,277,251,251,0,0,0
human_nontata_promoters,j_lt_0p1,29602,5898,0.0,0,0,0,160.5,0.4895397489539749,0.46613545816733065,239,251,251,0,0,0
human_nontata_promoters,j_lt_0p1,29654,21600,0.0,0,0,1,139.5,0.4899328859060403,0.2908366533864542,149,251,251,0,0,0
human_nontata_promoters,j_lt_0p1,29662,6955,0.0062500000931322575,0,0,0,173.0,0.4332129963898917,0.47808764940239046,277,251,251,0,0,0
human_nontata_promoters,j_lt_0p1,29799,1650,0.008421052247285843,0,0,0,259.0,0.4910394265232975,0.545816733067729,279,251,251,0,0,0
human_nontata_promoters,j_lt_0p1,29811,21449,0.0041580041870474815,0,0,1,254.5,0.5183673469387755,0.5059760956175299,245,251,251,0,0,0
human_nontata_promoters,j_lt_0p1,29673,14231,0.0,0,0,1,186.0,0.3903225806451613,0.4820717131474104,310,251,251,0,0,0
human_nontata_promoters,j_lt_0p1,29730,7051,0.01252609584480524,0,0,0,218.5,0.42948717948717946,0.5338645418326693,312,251,251,0,0,0
human_nontata_promoters,j_lt_0p1,29679,9628,0.0,0,0,0,222.0,0.4495114006514658,0.549800796812749,307,251,251,0,0,0
human_nontata_promoters,j_lt_0p1,29554,25162,0.0,0,0,1,143.0,0.3781818181818182,0.41434262948207173,275,251,251,0,0,0
human_nontata_promoters,j_lt_0p1,29613,975,0.0,0,0,0,236.0,0.4276315789473684,0.5179282868525896,304,251,251,0,0,0
human_nontata_promoters,j_lt_0p1,29770,13258,0.0041580041870474815,0,0,1,199.0,0.4780701754385965,0.4342629482071713,228,251,251,0,0,0
human_nontata_promoters,j_lt_0p1,29621,1053,0.0,0,0,0,197.5,0.44405594405594406,0.5059760956175299,286,251,251,0,0,0
human_nontata_promoters,j_lt_0p1,29786,25400,0.006224066484719515,0,0,1,146.0,0.4235294117647059,0.4302788844621514,255,251,251,0,0,0
human_nontata_promoters,j_lt_0p1,29876,12210,0.0,0,0,0,232.5,0.4486301369863014,0.5219123505976095,292,251,251,0,0,0
human_nontata_promoters,j_lt_0p1,29681,5348,0.0041580041870474815,0,0,0,240.5,0.46598639455782315,0.545816733067729,294,251,251,0,0,0
human_nontata_promoters,j_lt_0p1,29742,10223,0.004115226212888956,0,0,0,229.0,0.45723684210526316,0.5537848605577689,304,251,251,0,0,0
human_nontata_promoters,j_lt_0p1,29884,2106,0.002053388161584735,0,0,0,241.0,0.49812734082397003,0.5298804780876494,267,251,251,0,0,0
human_nontata_promoters,j_lt_0p1,29673,6364,0.0,0,0,0,193.0,0.4729241877256318,0.5219123505976095,277,251,251,0,0,0
human_nontata_promoters,j_lt_0p1,29682,5518,0.0020703934133052826,0,0,0,196.5,0.38943894389438943,0.4701195219123506,303,251,251,0,0,0
human_nontata_promoters,j_lt_0p1,29497,271,0.002057613106444478,0,0,0,176.0,0.392226148409894,0.44223107569721115,283,251,251,0,0,0
human_nontata_promoters,j_lt_0p1,29824,19814,0.0020964359864592552,0,0,1,170.5,0.45018450184501846,0.4860557768924303,271,251,251,0,0,0
human_nontata_promoters,j_lt_0p1,29893,26464,0.002061855746433139,0,0,1,209.0,0.4299363057324841,0.5378486055776892,314,251,251,0,0,0
human_nontata_promoters,j_lt_0p1,29654,25627,0.0063157896511256695,0,0,1,195.0,0.3622291021671827,0.46613545816733065,323,251,251,0,0,0
human_nontata_promoters,j_lt_0p1,29591,24780,0.0,0,0,1,170.5,0.3523809523809524,0.44223107569721115,315,251,251,0,0,0
human_nontata_promoters,j_lt_0p1,29767,25649,0.0,0,0,1,248.5,0.5076335877862596,0.5298804780876494,262,251,251,0,0,0
human_nontata_promoters,j_lt_0p1,29785,3634,0.0,0,0,0,192.0,0.43902439024390244,0.50199203187251,287,251,251,0,0,0
human_nontata_promoters,j_lt_0p1,29576,6112,0.0020703934133052826,0,0,0,171.0,0.4362934362934363,0.450199203187251,259,251,251,0,0,0
human_nontata_promoters,j_lt_0p1,29655,24142,0.0,0,0,1,194.5,0.4602510460251046,0.43824701195219123,239,251,251,0,0,0
human_nontata_promoters,j_lt_0p1,29617,2219,0.0062761506997048855,0,0,0,185.5,0.42244224422442245,0.5099601593625498,303,251,251,0,0,0
human_nontata_promoters,j_lt_0p1,29645,13231,0.00413223123177886,0,0,1,190.0,0.48056537102473496,0.5418326693227091,283,251,251,0,0,0
human_nontata_promoters,j_lt_0p1,29857,16078,0.0,0,0,1,211.0,0.4393939393939394,0.46215139442231074,264,251,251,0,0,0
human_nontata_promoters,j_lt_0p1,29708,23304,0.006198347080498934,0,0,1,207.5,0.43805309734513276,0.3944223107569721,226,251,251,0,0,0
human_nontata_promoters,j_lt_0p1,29711,742,0.0,0,0,0,150.5,0.37130801687763715,0.350597609561753,237,251,251,0,0,0
human_nontata_promoters,j_lt_0p1,29779,14919,0.0,0,0,1,166.5,0.3946360153256705,0.4103585657370518,261,251,251,0,0,0
human_nontata_promoters,j_lt_0p1,29638,21180,0.006369426846504211,0,0,1,222.0,0.4479166666666667,0.5139442231075697,288,251,251,0,0,0
human_nontata_promoters,j_lt_0p1,29720,9107,0.006369426846504211,0,0,0,179.0,0.417910447761194,0.44621513944223107,268,251,251,0,0,0
human_nontata_promoters,j_lt_0p1,29806,18100,0.004376367665827274,0,0,1,215.0,0.45017182130584193,0.5219123505976095,291,251,251,0,0,0
human_nontata_promoters,j_lt_0p1,29653,19831,0.004115226212888956,0,0,1,200.0,0.44981412639405205,0.4820717131474104,269,251,251,0,0,0
human_nontata_promoters,j_lt_0p1,29542,14837,0.0021186440717428923,0,0,1,166.5,0.4185303514376997,0.5219123505976095,313,251,251,0,0,0
human_nontata_promoters,j_lt_0p1,29533,17627,0.00626304792240262,0,0,1,140.0,0.3797909407665505,0.4342629482071713,287,251,251,0,0,0
human_nontata_promoters,j_lt_0p1,29809,14162,0.0021551724057644606,0,0,1,233.0,0.47368421052631576,0.50199203187251,266,251,251,0,0,0
human_nontata_promoters,j_lt_0p1,29805,706,0.0062761506997048855,0,0,0,223.0,0.42524916943521596,0.5099601593625498,301,251,251,0,0,0
human_nontata_promoters,j_lt_0p1,29521,1593,0.0021186440717428923,0,0,0,159.5,0.40789473684210525,0.4940239043824701,304,251,251,0,0,0
human_nontata_promoters,j_lt_0p1,29608,20534,0.008771929889917374,0,0,1,131.5,0.4170403587443946,0.3705179282868526,223,251,251,0,0,0
human_nontata_promoters,j_lt_0p1,29573,26192,0.004282655194401741,0,0,1,193.0,0.4295774647887324,0.4860557768924303,284,251,251,0,0,0
human_nontata_promoters,j_lt_0p1,29848,7626,0.016701461747288704,0,0,0,227.0,0.436241610738255,0.5179282868525896,298,251,251,0,0,0
human_nontata_promoters,j_lt_0p1,29543,11337,0.0062500000931322575,0,0,0,195.0,0.41721854304635764,0.50199203187251,302,251,251,0,0,0
human_nontata_promoters,j_lt_0p1,29548,20928,0.0043196543119847775,0,0,1,167.0,0.39197530864197533,0.5059760956175299,324,251,251,0,0,0
human_nontata_promoters,j_lt_0p1,29579,19566,0.004149377811700106,0,0,1,201.5,0.4782608695652174,0.5258964143426295,276,251,251,0,0,0
human_nontata_promoters,j_lt_0p1,29651,10898,0.004140786826610565,0,0,0,226.0,0.5,0.5298804780876494,266,251,251,0,0,0
human_nontata_promoters,j_lt_0p1,29554,5098,0.0,0,0,0,166.5,0.37658227848101267,0.47410358565737054,316,251,251,0,0,0
human_nontata_promoters,j_lt_0p1,29688,8826,0.006289307959377766,0,0,0,208.0,0.44565217391304346,0.4900398406374502,276,251,251,0,0,0
human_nontata_promoters,j_lt_0p1,29824,19761,0.0,0,0,1,134.0,0.5526315789473685,0.250996015936255,114,251,251,0,0,0
human_nontata_promoters,j_lt_0p1,29545,8943,0.00626304792240262,0,0,0,223.5,0.5,0.5139442231075697,258,251,251,0,0,0
human_nontata_promoters,j_lt_0p1,29607,3308,0.0020833334419876337,0,0,0,106.0,0.346031746031746,0.4342629482071713,315,251,251,0,0,0
human_nontata_promoters,j_lt_0p1,29728,6751,0.00206611561588943,0,0,0,160.0,0.3942652329749104,0.43824701195219123,279,251,251,0,0,0
human_nontata_promoters,j_lt_0p1,29605,21354,0.006787330377846956,0,0,1,250.0,0.4738675958188153,0.5418326693227091,287,251,251,0,0,0
human_nontata_promoters,j_lt_0p1,29548,19697,0.0,0,0,1,196.0,0.42071197411003236,0.5179282868525896,309,251,251,0,0,0
human_nontata_promoters,j_lt_0p1,29835,996,0.012552301399409771,0,0,0,236.0,0.4344569288389513,0.46215139442231074,267,251,251,0,0,0
human_nontata_promoters,j_lt_0p1,29833,7178,0.0,0,0,0,223.5,0.43333333333333335,0.5179282868525896,300,251,251,0,0,0
human_nontata_promoters,j_lt_0p1,29845,14516,0.0020833334419876337,0,0,1,249.0,0.46953405017921146,0.5219123505976095,279,251,251,0,0,0
human_nontata_promoters,j_lt_0p1,29806,16931,0.0,0,0,1,235.5,0.4460431654676259,0.4940239043824701,278,251,251,0,0,0
human_nontata_promoters,j_lt_0p1,29823,4437,0.008510638028383255,0,0,0,205.0,0.452755905511811,0.4581673306772908,254,251,251,0,0,0
human_nontata_promoters,j_lt_0p1,29819,23856,0.0,0,0,1,200.0,0.421875,0.5378486055776892,320,251,251,0,0,0
human_nontata_promoters,j_lt_0p1,29648,4115,0.0,0,0,0,193.0,0.46619217081850534,0.5219123505976095,281,251,251,0,0,0
human_nontata_promoters,j_lt_0p1,29696,14735,0.0,0,0,1,188.0,0.44727272727272727,0.4900398406374502,275,251,251,0,0,0
human_nontata_promoters,j_lt_0p1,29599,1533,0.004140786826610565,0,0,0,173.0,0.43686006825938567,0.5099601593625498,293,251,251,0,0,0
human_nontata_promoters,j_lt_0p1,29512,13175,0.0020833334419876337,0,0,1,194.0,0.4006849315068493,0.46613545816733065,292,251,251,0,0,0
human_nontata_promoters,j_lt_0p1,29807,2233,0.0021008404437452555,0,0,0,110.5,0.3695652173913043,0.47410358565737054,322,251,251,0,0,0
human_nontata_promoters,j_lt_0p1,29681,8556,0.004219409078359604,0,0,0,254.0,0.5104895104895105,0.5816733067729084,286,251,251,0,0,0
human_nontata_promoters,j_lt_0p1,29577,22847,0.010351967066526413,0,0,1,209.5,0.44074074074074077,0.47410358565737054,270,251,251,0,0,0
human_nontata_promoters,j_lt_0p1,29663,13077,0.008333333767950535,0,0,1,221.5,0.47265625,0.4820717131474104,256,251,251,0,0,0
human_nontata_promoters,j_lt_0p1,29579,19368,0.004115226212888956,0,0,1,198.5,0.4276094276094276,0.5059760956175299,297,251,251,0,0,0
human_nontata_promoters,j_lt_0p1,29848,21545,0.008368200622498989,0,0,1,246.0,0.4533762057877814,0.5617529880478087,311,251,251,0,0,0
human_nontata_promoters,j_lt_0p1,29634,10808,0.0,0,0,0,210.5,0.4517374517374517,0.46613545816733065,259,251,251,0,0,0
human_nontata_promoters,j_lt_0p1,29543,10211,0.0062500000931322575,0,0,0,181.0,0.4392857142857143,0.4900398406374502,280,251,251,0,0,0
human_nontata_promoters,j_lt_0p1,29784,2604,0.006329114083200693,0,0,0,237.0,0.4529616724738676,0.5179282868525896,287,251,251,0,0,0
human_nontata_promoters,j_lt_0p1,29549,2560,0.0,0,0,0,187.5,0.4529616724738676,0.5179282868525896,287,251,251,0,0,0
human_nontata_promoters,j_lt_0p1,29615,23065,0.006302521098405123,0,0,1,235.0,0.45695364238410596,0.549800796812749,302,251,251,0,0,0
human_nontata_promoters,j_lt_0p1,29706,1381,0.004123711492866278,0,0,0,268.0,0.49814126394052044,0.5338645418326693,269,251,251,0,0,0
human_nontata_promoters,j_lt_0p1,29846,17736,0.00626304792240262,0,0,1,240.5,0.49416342412451364,0.5059760956175299,257,251,251,0,0,0
human_nontata_promoters,j_lt_0p1,29541,10271,0.008368200622498989,0,0,0,184.0,0.44308943089430897,0.4342629482071713,246,251,251,0,0,0
human_nontata_promoters,j_lt_0p1,29765,12882,0.004115226212888956,0,0,1,222.0,0.43986254295532645,0.5099601593625498,291,251,251,0,0,0
human_nontata_promoters,j_lt_0p1,29784,7196,0.0020790020935237408,0,0,0,241.5,0.46863468634686345,0.5059760956175299,271,251,251,0,0,0
human_nontata_promoters,j_lt_0p1,29501,26814,0.002057613106444478,0,0,1,140.5,0.3971119133574007,0.43824701195219123,277,251,251,0,0,0
human_nontata_promoters,j_lt_0p1,29778,8483,0.0,0,0,0,195.0,0.4336569579288026,0.5338645418326693,309,251,251,0,0,0
human_nontata_promoters,j_lt_0p1,29499,11800,0.0,0,0,0,194.5,0.4065934065934066,0.44223107569721115,273,251,251,0,0,0
human_nontata_promoters,j_lt_0p1,29532,1083,0.0042372881434857845,0,0,0,201.5,0.45084745762711864,0.5298804780876494,295,251,251,0,0,0
human_nontata_promoters,j_lt_0p1,29609,16550,0.0,0,0,1,159.0,0.4187725631768953,0.46215139442231074,277,251,251,0,0,0
human_nontata_promoters,j_lt_0p1,29581,10246,0.0020920501556247473,0,0,0,154.5,0.42857142857142855,0.4302788844621514,252,251,251,0,0,0
human_nontata_promoters,j_lt_0p1,29792,25234,0.0,0,0,1,106.0,0.36330935251798563,0.40239043824701193,278,251,251,0,0,0
human_nontata_promoters,j_lt_0p1,29527,21751,0.002057613106444478,0,0,1,153.5,0.4316546762589928,0.47808764940239046,278,251,251,0,0,0
human_nontata_promoters,j_lt_0p1,29700,401,0.0022321429569274187,0,0,0,120.0,0.40562248995983935,0.40239043824701193,249,251,251,0,0,0
human_nontata_promoters,j_lt_0p1,29676,21048,0.006369426846504211,0,0,1,209.5,0.4558303886925795,0.5139442231075697,283,251,251,0,0,0
human_nontata_promoters,j_lt_0p1,29574,13134,0.002053388161584735,0,0,1,226.0,0.4509090909090909,0.4940239043824701,275,251,251,0,0,0
human_nontata_promoters,j_lt_0p1,29577,19645,0.0020964359864592552,0,0,1,185.0,0.4329501915708812,0.450199203187251,261,251,251,0,0,0
human_nontata_promoters,j_lt_0p1,29557,23034,0.004219409078359604,0,0,1,167.0,0.4107883817427386,0.3944223107569721,241,251,251,0,0,0
human_nontata_promoters,j_lt_0p1,29856,581,0.0,0,0,0,183.0,0.4110032362459547,0.5059760956175299,309,251,251,0,0,0
human_nontata_promoters,j_lt_0p1,29804,26327,0.008474576286971569,0,0,1,246.5,0.4426751592356688,0.5537848605577689,314,251,251,0,0,0
human_nontata_promoters,j_lt_0p1,29860,19092,0.0,0,0,1,275.0,0.5230769230769231,0.5418326693227091,260,251,251,0,0,0
human_nontata_promoters,j_lt_0p1,29666,7795,0.0,0,0,0,165.5,0.38461538461538464,0.4581673306772908,299,251,251,0,0,0
human_nontata_promoters,j_lt_0p1,29605,23383,0.0,0,0,1,193.5,0.4834710743801653,0.46613545816733065,242,251,251,0,0,0
human_nontata_promoters,j_lt_0p1,29498,3435,0.0,0,0,0,149.0,0.4585635359116022,0.33067729083665337,181,251,251,0,0,0
human_nontata_promoters,j_lt_0p1,29797,23892,0.0,0,0,1,96.5,0.31272727272727274,0.3426294820717131,275,251,251,0,0,0
human_nontata_promoters,j_lt_0p1,29834,17761,0.0,0,0,1,158.0,0.37218045112781956,0.3944223107569721,266,251,251,0,0,0
human_nontata_promoters,j_lt_0p1,29844,18864,0.0,0,0,1,214.5,0.4797047970479705,0.5179282868525896,271,251,251,0,0,0
human_nontata_promoters,j_lt_0p1,29685,10529,0.004123711492866278,0,0,0,175.0,0.42379182156133827,0.4541832669322709,269,251,251,0,0,0
human_nontata_promoters,j_lt_0p1,29870,22730,0.0,0,0,1,211.5,0.4601449275362319,0.5059760956175299,276,251,251,0,0,0
human_nontata_promoters,j_lt_0p1,29698,10355,0.010526316240429878,0,0,0,205.0,0.45149253731343286,0.4820717131474104,268,251,251,0,0,0
human_nontata_promoters,j_lt_0p1,29786,10959,0.0,0,0,0,188.5,0.42402826855123676,0.47808764940239046,283,251,251,0,0,0
human_nontata_promoters,j_lt_0p1,29835,4312,0.0,0,0,0,244.0,0.4948805460750853,0.5776892430278885,293,251,251,0,0,0
human_nontata_promoters,j_lt_0p1,29869,23943,0.0,0,0,1,103.5,0.36860068259385664,0.4302788844621514,293,251,251,0,0,0
human_nontata_promoters,j_lt_0p1,29649,4751,0.0,0,0,0,240.5,0.45918367346938777,0.5378486055776892,294,251,251,0,0,0
human_nontata_promoters,j_lt_0p1,29617,3627,0.006289307959377766,0,0,0,164.0,0.42338709677419356,0.41832669322709165,248,251,251,0,0,0
human_nontata_promoters,j_lt_0p1,29755,21675,0.0021786491852253675,0,0,1,191.5,0.42366412213740456,0.44223107569721115,262,251,251,0,0,0
human_nontata_promoters,j_lt_0p1,29746,22389,0.0,0,0,1,175.0,0.43006993006993005,0.4900398406374502,286,251,251,0,0,0
human_nontata_promoters,j_lt_0p1,29807,15612,0.010869565419852734,0,0,1,198.0,0.459915611814346,0.4342629482071713,237,251,251,0,0,0
human_nontata_promoters,j_lt_0p1,29513,26311,0.004123711492866278,0,0,1,195.0,0.4271186440677966,0.50199203187251,295,251,251,0,0,0
human_nontata_promoters,j_lt_0p1,29871,24827,0.0,0,0,1,171.0,0.4290909090909091,0.4701195219123506,275,251,251,0,0,0
human_nontata_promoters,j_lt_0p1,29675,12807,0.0,0,0,1,205.0,0.423841059602649,0.5099601593625498,302,251,251,0,0,0
human_nontata_promoters,j_lt_0p1,29767,16703,0.0041580041870474815,0,0,1,123.5,0.40336134453781514,0.38247011952191234,238,251,251,0,0,0
human_nontata_promoters,j_lt_0p1,29743,11504,0.006211180239915848,0,0,0,235.5,0.4276315789473684,0.5179282868525896,304,251,251,0,0,0
human_nontata_promoters,j_lt_0p1,29719,12750,0.008298755623400211,0,0,1,156.0,0.4246031746031746,0.4262948207171315,252,251,251,0,0,0
human_nontata_promoters,j_lt_0p1,29629,15734,0.0,0,0,1,144.5,0.3944636678200692,0.4541832669322709,289,251,251,0,0,0
human_nontata_promoters,j_lt_0p1,29567,26572,0.0,0,0,1,146.0,0.44727272727272727,0.4900398406374502,275,251,251,0,0,0
human_nontata_promoters,j_lt_0p1,29653,7794,0.0,0,0,0,199.0,0.42517006802721086,0.49800796812749004,294,251,251,0,0,0
human_nontata_promoters,j_lt_0p1,29611,4724,0.004175365436822176,0,0,0,229.0,0.4560260586319218,0.5577689243027888,307,251,251,0,0,0
human_nontata_promoters,j_lt_0p1,29684,14382,0.0,0,0,1,163.5,0.464,0.46215139442231074,250,251,251,0,0,0
human_nontata_promoters,j_lt_0p1,29816,22857,0.0021276595070958138,0,0,1,158.0,0.35403726708074534,0.4541832669322709,322,251,251,0,0,0
human_nontata_promoters,j_lt_0p1,29576,17900,0.0,0,0,1,142.5,0.43162393162393164,0.40239043824701193,234,251,251,0,0,0
human_nontata_promoters,j_lt_0p1,29545,246,0.004166666883975267,0,0,0,212.5,0.43934426229508194,0.5338645418326693,305,251,251,0,0,0
human_nontata_promoters,j_lt_0p1,29718,18521,0.002114164875820279,0,0,1,147.0,0.43223443223443225,0.4701195219123506,273,251,251,0,0,0
human_nontata_promoters,j_lt_0p1,29814,13807,0.017057569697499275,0,0,1,240.5,0.4641638225255973,0.5418326693227091,293,251,251,0,0,0
human_nontata_promoters,j_lt_0p1,29729,13395,0.00206611561588943,0,0,1,187.5,0.4181184668989547,0.47808764940239046,287,251,251,0,0,0
human_nontata_promoters,j_lt_0p1,29809,20806,0.014957264997065067,0,0,1,222.0,0.4404332129963899,0.4860557768924303,277,251,251,0,0,0
human_nontata_promoters,j_lt_0p1,29872,21770,0.004535147454589605,0,0,1,152.5,0.38317757009345793,0.4900398406374502,321,251,251,0,0,0
human_nontata_promoters,j_lt_0p1,29740,24705,0.0,0,0,1,163.5,0.40213523131672596,0.450199203187251,281,251,251,0,0,0
human_nontata_promoters,j_lt_0p1,29685,25748,0.0,0,0,1,179.5,0.4418604651162791,0.4541832669322709,258,251,251,0,0,0
human_nontata_promoters,j_lt_0p1,29707,21216,0.002114164875820279,0,0,1,173.5,0.42105263157894735,0.47808764940239046,285,251,251,0,0,0
human_nontata_promoters,j_lt_0p1,29698,15579,0.0,0,0,1,166.0,0.37962962962962965,0.4900398406374502,324,251,251,0,0,0
human_nontata_promoters,j_lt_0p1,29657,2571,0.012552301399409771,0,0,0,217.0,0.4734982332155477,0.5338645418326693,283,251,251,0,0,0
human_nontata_promoters,j_lt_0p1,29831,8998,0.00828157365322113,0,0,0,195.0,0.43137254901960786,0.43824701195219123,255,251,251,0,0,0
human_nontata_promoters,j_lt_0p1,29623,24801,0.0,0,0,1,147.5,0.4588744588744589,0.42231075697211157,231,251,251,0,0,0
human_nontata_promoters,j_lt_0p1,29572,1054,0.004115226212888956,0,0,0,231.5,0.410958904109589,0.47808764940239046,292,251,251,0,0,0
human_nontata_promoters,j_lt_0p1,29546,17280,0.0,0,0,1,115.5,0.37751004016064255,0.3745019920318725,249,251,251,0,0,0
human_nontata_promoters,j_lt_0p1,29809,4821,0.0,0,0,0,177.0,0.47843137254901963,0.4860557768924303,255,251,251,0,0,0
human_nontata_promoters,j_lt_0p1,29520,21016,0.0,0,0,1,177.0,0.4051094890510949,0.44223107569721115,274,251,251,0,0,0
human_nontata_promoters,j_lt_0p1,29857,15732,0.002109704539179802,0,0,1,169.5,0.43983402489626555,0.42231075697211157,241,251,251,0,0,0
human_nontata_promoters,j_lt_0p1,29782,15346,0.004201680887490511,0,0,1,224.0,0.49193548387096775,0.4860557768924303,248,251,251,0,0,0
human_nontata_promoters,j_lt_0p1,29702,15485,0.0,0,0,1,127.0,0.3920863309352518,0.4342629482071713,278,251,251,0,0,0
human_nontata_promoters,j_lt_0p1,29619,5962,0.012605042196810246,0,0,0,189.5,0.4158415841584158,0.50199203187251,303,251,251,0,0,0
human_nontata_promoters,j_lt_0p1,29864,191,0.0,0,0,0,200.5,0.49411764705882355,0.50199203187251,255,251,251,0,0,0
human_nontata_promoters,j_lt_0p1,29861,7755,0.0020964359864592552,0,0,0,220.0,0.46545454545454545,0.5099601593625498,275,251,251,0,0,0
human_nontata_promoters,j_lt_0p1,29872,3034,0.006198347080498934,0,0,0,185.5,0.43006993006993005,0.4900398406374502,286,251,251,0,0,0
human_nontata_promoters,j_lt_0p1,29660,18887,0.00206611561588943,0,0,1,186.0,0.4033333333333333,0.4820717131474104,300,251,251,0,0,0
human_nontata_promoters,j_lt_0p1,29717,23802,0.004166666883975267,0,0,1,139.5,0.3469387755102041,0.47410358565737054,343,251,251,0,0,0
human_nontata_promoters,j_lt_0p1,29697,13935,0.0,0,0,1,121.5,0.3900709219858156,0.43824701195219123,282,251,251,0,0,0
human_nontata_promoters,j_lt_0p1,29559,20261,0.004140786826610565,0,0,1,172.5,0.4557823129251701,0.5338645418326693,294,251,251,0,0,0
human_nontata_promoters,j_lt_0p1,29864,16458,0.0,0,0,1,159.5,0.40601503759398494,0.4302788844621514,266,251,251,0,0,0
human_nontata_promoters,j_lt_0p1,29827,4713,0.0020833334419876337,0,0,0,179.5,0.41697416974169743,0.450199203187251,271,251,251,0,0,0
human_nontata_promoters,j_lt_0p1,29620,13606,0.004524887073785067,0,0,1,249.0,0.45161290322580644,0.5577689243027888,310,251,251,0,0,0
human_nontata_promoters,j_lt_0p1,29742,25547,0.008316008374094963,0,0,1,256.0,0.44673539518900346,0.5179282868525896,291,251,251,0,0,0
human_nontata_promoters,j_lt_0p1,29738,13445,0.002057613106444478,0,0,1,206.5,0.3785488958990536,0.47808764940239046,317,251,251,0,0,0
human_nontata_promoters,j_lt_0p1,29848,19533,0.008368200622498989,0,0,1,246.0,0.43130990415335463,0.5378486055776892,313,251,251,0,0,0
human_nontata_promoters,j_lt_0p1,29821,21399,0.004166666883975267,0,0,1,186.0,0.44921875,0.4581673306772908,256,251,251,0,0,0
human_nontata_promoters,j_lt_0p1,29858,16818,0.0,0,0,1,156.0,0.43724696356275305,0.4302788844621514,247,251,251,0,0,0
human_nontata_promoters,j_lt_0p1,29557,17881,0.0,0,0,1,142.5,0.38095238095238093,0.38247011952191234,252,251,251,0,0,0
human_nontata_promoters,j_lt_0p1,29783,17005,0.004264392424374819,0,0,1,84.0,0.4394904458598726,0.2749003984063745,157,251,251,0,0,0
human_nontata_promoters,j_lt_0p1,29499,18554,0.0,0,0,1,119.0,0.4136690647482014,0.4581673306772908,278,251,251,0,0,0
human_nontata_promoters,j_lt_0p1,29776,18251,0.0,0,0,1,68.5,0.36046511627906974,0.12350597609561753,86,251,251,0,0,0
human_nontata_promoters,j_lt_0p1,29872,12463,0.004166666883975267,0,0,1,190.5,0.45555555555555555,0.4900398406374502,270,251,251,0,0,0
human_nontata_promoters,j_lt_0p1,29693,27065,0.0,0,0,1,195.0,0.4110032362459547,0.5059760956175299,309,251,251,0,0,0
human_nontata_promoters,j_lt_0p1,29577,18931,0.004123711492866278,0,0,1,193.0,0.4440677966101695,0.5219123505976095,295,251,251,0,0,0
human_nontata_promoters,j_lt_0p1,29746,10307,0.0,0,0,0,109.5,0.366412213740458,0.38247011952191234,262,251,251,0,0,0
human_nontata_promoters,j_lt_0p1,29735,20434,0.006185567006468773,0,0,1,227.0,0.47368421052631576,0.5378486055776892,285,251,251,0,0,0
human_nontata_promoters,j_lt_0p1,29566,3349,0.0,0,0,0,133.5,0.4411764705882353,0.35856573705179284,204,251,251,0,0,0
human_nontata_promoters,j_lt_0p1,29734,7862,0.0,0,0,0,240.5,0.4513888888888889,0.5179282868525896,288,251,251,0,0,0
human_nontata_promoters,j_lt_0p1,29747,18343,0.0,0,0,1,125.0,0.38222222222222224,0.3426294820717131,225,251,251,0,0,0
human_nontata_promoters,j_lt_0p1,29870,12666,0.0,0,0,1,132.0,0.36666666666666664,0.43824701195219123,300,251,251,0,0,0
human_nontata_promoters,j_lt_0p1,29541,20417,0.002123142359778285,0,0,1,114.5,0.38079470198675497,0.4581673306772908,302,251,251,0,0,0
human_nontata_promoters,j_lt_0p1,29506,2844,0.0062500000931322575,0,0,0,189.0,0.4339622641509434,0.4581673306772908,265,251,251,0,0,0
human_nontata_promoters,j_lt_0p1,29867,7648,0.002061855746433139,0,0,0,117.0,0.3633217993079585,0.41832669322709165,289,251,251,0,0,0
human_nontata_promoters,j_lt_0p1,29723,23875,0.0,0,0,1,118.5,0.4030612244897959,0.3147410358565737,196,251,251,0,0,0
human_nontata_promoters,j_lt_0p1,29799,24196,0.0,0,0,1,68.0,0.3373493975903614,0.22310756972111553,166,251,251,0,0,0
human_nontata_promoters,j_lt_0p1,29641,5730,0.01046025101095438,0,0,0,205.0,0.5045454545454545,0.44223107569721115,220,251,251,0,0,0
human_nontata_promoters,j_lt_0p1,29543,5079,0.0062500000931322575,0,0,0,170.0,0.3737024221453287,0.4302788844621514,289,251,251,0,0,0
human_nontata_promoters,j_lt_0p1,29528,1162,0.004140786826610565,0,0,0,162.0,0.42700729927007297,0.46613545816733065,274,251,251,0,0,0
human_nontata_promoters,j_lt_0p1,29660,16892,0.002061855746433139,0,0,1,137.0,0.3900414937759336,0.3745019920318725,241,251,251,0,0,0
human_nontata_promoters,j_lt_0p1,29501,2612,0.002057613106444478,0,0,0,259.0,0.45182724252491696,0.5418326693227091,301,251,251,0,0,0
human_nontata_promoters,j_lt_0p1,29570,23044,0.00413223123177886,0,0,1,180.5,0.4098939929328622,0.46215139442231074,283,251,251,0,0,0
human_nontata_promoters,j_lt_0p1,29657,1802,0.0042372881434857845,0,0,0,211.0,0.45588235294117646,0.4940239043824701,272,251,251,0,0,0
human_nontata_promoters,j_lt_0p1,29804,11789,0.0,0,0,0,268.0,0.4845360824742268,0.5617529880478087,291,251,251,0,0,0
human_nontata_promoters,j_lt_0p1,29693,2722,0.004175365436822176,0,0,0,128.5,0.3689655172413793,0.4262948207171315,290,251,251,0,0,0
human_nontata_promoters,j_lt_0p1,29791,8981,0.018907563760876656,0,0,0,223.5,0.4925925925925926,0.5298804780876494,270,251,251,0,0,0
human_nontata_promoters,j_lt_0p1,29498,25935,0.0,0,0,1,126.0,0.34050179211469533,0.3784860557768924,279,251,251,0,0,0
human_nontata_promoters,j_lt_0p1,29628,15613,0.004140786826610565,0,0,1,201.0,0.4647887323943662,0.5258964143426295,284,251,251,0,0,0
human_nontata_promoters,j_lt_0p1,29686,6540,0.0,0,0,0,137.0,0.3926174496644295,0.46613545816733065,298,251,251,0,0,0
human_nontata_promoters,j_lt_0p1,29695,23314,0.004115226212888956,0,0,1,206.0,0.44594594594594594,0.5258964143426295,296,251,251,0,0,0
human_nontata_promoters,j_lt_0p1,29774,12813,0.0,0,0,1,87.0,0.29523809523809524,0.24701195219123506,210,251,251,0,0,0
human_nontata_promoters,j_lt_0p1,29720,27043,0.008583690971136093,0,0,1,100.0,0.32209737827715357,0.3426294820717131,267,251,251,0,0,0
human_nontata_promoters,j_lt_0p1,29660,5386,0.006211180239915848,0,0,0,257.5,0.4896551724137931,0.5657370517928287,290,251,251,0,0,0
human_nontata_promoters,j_lt_0p1,29747,23867,0.00828157365322113,0,0,1,179.5,0.4300341296928328,0.50199203187251,293,251,251,0,0,0
human_nontata_promoters,j_lt_0p1,29753,43,0.008438818156719208,0,0,0,167.0,0.4626865671641791,0.4940239043824701,268,251,251,0,0,0
human_nontata_promoters,j_lt_0p1,29894,18762,0.002057613106444478,0,0,1,196.5,0.41697416974169743,0.450199203187251,271,251,251,0,0,0
human_nontata_promoters,j_lt_0p1,29509,20646,0.0,0,0,1,166.5,0.40823970037453183,0.4342629482071713,267,251,251,0,0,0
human_nontata_promoters,j_lt_0p1,29694,22385,0.0,0,0,1,74.5,0.46153846153846156,0.16733067729083664,91,251,251,0,0,0
human_nontata_promoters,j_lt_0p1,29730,2604,0.008385743945837021,0,0,0,177.0,0.4253968253968254,0.5338645418326693,315,251,251,0,0,0
human_nontata_promoters,j_lt_0p1,29871,24657,0.0,0,0,1,136.0,0.40714285714285714,0.4541832669322709,280,251,251,0,0,0
human_nontata_promoters,j_lt_0p1,29802,24261,0.010504201985895634,0,0,1,226.5,0.445993031358885,0.5099601593625498,287,251,251,0,0,0
human_nontata_promoters,j_lt_0p1,29594,21633,0.006465517450124025,0,0,1,196.5,0.4334470989761092,0.5059760956175299,293,251,251,0,0,0
human_nontata_promoters,j_lt_0p1,29726,9910,0.006289307959377766,0,0,0,201.0,0.412,0.4103585657370518,250,251,251,0,0,0
human_nontata_promoters,j_lt_0p1,29511,465,0.0,0,0,0,174.0,0.43157894736842106,0.4900398406374502,285,251,251,0,0,0
human_nontata_promoters,j_lt_0p1,29686,22521,0.002109704539179802,0,0,1,123.0,0.375968992248062,0.38645418326693226,258,251,251,0,0,0
human_nontata_promoters,j_lt_0p1,29544,10329,0.0,0,0,0,167.5,0.42248062015503873,0.4342629482071713,258,251,251,0,0,0
human_nontata_promoters,j_lt_0p1,29834,734,0.008298755623400211,0,0,0,256.0,0.49158249158249157,0.5816733067729084,297,251,251,0,0,0
human_nontata_promoters,j_lt_0p1,29692,2635,0.0,0,0,0,135.0,0.4051094890510949,0.44223107569721115,274,251,251,0,0,0
human_nontata_promoters,j_lt_0p1,29510,4368,0.0020964359864592552,0,0,0,124.0,0.4689265536723164,0.33067729083665337,177,251,251,0,0,0
human_nontata_promoters,j_lt_0p1,29535,2613,0.00413223123177886,0,0,0,192.5,0.4575645756457565,0.4940239043824701,271,251,251,0,0,0
human_nontata_promoters,j_lt_0p1,29707,25080,0.0,0,0,1,183.0,0.49230769230769234,0.38247011952191234,195,251,251,0,0,0
human_nontata_promoters,j_lt_0p1,29772,11906,0.004149377811700106,0,0,0,207.0,0.3929712460063898,0.4900398406374502,313,251,251,0,0,0
human_nontata_promoters,j_lt_0p1,29535,9941,0.0,0,0,0,216.0,0.43478260869565216,0.5577689243027888,322,251,251,0,0,0
human_nontata_promoters,j_lt_0p1,29583,23499,0.004123711492866278,0,0,1,220.0,0.47703180212014135,0.5378486055776892,283,251,251,0,0,0
human_nontata_promoters,j_lt_0p1,29544,16915,0.0,0,0,1,53.5,0.6052631578947368,0.09163346613545817,38,251,251,0,0,0
human_nontata_promoters,j_lt_0p1,29594,16334,0.006224066484719515,0,0,1,215.5,0.43434343434343436,0.5139442231075697,297,251,251,0,0,0
human_nontata_promoters,j_lt_0p1,29501,25431,0.0,0,0,1,128.0,0.36908517350157727,0.46613545816733065,317,251,251,0,0,0
human_nontata_promoters,j_lt_0p1,29825,26576,0.0,0,0,1,169.0,0.445993031358885,0.5099601593625498,287,251,251,0,0,0
human_nontata_promoters,j_lt_0p1,29801,12864,0.016877636313438416,0,0,1,312.5,0.5401459854014599,0.5896414342629482,274,251,251,0,0,0
human_nontata_promoters,j_lt_0p1,29722,1301,0.0,0,0,0,227.5,0.45483870967741935,0.5617529880478087,310,251,251,0,0,0
human_nontata_promoters,j_lt_0p1,29801,20412,0.01927194930613041,0,0,1,283.5,0.47796610169491527,0.5617529880478087,295,251,251,0,0,0
human_nontata_promoters,j_lt_0p1,29850,15575,0.00424628471955657,0,0,1,173.0,0.39661016949152544,0.46613545816733065,295,251,251,0,0,0
human_nontata_promoters,j_lt_0p1,29672,25441,0.0,0,0,1,193.5,0.4772727272727273,0.50199203187251,264,251,251,0,0,0
human_nontata_promoters,j_lt_0p1,29545,16977,0.004228329751640558,0,0,1,234.0,0.444015444015444,0.4581673306772908,259,251,251,0,0,0
human_nontata_promoters,j_lt_0p1,29755,27050,0.0021598271559923887,0,0,1,181.0,0.40636042402826855,0.4581673306772908,283,251,251,0,0,0
human_nontata_promoters,j_lt_0p1,29573,25074,0.0,0,0,1,168.5,0.4409448818897638,0.44621513944223107,254,251,251,0,0,0
human_nontata_promoters,j_lt_0p1,29609,19657,0.0,0,0,1,190.0,0.4781144781144781,0.5657370517928287,297,251,251,0,0,0
human_nontata_promoters,j_lt_0p1,29624,10417,0.0,0,0,0,221.0,0.4980544747081712,0.5099601593625498,257,251,251,0,0,0
human_nontata_promoters,j_lt_0p1,29798,13440,0.0,0,0,1,130.0,0.36470588235294116,0.3705179282868526,255,251,251,0,0,0
human_nontata_promoters,j_lt_0p1,29880,20790,0.0,0,0,1,195.5,0.41818181818181815,0.4581673306772908,275,251,251,0,0,0
human_nontata_promoters,j_lt_0p1,29820,4776,0.004123711492866278,0,0,0,216.5,0.4418604651162791,0.5298804780876494,301,251,251,0,0,0
human_nontata_promoters,j_lt_0p1,29573,1675,0.0,0,0,0,165.5,0.39661016949152544,0.46613545816733065,295,251,251,0,0,0
human_nontata_promoters,j_lt_0p1,29652,7433,0.0,0,0,0,174.0,0.3923611111111111,0.450199203187251,288,251,251,0,0,0
human_nontata_promoters,j_lt_0p1,29846,7352,0.0,0,0,0,207.5,0.42857142857142855,0.5258964143426295,308,251,251,0,0,0
human_nontata_promoters,j_lt_0p1,29543,12821,0.0,0,0,1,173.5,0.40963855421686746,0.4063745019920319,249,251,251,0,0,0
human_nontata_promoters,j_lt_0p1,29790,10887,0.0020703934133052826,0,0,0,97.0,0.37344398340248963,0.35856573705179284,241,251,251,0,0,0
human_nontata_promoters,j_lt_0p1,29727,19123,0.002061855746433139,0,0,1,141.5,0.39436619718309857,0.44621513944223107,284,251,251,0,0,0
human_nontata_promoters,j_lt_0p1,29716,22142,0.0,0,0,1,151.0,0.3853503184713376,0.4820717131474104,314,251,251,0,0,0
human_nontata_promoters,j_lt_0p1,29608,24060,0.006211180239915848,0,0,1,208.5,0.4431818181818182,0.46613545816733065,264,251,251,0,0,0
human_nontata_promoters,j_lt_0p1,29579,1534,0.0,0,0,0,142.5,0.4095940959409594,0.44223107569721115,271,251,251,0,0,0
human_nontata_promoters,j_lt_0p1,29684,21172,0.0,0,0,1,143.5,0.421259842519685,0.4262948207171315,254,251,251,0,0,0
human_nontata_promoters,j_lt_0p1,29810,11823,0.0,0,0,0,171.5,0.4375,0.44621513944223107,256,251,251,0,0,0
human_nontata_promoters,j_lt_0p1,29505,8849,0.0,0,0,0,218.0,0.4158730158730159,0.5219123505976095,315,251,251,0,0,0
human_nontata_promoters,j_lt_0p1,29552,16872,0.0021276595070958138,0,0,1,173.0,0.4092827004219409,0.38645418326693226,237,251,251,0,0,0
human_nontata_promoters,j_lt_0p1,29510,6454,0.004201680887490511,0,0,0,228.5,0.4291044776119403,0.4581673306772908,268,251,251,0,0,0
human_nontata_promoters,j_lt_0p1,29720,9558,0.0,0,0,0,216.5,0.4631578947368421,0.5258964143426295,285,251,251,0,0,0
human_nontata_promoters,j_lt_0p1,29753,19132,0.004166666883975267,0,0,1,200.5,0.44047619047619047,0.44223107569721115,252,251,251,0,0,0
human_nontata_promoters,j_lt_0p1,29519,5019,0.0042372881434857845,0,0,0,188.0,0.4188679245283019,0.44223107569721115,265,251,251,0,0,0
human_nontata_promoters,j_lt_0p1,29631,7890,0.004115226212888956,0,0,0,195.0,0.4107744107744108,0.4860557768924303,297,251,251,0,0,0
human_nontata_promoters,j_lt_0p1,29868,11251,0.00828157365322113,0,0,0,218.5,0.43521594684385384,0.5219123505976095,301,251,251,0,0,0
human_nontata_promoters,j_lt_0p1,29820,3041,0.0,0,0,0,170.0,0.41724137931034483,0.4820717131474104,290,251,251,0,0,0
human_nontata_promoters,j_lt_0p1,29593,1438,0.004175365436822176,0,0,0,195.0,0.44481605351170567,0.5298804780876494,299,251,251,0,0,0
human_nontata_promoters,j_lt_0p1,29629,23399,0.00413223123177886,0,0,1,216.5,0.46153846153846156,0.50199203187251,273,251,251,0,0,0
human_nontata_promoters,j_lt_0p1,29854,9419,0.0,0,0,0,224.5,0.49049429657794674,0.5139442231075697,263,251,251,0,0,0
human_nontata_promoters,j_lt_0p1,29759,23329,0.002057613106444478,0,0,1,203.0,0.4703389830508475,0.44223107569721115,236,251,251,0,0,0
human_nontata_promoters,j_lt_0p1,29804,246,0.006237006280571222,0,0,0,222.5,0.4858156028368794,0.545816733067729,282,251,251,0,0,0
human_nontata_promoters,j_lt_0p1,29684,14001,0.015118790790438652,0,0,1,206.5,0.4623287671232877,0.5378486055776892,292,251,251,0,0,0
human_nontata_promoters,j_lt_0p1,29677,18365,0.0041928719729185104,0,0,1,222.5,0.45864661654135336,0.4860557768924303,266,251,251,0,0,0
human_nontata_promoters,j_lt_0p1,29634,10997,0.0,0,0,0,151.5,0.379746835443038,0.47808764940239046,316,251,251,0,0,0
human_nontata_promoters,j_lt_0p1,29608,11123,0.004175365436822176,0,0,0,224.0,0.4412811387900356,0.4940239043824701,281,251,251,0,0,0
human_nontata_promoters,j_lt_0p1,29636,15648,0.004115226212888956,0,0,1,258.5,0.4682274247491639,0.5577689243027888,299,251,251,0,0,0
human_nontata_promoters,j_lt_0p1,29883,20147,0.008385743945837021,0,0,1,227.0,0.460431654676259,0.5099601593625498,278,251,251,0,0,0
human_nontata_promoters,j_lt_0p1,29586,617,0.004140786826610565,0,0,0,201.5,0.4463087248322148,0.5298804780876494,298,251,251,0,0,0
human_nontata_promoters,j_lt_0p1,29763,21540,0.0,0,0,1,123.5,0.40066225165562913,0.4820717131474104,302,251,251,0,0,0
human_nontata_promoters,j_lt_0p1,29598,26545,0.00657894741743803,0,0,1,253.5,0.4788732394366197,0.5418326693227091,284,251,251,0,0,0
human_nontata_promoters,j_lt_0p1,29655,23418,0.0,0,0,1,133.0,0.42578125,0.4342629482071713,256,251,251,0,0,0
human_nontata_promoters,j_lt_0p1,29841,25579,0.002087682718411088,0,0,1,206.0,0.47761194029850745,0.5099601593625498,268,251,251,0,0,0
human_nontata_promoters,j_lt_0p1,29620,4583,0.004175365436822176,0,0,0,208.5,0.4158730158730159,0.5219123505976095,315,251,251,0,0,0
human_nontata_promoters,j_lt_0p1,29503,24167,0.0,0,0,1,156.5,0.4128113879003559,0.46215139442231074,281,251,251,0,0,0
human_nontata_promoters,j_lt_0p1,29578,14865,0.01037344429641962,0,0,1,256.5,0.43174603174603177,0.5418326693227091,315,251,251,0,0,0
human_nontata_promoters,j_lt_0p1,29619,18772,0.0,0,0,1,223.5,0.4219269102990033,0.5059760956175299,301,251,251,0,0,0
human_nontata_promoters,j_lt_0p1,29497,16615,0.002061855746433139,0,0,1,135.5,0.3855421686746988,0.38247011952191234,249,251,251,0,0,0
human_nontata_promoters,j_lt_0p1,29782,6298,0.0,0,0,0,242.0,0.4634146341463415,0.5298804780876494,287,251,251,0,0,0
human_nontata_promoters,j_lt_0p1,29848,6746,0.006185567006468773,0,0,0,181.0,0.3946360153256705,0.4103585657370518,261,251,251,0,0,0
human_nontata_promoters,j_lt_0p1,29889,15260,0.0,0,0,1,144.0,0.4007352941176471,0.4342629482071713,272,251,251,0,0,0
human_nontata_promoters,j_lt_0p1,29748,13707,0.0,0,0,1,216.0,0.47101449275362317,0.5179282868525896,276,251,251,0,0,0
human_nontata_promoters,j_lt_0p1,29808,26158,0.002109704539179802,0,0,1,238.5,0.5053763440860215,0.5617529880478087,279,251,251,0,0,0
human_nontata_promoters,j_lt_0p1,29837,26916,0.012165450491011143,0,0,1,189.0,0.4217687074829932,0.4940239043824701,294,251,251,0,0,0
human_nontata_promoters,j_lt_0p1,29703,11985,0.0,0,0,0,221.5,0.4709897610921502,0.549800796812749,293,251,251,0,0,0
human_nontata_promoters,j_lt_0p1,29687,13700,0.0,0,0,1,77.0,0.47474747474747475,0.18725099601593626,99,251,251,0,0,0
human_nontata_promoters,j_lt_0p1,29554,18059,0.0042372881434857845,0,0,1,219.5,0.4416961130742049,0.49800796812749004,283,251,251,0,0,0
human_nontata_promoters,j_lt_0p1,29819,16021,0.014644351787865162,0,0,1,177.0,0.4217687074829932,0.4940239043824701,294,251,251,0,0,0
human_nontata_promoters,j_lt_0p1,29774,4874,0.012552301399409771,0,0,0,151.5,0.4388185654008439,0.41434262948207173,237,251,251,0,0,0
human_nontata_promoters,j_lt_0p1,29891,4054,0.0,0,0,0,51.0,0.575,0.09163346613545817,40,251,251,0,0,0
human_nontata_promoters,j_lt_0p1,29695,6991,0.002057613106444478,0,0,0,223.5,0.4340277777777778,0.49800796812749004,288,251,251,0,0,0
human_nontata_promoters,j_lt_0p1,29829,335,0.0,0,0,0,166.0,0.450354609929078,0.5059760956175299,282,251,251,0,0,0
human_nontata_promoters,j_lt_0p1,29500,19276,0.0,0,0,1,59.5,0.3026315789473684,0.3665338645418327,304,251,251,0,0,0
human_nontata_promoters,j_lt_0p1,29646,5885,0.002053388161584735,0,0,0,160.5,0.40789473684210525,0.4940239043824701,304,251,251,0,0,0
human_nontata_promoters,j_lt_0p1,29870,25666,0.0,0,0,1,114.0,0.37630662020905925,0.4302788844621514,287,251,251,0,0,0
human_nontata_promoters,j_lt_0p1,29738,9205,0.0,0,0,0,199.0,0.42758620689655175,0.4940239043824701,290,251,251,0,0,0
human_nontata_promoters,j_lt_0p1,29531,3626,0.00206611561588943,0,0,0,190.5,0.47794117647058826,0.5179282868525896,272,251,251,0,0,0
human_nontata_promoters,j_lt_0p1,29837,11169,0.0,0,0,0,135.5,0.4158878504672897,0.3545816733067729,214,251,251,0,0,0
human_nontata_promoters,j_lt_0p1,29608,19566,0.0020790020935237408,0,0,1,196.0,0.4555160142348754,0.5099601593625498,281,251,251,0,0,0
human_nontata_promoters,j_lt_0p1,29806,13598,0.0,0,0,1,168.5,0.47767857142857145,0.4262948207171315,224,251,251,0,0,0
human_nontata_promoters,j_lt_0p1,29851,19534,0.004115226212888956,0,0,1,174.5,0.4383116883116883,0.5378486055776892,308,251,251,0,0,0
human_nontata_promoters,j_lt_0p1,29880,394,0.010570824146270752,0,0,0,236.5,0.43986254295532645,0.5099601593625498,291,251,251,0,0,0
human_nontata_promoters,j_lt_0p1,29740,10352,0.0,0,0,0,220.5,0.41904761904761906,0.5258964143426295,315,251,251,0,0,0
human_nontata_promoters,j_lt_0p1,29881,23953,0.002087682718411088,0,0,1,190.0,0.4175084175084175,0.4940239043824701,297,251,251,0,0,0
human_nontata_promoters,j_lt_0p1,29576,10864,0.004140786826610565,0,0,0,117.5,0.40293040293040294,0.43824701195219123,273,251,251,0,0,0
human_nontata_promoters,j_lt_0p1,29674,17971,0.012765957042574883,0,0,1,197.0,0.42857142857142855,0.50199203187251,294,251,251,0,0,0
human_nontata_promoters,j_lt_0p1,29822,22104,0.002057613106444478,0,0,1,219.5,0.432258064516129,0.5338645418326693,310,251,251,0,0,0
human_nontata_promoters,j_lt_0p1,29669,9394,0.016736401244997978,0,0,0,232.0,0.47019867549668876,0.5657370517928287,302,251,251,0,0,0
human_nontata_promoters,j_lt_0p1,29600,1168,0.010416666977107525,0,0,0,182.5,0.463519313304721,0.4302788844621514,233,251,251,0,0,0
human_nontata_promoters,j_lt_0p1,29778,4449,0.004123711492866278,0,0,0,152.5,0.4250871080139373,0.4860557768924303,287,251,251,0,0,0
human_nontata_promoters,j_lt_0p1,29556,12449,0.002074688905850053,0,0,1,199.5,0.4586206896551724,0.5298804780876494,290,251,251,0,0,0
human_nontata_promoters,j_lt_0p1,29574,3112,0.0,0,0,0,142.5,0.3630573248407643,0.4541832669322709,314,251,251,0,0,0
human_nontata_promoters,j_lt_0p1,29867,21790,0.0,0,0,1,123.5,0.38202247191011235,0.4063745019920319,267,251,251,0,0,0
human_nontata_promoters,j_lt_0p1,29712,3924,0.0020833334419876337,0,0,0,180.0,0.44664031620553357,0.450199203187251,253,251,251,0,0,0
human_nontata_promoters,j_lt_0p1,29511,4659,0.0,0,0,0,192.5,0.44642857142857145,0.49800796812749004,280,251,251,0,0,0
human_nontata_promoters,j_lt_0p1,29727,19701,0.002057613106444478,0,0,1,211.0,0.42704626334519574,0.47808764940239046,281,251,251,0,0,0
human_nontata_promoters,j_lt_0p1,29748,10059,0.004123711492866278,0,0,0,243.5,0.4673913043478261,0.5139442231075697,276,251,251,0,0,0
human_nontata_promoters,j_lt_0p1,29834,15285,0.004140786826610565,0,0,1,182.5,0.4232081911262799,0.4940239043824701,293,251,251,0,0,0
human_nontata_promoters,j_lt_0p1,29657,3114,0.0,0,0,0,184.5,0.4129032258064516,0.5099601593625498,310,251,251,0,0,0
human_nontata_promoters,j_lt_0p1,29830,20315,0.0,0,0,1,141.0,0.35611510791366907,0.3944223107569721,278,251,251,0,0,0
human_nontata_promoters,j_lt_0p1,29636,14941,0.0,0,0,1,159.5,0.4156378600823045,0.40239043824701193,243,251,251,0,0,0
human_nontata_promoters,j_lt_0p1,29720,7683,0.0041928719729185104,0,0,0,217.0,0.4329501915708812,0.450199203187251,261,251,251,0,0,0
human_nontata_promoters,j_lt_0p1,29815,20451,0.010351967066526413,0,0,1,183.5,0.365625,0.46613545816733065,320,251,251,0,0,0
human_nontata_promoters,j_lt_0p1,29733,25462,0.0,0,0,1,200.0,0.4584717607973422,0.549800796812749,301,251,251,0,0,0
human_nontata_promoters,j_lt_0p1,29742,54,0.002053388161584735,0,0,0,224.0,0.4825174825174825,0.549800796812749,286,251,251,0,0,0
human_nontata_promoters,j_lt_0p1,29540,6243,0.0,0,0,0,201.5,0.4808510638297872,0.450199203187251,235,251,251,0,0,0
human_nontata_promoters,j_lt_0p1,29666,23557,0.006355931982398033,0,0,1,228.5,0.4272151898734177,0.5378486055776892,316,251,251,0,0,0
human_nontata_promoters,j_lt_0p1,29826,15210,0.002061855746433139,0,0,1,186.0,0.4807692307692308,0.49800796812749004,260,251,251,0,0,0
human_nontata_promoters,j_lt_0p1,29604,3965,0.006224066484719515,0,0,0,211.5,0.43462897526501765,0.4900398406374502,283,251,251,0,0,0
human_nontata_promoters,j_lt_0p1,29823,21997,0.004219409078359604,0,0,1,139.5,0.40077821011673154,0.4103585657370518,257,251,251,0,0,0
human_nontata_promoters,j_lt_0p1,29637,9998,0.002057613106444478,0,0,0,192.5,0.44402985074626866,0.47410358565737054,268,251,251,0,0,0
human_nontata_promoters,j_lt_0p1,29619,23445,0.002087682718411088,0,0,1,147.5,0.42696629213483145,0.4541832669322709,267,251,251,0,0,0
human_nontata_promoters,j_lt_0p1,29679,12178,0.0020920501556247473,0,0,0,196.0,0.42038216560509556,0.5258964143426295,314,251,251,0,0,0
human_nontata_promoters,j_lt_0p1,29518,10723,0.002057613106444478,0,0,0,205.0,0.42950819672131146,0.5219123505976095,305,251,251,0,0,0
human_nontata_promoters,j_lt_0p1,29613,10442,0.002057613106444478,0,0,0,212.0,0.4918032786885246,0.47808764940239046,244,251,251,0,0,0
human_nontata_promoters,j_lt_0p1,29885,1387,0.008316008374094963,0,0,0,221.5,0.4206896551724138,0.4860557768924303,290,251,251,0,0,0
human_nontata_promoters,j_lt_0p1,29808,8786,0.010593220591545105,0,0,0,218.5,0.4423076923076923,0.549800796812749,312,251,251,0,0,0
human_nontata_promoters,j_lt_0p1,29601,19738,0.0,0,0,1,203.5,0.43130990415335463,0.5378486055776892,313,251,251,0,0,0
human_nontata_promoters,j_lt_0p1,29640,26887,0.002087682718411088,0,0,1,138.5,0.4084967320261438,0.49800796812749004,306,251,251,0,0,0
human_nontata_promoters,j_lt_0p1,29735,8897,0.00206611561588943,0,0,0,175.5,0.450354609929078,0.5059760956175299,282,251,251,0,0,0
human_nontata_promoters,j_lt_0p1,29556,6729,0.0,0,0,0,180.0,0.422680412371134,0.4900398406374502,291,251,251,0,0,0
human_nontata_promoters,j_lt_0p1,29572,6049,0.0,0,0,0,200.5,0.4479166666666667,0.5139442231075697,288,251,251,0,0,0
human_nontata_promoters,j_lt_0p1,29826,6755,0.0,0,0,0,233.5,0.4506578947368421,0.545816733067729,304,251,251,0,0,0
human_nontata_promoters,j_lt_0p1,29543,5132,0.004166666883975267,0,0,0,205.0,0.5019157088122606,0.5219123505976095,261,251,251,0,0,0
human_nontata_promoters,j_lt_0p1,29821,15482,0.0,0,0,1,186.5,0.4251968503937008,0.4302788844621514,254,251,251,0,0,0
human_nontata_promoters,j_lt_0p1,29542,11,0.012684989720582962,0,0,0,217.5,0.45323741007194246,0.50199203187251,278,251,251,0,0,0
human_nontata_promoters,j_lt_0p1,29670,12610,0.0041580041870474815,0,0,1,165.5,0.4513888888888889,0.5179282868525896,288,251,251,0,0,0
human_nontata_promoters,j_lt_0p1,29560,985,0.002061855746433139,0,0,0,179.5,0.4460431654676259,0.4940239043824701,278,251,251,0,0,0
human_nontata_promoters,j_lt_0p1,29564,21399,0.002057613106444478,0,0,1,219.0,0.43130990415335463,0.5378486055776892,313,251,251,0,0,0
human_nontata_promoters,j_lt_0p1,29776,20558,0.0,0,0,1,82.0,0.37967914438502676,0.28286852589641437,187,251,251,0,0,0
human_nontata_promoters,j_lt_0p1,29561,11002,0.006198347080498934,0,0,0,161.0,0.3979591836734694,0.46613545816733065,294,251,251,0,0,0
human_nontata_promoters,j_lt_0p1,29754,4974,0.0,0,0,0,141.5,0.42127659574468085,0.3944223107569721,235,251,251,0,0,0
human_nontata_promoters,j_lt_0p1,29883,14016,0.01252609584480524,0,0,1,226.0,0.46206896551724136,0.5338645418326693,290,251,251,0,0,0
human_nontata_promoters,j_lt_0p1,29591,9756,0.0,0,0,0,212.0,0.47619047619047616,0.43824701195219123,231,251,251,0,0,0
human_nontata_promoters,j_lt_0p1,29878,12396,0.0,0,0,1,169.0,0.4187725631768953,0.46215139442231074,277,251,251,0,0,0
human_nontata_promoters,j_lt_0p1,29782,22417,0.0,0,0,1,201.5,0.42524916943521596,0.5099601593625498,301,251,251,0,0,0
human_nontata_promoters,j_lt_0p1,29754,14472,0.0,0,0,1,197.5,0.4453125,0.4541832669322709,256,251,251,0,0,0
human_nontata_promoters,j_lt_0p1,29642,14331,0.0020833334419876337,0,0,1,142.5,0.3787878787878788,0.398406374501992,264,251,251,0,0,0
human_nontata_promoters,j_lt_0p1,29728,15187,0.0,0,0,1,147.5,0.3939393939393939,0.41434262948207173,264,251,251,0,0,0
human_nontata_promoters,j_lt_0p1,29771,5609,0.0,0,0,0,197.0,0.43010752688172044,0.47808764940239046,279,251,251,0,0,0
human_nontata_promoters,j_lt_0p1,29701,2566,0.0,0,0,0,192.0,0.436426116838488,0.5059760956175299,291,251,251,0,0,0
human_nontata_promoters,j_lt_0p1,29816,12058,0.0,0,0,0,156.5,0.4084507042253521,0.46215139442231074,284,251,251,0,0,0
human_nontata_promoters,j_lt_0p1,29829,19693,0.008438818156719208,0,0,1,127.5,0.5217391304347826,0.23904382470119523,115,251,251,0,0,0
human_nontata_promoters,j_lt_0p1,29802,15277,0.01918976567685604,0,0,1,270.0,0.5493562231759657,0.5099601593625498,233,251,251,0,0,0
human_nontata_promoters,j_lt_0p1,29499,24483,0.006185567006468773,0,0,1,225.0,0.422680412371134,0.4900398406374502,291,251,251,0,0,0
human_nontata_promoters,j_lt_0p1,29862,10485,0.004149377811700106,0,0,0,201.5,0.4472843450479233,0.5577689243027888,313,251,251,0,0,0
human_nontata_promoters,j_lt_0p1,29693,281,0.0063157896511256695,0,0,0,197.0,0.48,0.5258964143426295,275,251,251,0,0,0
human_nontata_promoters,j_lt_0p1,29665,3167,0.008456659503281116,0,0,0,215.5,0.41721854304635764,0.50199203187251,302,251,251,0,0,0
human_nontata_promoters,j_lt_0p1,29629,2702,0.002053388161584735,0,0,0,115.5,0.4530612244897959,0.44223107569721115,245,251,251,0,0,0
human_nontata_promoters,j_lt_0p1,29606,23659,0.0021786491852253675,0,0,1,106.0,0.36015325670498083,0.3745019920318725,261,251,251,0,0,0
human_nontata_promoters,j_lt_0p1,29594,22169,0.0020703934133052826,0,0,1,167.5,0.44036697247706424,0.38247011952191234,218,251,251,0,0,0
human_nontata_promoters,j_lt_0p1,29678,6987,0.0,0,0,0,182.5,0.43190661478599224,0.44223107569721115,257,251,251,0,0,0
human_nontata_promoters,j_lt_0p1,29808,22534,0.0020790020935237408,0,0,1,174.0,0.40064102564102566,0.49800796812749004,312,251,251,0,0,0
human_nontata_promoters,j_lt_0p1,29501,24979,0.0,0,0,1,160.5,0.46204620462046203,0.5577689243027888,303,251,251,0,0,0
human_nontata_promoters,j_lt_0p1,29732,10873,0.006198347080498934,0,0,0,159.5,0.3978102189781022,0.4342629482071713,274,251,251,0,0,0
human_nontata_promoters,j_lt_0p1,29565,2462,0.0,0,0,0,166.5,0.4396887159533074,0.450199203187251,257,251,251,0,0,0
human_nontata_promoters,j_lt_0p1,29642,4406,0.0,0,0,0,144.5,0.41935483870967744,0.5179282868525896,310,251,251,0,0,0
human_nontata_promoters,j_lt_0p1,29734,11889,0.0063157896511256695,0,0,0,210.5,0.4135593220338983,0.4860557768924303,295,251,251,0,0,0
human_nontata_promoters,j_lt_0p1,29569,12874,0.015053763054311275,0,0,1,331.0,0.5300353356890459,0.5976095617529881,283,251,251,0,0,0
human_nontata_promoters,j_lt_0p1,29545,6418,0.0,0,0,0,180.5,0.43853820598006643,0.5258964143426295,301,251,251,0,0,0
human_nontata_promoters,j_lt_0p1,29704,17956,0.006237006280571222,0,0,1,216.0,0.45390070921985815,0.5099601593625498,282,251,251,0,0,0
human_nontata_promoters,j_lt_0p1,29824,3818,0.0,0,0,0,199.0,0.38509316770186336,0.4940239043824701,322,251,251,0,0,0
human_nontata_promoters,j_lt_0p1,29890,9147,0.00413223123177886,0,0,0,210.5,0.42142857142857143,0.4701195219123506,280,251,251,0,0,0
human_nontata_promoters,j_lt_0p1,29621,1697,0.006329114083200693,0,0,0,158.5,0.39072847682119205,0.4701195219123506,302,251,251,0,0,0
human_nontata_promoters,j_lt_0p1,29628,20049,0.0,0,0,1,197.5,0.44594594594594594,0.3944223107569721,222,251,251,0,0,0
human_nontata_promoters,j_lt_0p1,29558,5036,0.006237006280571222,0,0,0,179.5,0.4699248120300752,0.49800796812749004,266,251,251,0,0,0
human_nontata_promoters,j_lt_0p1,29562,18364,0.002061855746433139,0,0,1,140.0,0.49171270718232046,0.3545816733067729,181,251,251,0,0,0
human_nontata_promoters,j_lt_0p1,29545,19678,0.004201680887490511,0,0,1,248.5,0.44370860927152317,0.5338645418326693,302,251,251,0,0,0
human_nontata_promoters,j_lt_0p1,29861,25133,0.00413223123177886,0,0,1,185.0,0.4227941176470588,0.4581673306772908,272,251,251,0,0,0
human_nontata_promoters,j_lt_0p1,29752,7129,0.0,0,0,0,106.0,0.36551724137931035,0.42231075697211157,290,251,251,0,0,0
human_nontata_promoters,j_lt_0p1,29740,11741,0.002053388161584735,0,0,0,186.0,0.4270833333333333,0.4900398406374502,288,251,251,0,0,0
human_nontata_promoters,j_lt_0p1,29677,13167,0.008403361774981022,0,0,1,280.0,0.4563106796116505,0.5617529880478087,309,251,251,0,0,0
human_nontata_promoters,j_lt_0p1,30183,11912,0.0021052630618214607,0,0,0,208.0,0.4671814671814672,0.4820717131474104,259,251,251,0,0,0
human_nontata_promoters,j_lt_0p1,30141,22380,0.0,0,0,1,223.0,0.42586750788643535,0.5378486055776892,317,251,251,0,0,0
human_nontata_promoters,j_lt_0p1,29908,11683,0.008316008374094963,0,0,0,209.5,0.4075342465753425,0.47410358565737054,292,251,251,0,0,0
human_nontata_promoters,j_lt_0p1,29907,20704,0.0,0,0,1,141.0,0.37454545454545457,0.4103585657370518,275,251,251,0,0,0
human_nontata_promoters,j_lt_0p1,29908,5885,0.008316008374094963,0,0,0,152.5,0.43537414965986393,0.5099601593625498,294,251,251,0,0,0
human_nontata_promoters,j_lt_0p1,30285,3307,0.002109704539179802,0,0,0,168.5,0.4131944444444444,0.47410358565737054,288,251,251,0,0,0
human_nontata_promoters,j_lt_0p1,30222,9374,0.004123711492866278,0,0,0,168.5,0.3898305084745763,0.4581673306772908,295,251,251,0,0,0
human_nontata_promoters,j_lt_0p1,30234,6764,0.0,0,0,0,144.0,0.39215686274509803,0.398406374501992,255,251,251,0,0,0
human_nontata_promoters,j_lt_0p1,30143,16506,0.0,0,0,1,208.5,0.4189189189189189,0.4940239043824701,296,251,251,0,0,0
human_nontata_promoters,j_lt_0p1,30075,1176,0.0020703934133052826,0,0,0,203.5,0.4452296819787986,0.50199203187251,283,251,251,0,0,0
human_nontata_promoters,j_lt_0p1,29905,20226,0.00206611561588943,0,0,1,202.5,0.43537414965986393,0.5099601593625498,294,251,251,0,0,0
human_nontata_promoters,j_lt_0p1,30275,25264,0.012605042196810246,0,0,1,181.5,0.41471571906354515,0.4940239043824701,299,251,251,0,0,0
human_nontata_promoters,j_lt_0p1,29906,3276,0.0,0,0,0,215.0,0.46616541353383456,0.4940239043824701,266,251,251,0,0,0
human_nontata_promoters,j_lt_0p1,29971,17497,0.0041580041870474815,0,0,1,191.5,0.4276315789473684,0.5179282868525896,304,251,251,0,0,0
human_nontata_promoters,j_lt_0p1,30218,5221,0.0020790020935237408,0,0,0,192.5,0.4396887159533074,0.450199203187251,257,251,251,0,0,0
human_nontata_promoters,j_lt_0p1,30254,23475,0.0,0,0,1,191.0,0.48638132295719844,0.49800796812749004,257,251,251,0,0,0
human_nontata_promoters,j_lt_0p1,30046,6730,0.002087682718411088,0,0,0,117.5,0.43555555555555553,0.3904382470119522,225,251,251,0,0,0
human_nontata_promoters,j_lt_0p1,30010,9711,0.010395010001957417,0,0,0,204.5,0.45874587458745875,0.5537848605577689,303,251,251,0,0,0
human_nontata_promoters,j_lt_0p1,30183,25401,0.0,0,0,1,160.0,0.396078431372549,0.40239043824701193,255,251,251,0,0,0
human_nontata_promoters,j_lt_0p1,30147,3769,0.006185567006468773,0,0,0,191.0,0.3890784982935154,0.4541832669322709,293,251,251,0,0,0
human_nontata_promoters,j_lt_0p1,29958,4259,0.0,0,0,0,193.5,0.4358108108108108,0.5139442231075697,296,251,251,0,0,0
human_nontata_promoters,j_lt_0p1,30219,4789,0.00413223123177886,0,0,0,211.5,0.40728476821192056,0.4900398406374502,302,251,251,0,0,0
human_nontata_promoters,j_lt_0p1,29972,13483,0.0,0,0,1,145.0,0.3785488958990536,0.47808764940239046,317,251,251,0,0,0
human_nontata_promoters,j_lt_0p1,30072,25159,0.004201680887490511,0,0,1,200.5,0.3715170278637771,0.47808764940239046,323,251,251,0,0,0
human_nontata_promoters,j_lt_0p1,30193,16418,0.0,0,0,1,141.5,0.40390879478827363,0.4940239043824701,307,251,251,0,0,0
human_nontata_promoters,j_lt_0p1,30240,9747,0.00828157365322113,0,0,0,195.0,0.42857142857142855,0.4900398406374502,287,251,251,0,0,0
human_nontata_promoters,j_lt_0p1,30053,16894,0.0,0,0,1,109.0,0.3540856031128405,0.36254980079681276,257,251,251,0,0,0
human_nontata_promoters,j_lt_0p1,29999,19255,0.004123711492866278,0,0,1,226.0,0.4158415841584158,0.50199203187251,303,251,251,0,0,0
human_nontata_promoters,j_lt_0p1,29910,19165,0.0021739129442721605,0,0,1,216.0,0.43866171003717475,0.4701195219123506,269,251,251,0,0,0
human_nontata_promoters,j_lt_0p1,30174,2442,0.006211180239915848,0,0,0,178.0,0.4307116104868914,0.4581673306772908,267,251,251,0,0,0
human_nontata_promoters,j_lt_0p1,30074,22898,0.0,0,0,1,190.5,0.4217687074829932,0.4940239043824701,294,251,251,0,0,0
human_nontata_promoters,j_lt_0p1,29920,24844,0.0020833334419876337,0,0,1,214.5,0.39747634069400634,0.50199203187251,317,251,251,0,0,0
human_nontata_promoters,j_lt_0p1,29903,3409,0.002074688905850053,0,0,0,202.0,0.38275862068965516,0.44223107569721115,290,251,251,0,0,0
human_nontata_promoters,j_lt_0p1,30012,17447,0.0,0,0,1,156.5,0.3938223938223938,0.4063745019920319,259,251,251,0,0,0
human_nontata_promoters,j_lt_0p1,30204,16549,0.0,0,0,1,179.5,0.4429065743944637,0.5099601593625498,289,251,251,0,0,0
human_nontata_promoters,j_lt_0p1,30270,12073,0.004123711492866278,0,0,0,158.5,0.4048582995951417,0.398406374501992,247,251,251,0,0,0
human_nontata_promoters,j_lt_0p1,29927,11626,0.0,0,0,0,201.0,0.4426229508196721,0.5378486055776892,305,251,251,0,0,0
human_nontata_promoters,j_lt_0p1,29903,8677,0.0020703934133052826,0,0,0,201.0,0.45751633986928103,0.5577689243027888,306,251,251,0,0,0
human_nontata_promoters,j_lt_0p1,30040,8909,0.008350730873644352,0,0,0,178.5,0.3892857142857143,0.4342629482071713,280,251,251,0,0,0
human_nontata_promoters,j_lt_0p1,30257,7278,0.002061855746433139,0,0,0,204.0,0.43617021276595747,0.4900398406374502,282,251,251,0,0,0
human_nontata_promoters,j_lt_0p1,30176,10950,0.0021186440717428923,0,0,0,186.0,0.4372623574144487,0.4581673306772908,263,251,251,0,0,0
human_nontata_promoters,j_lt_0p1,29992,4378,0.0,0,0,0,150.5,0.4197080291970803,0.4581673306772908,274,251,251,0,0,0
human_nontata_promoters,j_lt_0p1,30079,16927,0.010438413359224796,0,0,1,162.0,0.4622222222222222,0.41434262948207173,225,251,251,0,0,0
human_nontata_promoters,j_lt_0p1,29947,21824,0.0,0,0,1,172.5,0.46124031007751937,0.47410358565737054,258,251,251,0,0,0
human_nontata_promoters,j_lt_0p1,30151,11857,0.0,0,0,0,217.0,0.44481605351170567,0.5298804780876494,299,251,251,0,0,0
human_nontata_promoters,j_lt_0p1,30024,26481,0.0,0,0,1,181.5,0.4084967320261438,0.49800796812749004,306,251,251,0,0,0
human_nontata_promoters,j_lt_0p1,30287,25514,0.0,0,0,1,183.5,0.41883116883116883,0.5139442231075697,308,251,251,0,0,0
human_nontata_promoters,j_lt_0p1,29956,19914,0.008298755623400211,0,0,1,160.5,0.3737704918032787,0.4541832669322709,305,251,251,0,0,0
human_nontata_promoters,j_lt_0p1,29903,13302,0.0,0,0,1,117.5,0.3914590747330961,0.43824701195219123,281,251,251,0,0,0
human_nontata_promoters,j_lt_0p1,29915,10103,0.006493506487458944,0,0,0,222.5,0.46619217081850534,0.5219123505976095,281,251,251,0,0,0
human_nontata_promoters,j_lt_0p1,30073,6188,0.002053388161584735,0,0,0,196.0,0.4429065743944637,0.5099601593625498,289,251,251,0,0,0
human_nontata_promoters,j_lt_0p1,30132,7768,0.008298755623400211,0,0,0,220.0,0.4241486068111455,0.545816733067729,323,251,251,0,0,0
human_nontata_promoters,j_lt_0p1,29898,26247,0.002061855746433139,0,0,1,178.0,0.4175084175084175,0.4940239043824701,297,251,251,0,0,0
human_nontata_promoters,j_lt_0p1,30220,3784,0.004140786826610565,0,0,0,208.0,0.43617021276595747,0.4900398406374502,282,251,251,0,0,0
human_nontata_promoters,j_lt_0p1,30052,13092,0.0020964359864592552,0,0,1,211.0,0.4448669201520912,0.46613545816733065,263,251,251,0,0,0
human_nontata_promoters,j_lt_0p1,29948,7526,0.004149377811700106,0,0,0,184.5,0.39864864864864863,0.4701195219123506,296,251,251,0,0,0
human_nontata_promoters,j_lt_0p1,29996,2424,0.0,0,0,0,160.5,0.4075342465753425,0.47410358565737054,292,251,251,0,0,0
human_nontata_promoters,j_lt_0p1,30190,2285,0.0,0,0,0,213.5,0.5301204819277109,0.5258964143426295,249,251,251,0,0,0
human_nontata_promoters,j_lt_0p1,30012,482,0.002074688905850053,0,0,0,175.5,0.4220532319391635,0.44223107569721115,263,251,251,0,0,0
human_nontata_promoters,j_lt_0p1,30032,4657,0.0,0,0,0,188.0,0.43389830508474575,0.5099601593625498,295,251,251,0,0,0
human_nontata_promoters,j_lt_0p1,29993,4964,0.0021367522422224283,0,0,0,174.5,0.44329896907216493,0.5139442231075697,291,251,251,0,0,0
human_nontata_promoters,j_lt_0p1,30027,1392,0.0,0,0,0,182.0,0.4155844155844156,0.5099601593625498,308,251,251,0,0,0
human_nontata_promoters,j_lt_0p1,30158,4204,0.008350730873644352,0,0,0,264.5,0.48333333333333334,0.5776892430278885,300,251,251,0,0,0
human_nontata_promoters,j_lt_0p1,29939,22236,0.0,0,0,1,172.5,0.41025641025641024,0.5099601593625498,312,251,251,0,0,0
human_nontata_promoters,j_lt_0p1,30243,20995,0.0,0,0,1,133.5,0.4266666666666667,0.38247011952191234,225,251,251,0,0,0
human_nontata_promoters,j_lt_0p1,29994,20642,0.004282655194401741,0,0,1,174.0,0.4083044982698962,0.4701195219123506,289,251,251,0,0,0
human_nontata_promoters,j_lt_0p1,30149,20973,0.006342494860291481,0,0,1,149.0,0.3687707641196013,0.44223107569721115,301,251,251,0,0,0
human_nontata_promoters,j_lt_0p1,30183,24533,0.0,0,0,1,115.0,0.37254901960784315,0.4541832669322709,306,251,251,0,0,0
human_nontata_promoters,j_lt_0p1,30194,17637,0.0,0,0,1,212.5,0.43521594684385384,0.5219123505976095,301,251,251,0,0,0
human_nontata_promoters,j_lt_0p1,30250,14543,0.0,0,0,1,285.0,0.5197132616487455,0.5776892430278885,279,251,251,0,0,0
human_nontata_promoters,j_lt_0p1,30080,21429,0.0,0,0,1,178.5,0.4318936877076412,0.5179282868525896,301,251,251,0,0,0
human_nontata_promoters,j_lt_0p1,30126,12379,0.0021052630618214607,0,0,1,199.0,0.43661971830985913,0.4940239043824701,284,251,251,0,0,0
human_nontata_promoters,j_lt_0p1,30275,4989,0.004115226212888956,0,0,0,228.0,0.4254545454545455,0.46613545816733065,275,251,251,0,0,0
human_nontata_promoters,j_lt_0p1,29967,19077,0.0,0,0,1,138.5,0.4083044982698962,0.4701195219123506,289,251,251,0,0,0
human_nontata_promoters,j_lt_0p1,29919,22395,0.0042372881434857845,0,0,1,245.5,0.4964788732394366,0.5617529880478087,284,251,251,0,0,0
human_nontata_promoters,j_lt_0p1,30053,25529,0.0,0,0,1,86.0,0.36059479553903345,0.38645418326693226,269,251,251,0,0,0
human_nontata_promoters,j_lt_0p1,29994,24666,0.0,0,0,1,44.5,0.475,0.07569721115537849,40,251,251,0,0,0
human_nontata_promoters,j_lt_0p1,30239,9468,0.004115226212888956,0,0,0,239.0,0.4840989399293286,0.545816733067729,283,251,251,0,0,0
human_nontata_promoters,j_lt_0p1,30183,16852,0.0,0,0,1,69.5,0.4166666666666667,0.199203187250996,120,251,251,0,0,0
human_nontata_promoters,j_lt_0p1,29990,10223,0.008385743945837021,0,0,0,224.0,0.45422535211267606,0.5139442231075697,284,251,251,0,0,0
human_nontata_promoters,j_lt_0p1,30042,11657,0.0,0,0,0,207.5,0.4674329501915709,0.4860557768924303,261,251,251,0,0,0
human_nontata_promoters,j_lt_0p1,30009,2298,0.0,0,0,0,208.5,0.41754385964912283,0.47410358565737054,285,251,251,0,0,0
human_nontata_promoters,j_lt_0p1,29928,44,0.0021008404437452555,0,0,0,116.0,0.3956043956043956,0.2868525896414343,182,251,251,0,0,0
human_nontata_promoters,j_lt_0p1,30272,15836,0.0,0,0,1,182.0,0.43729903536977494,0.5418326693227091,311,251,251,0,0,0
human_nontata_promoters,j_lt_0p1,29921,15627,0.00413223123177886,0,0,1,252.5,0.47540983606557374,0.5776892430278885,305,251,251,0,0,0
human_nontata_promoters,j_lt_0p1,30039,20092,0.0022271715570241213,0,0,1,172.5,0.4603174603174603,0.46215139442231074,252,251,251,0,0,0
human_nontata_promoters,j_lt_0p1,30049,9679,0.0041841003112494946,0,0,0,211.5,0.468503937007874,0.47410358565737054,254,251,251,0,0,0
human_nontata_promoters,j_lt_0p1,29956,7688,0.0,0,0,0,193.5,0.4160839160839161,0.47410358565737054,286,251,251,0,0,0
human_nontata_promoters,j_lt_0p1,30095,17360,0.002087682718411088,0,0,1,180.5,0.42560553633217996,0.4900398406374502,289,251,251,0,0,0
human_nontata_promoters,j_lt_0p1,30054,24395,0.0062500000931322575,0,0,1,182.5,0.39184952978056425,0.49800796812749004,319,251,251,0,0,0
human_nontata_promoters,j_lt_0p1,30080,6375,0.002061855746433139,0,0,0,176.0,0.42696629213483145,0.4541832669322709,267,251,251,0,0,0
human_nontata_promoters,j_lt_0p1,30019,618,0.0021008404437452555,0,0,0,202.5,0.40625,0.46613545816733065,288,251,251,0,0,0
human_nontata_promoters,j_lt_0p1,30211,22080,0.00206611561588943,0,0,1,203.5,0.402555910543131,0.50199203187251,313,251,251,0,0,0
human_nontata_promoters,j_lt_0p1,30252,24179,0.008403361774981022,0,0,1,177.5,0.41694915254237286,0.4900398406374502,295,251,251,0,0,0
human_nontata_promoters,j_lt_0p1,30234,21280,0.008298755623400211,0,0,1,240.5,0.4507042253521127,0.5099601593625498,284,251,251,0,0,0
human_nontata_promoters,j_lt_0p1,30205,10711,0.0020703934133052826,0,0,0,194.5,0.44308943089430897,0.4342629482071713,246,251,251,0,0,0
human_nontata_promoters,j_lt_0p1,30170,16959,0.002057613106444478,0,0,1,198.0,0.43309859154929575,0.4900398406374502,284,251,251,0,0,0
human_nontata_promoters,j_lt_0p1,29911,22110,0.0021739129442721605,0,0,1,166.0,0.43700787401574803,0.44223107569721115,254,251,251,0,0,0
human_nontata_promoters,j_lt_0p1,29972,17841,0.0,0,0,1,73.5,0.36065573770491804,0.26294820717131473,183,251,251,0,0,0
human_nontata_promoters,j_lt_0p1,29931,26548,0.015015015378594398,0,0,1,220.0,0.46320346320346323,0.4262948207171315,231,251,251,0,0,0
human_nontata_promoters,j_lt_0p1,30032,22638,0.004140786826610565,0,0,1,186.0,0.4460431654676259,0.4940239043824701,278,251,251,0,0,0
human_nontata_promoters,j_lt_0p1,30116,18298,0.004166666883975267,0,0,1,139.5,0.4451219512195122,0.2908366533864542,164,251,251,0,0,0
human_nontata_promoters,j_lt_0p1,30055,19294,0.0,0,0,1,216.0,0.43973941368078173,0.5378486055776892,307,251,251,0,0,0
human_nontata_promoters,j_lt_0p1,30285,19223,0.0,0,0,1,133.0,0.4365079365079365,0.43824701195219123,252,251,251,0,0,0
human_nontata_promoters,j_lt_0p1,30203,6663,0.006237006280571222,0,0,0,235.5,0.47761194029850745,0.5099601593625498,268,251,251,0,0,0
human_nontata_promoters,j_lt_0p1,29979,21853,0.006329114083200693,0,0,1,157.0,0.4161073825503356,0.4940239043824701,298,251,251,0,0,0
human_nontata_promoters,j_lt_0p1,30086,2228,0.004149377811700106,0,0,0,188.5,0.4258064516129032,0.5258964143426295,310,251,251,0,0,0
human_nontata_promoters,j_lt_0p1,29931,5258,0.008298755623400211,0,0,0,217.0,0.4631578947368421,0.5258964143426295,285,251,251,0,0,0
human_nontata_promoters,j_lt_0p1,30198,12679,0.0,0,0,1,169.0,0.45357142857142857,0.5059760956175299,280,251,251,0,0,0
human_nontata_promoters,j_lt_0p1,30046,22012,0.0042553190141916275,0,0,1,243.5,0.4826388888888889,0.5537848605577689,288,251,251,0,0,0
human_nontata_promoters,j_lt_0p1,30068,2430,0.00413223123177886,0,0,0,151.5,0.40522875816993464,0.4940239043824701,306,251,251,0,0,0
human_nontata_promoters,j_lt_0p1,29962,17896,0.0,0,0,1,87.5,0.37037037037037035,0.23904382470119523,162,251,251,0,0,0
human_nontata_promoters,j_lt_0p1,30085,2848,0.002074688905850053,0,0,0,139.0,0.35335689045936397,0.398406374501992,283,251,251,0,0,0
human_nontata_promoters,j_lt_0p1,30264,11292,0.0,0,0,0,201.0,0.44983818770226536,0.5537848605577689,309,251,251,0,0,0
human_nontata_promoters,j_lt_0p1,30148,4373,0.0,0,0,0,108.5,0.37943262411347517,0.4262948207171315,282,251,251,0,0,0
human_nontata_promoters,j_lt_0p1,30069,12806,0.010548523627221584,0,0,1,220.5,0.45051194539249145,0.5258964143426295,293,251,251,0,0,0
human_nontata_promoters,j_lt_0p1,30147,7661,0.004140786826610565,0,0,0,133.0,0.4,0.46215139442231074,290,251,251,0,0,0
human_nontata_promoters,j_lt_0p1,30105,23346,0.0020833334419876337,0,0,1,121.5,0.425531914893617,0.398406374501992,235,251,251,0,0,0
human_nontata_promoters,j_lt_0p1,30043,19564,0.00206611561588943,0,0,1,143.0,0.364741641337386,0.47808764940239046,329,251,251,0,0,0
human_nontata_promoters,j_lt_0p1,30014,7560,0.006211180239915848,0,0,0,190.0,0.45,0.5378486055776892,300,251,251,0,0,0
human_nontata_promoters,j_lt_0p1,30143,10576,0.002061855746433139,0,0,0,201.5,0.4166666666666667,0.49800796812749004,300,251,251,0,0,0
human_nontata_promoters,j_lt_0p1,29904,25000,0.0020703934133052826,0,0,1,118.0,0.3689655172413793,0.4262948207171315,290,251,251,0,0,0
human_nontata_promoters,j_lt_0p1,29953,4602,0.006342494860291481,0,0,0,192.5,0.4511784511784512,0.5338645418326693,297,251,251,0,0,0
human_nontata_promoters,j_lt_0p1,30257,10534,0.00826446246355772,0,0,0,217.5,0.45864661654135336,0.4860557768924303,266,251,251,0,0,0
human_nontata_promoters,j_lt_0p1,30098,21705,0.0,0,0,1,118.5,0.3944954128440367,0.3426294820717131,218,251,251,0,0,0
human_nontata_promoters,j_lt_0p1,30140,25555,0.00626304792240262,0,0,1,168.0,0.41156462585034015,0.4820717131474104,294,251,251,0,0,0
human_nontata_promoters,j_lt_0p1,30228,17883,0.006289307959377766,0,0,1,204.0,0.46863468634686345,0.5059760956175299,271,251,251,0,0,0
human_nontata_promoters,j_lt_0p1,30075,22558,0.0021551724057644606,0,0,1,163.0,0.40404040404040403,0.3187250996015936,198,251,251,0,0,0
human_nontata_promoters,j_lt_0p1,29908,16725,0.002114164875820279,0,0,1,181.5,0.4420289855072464,0.4860557768924303,276,251,251,0,0,0
human_nontata_promoters,j_lt_0p1,30281,18395,0.0,0,0,1,173.0,0.4,0.44621513944223107,280,251,251,0,0,0
human_nontata_promoters,j_lt_0p1,30134,3022,0.0,0,0,0,171.0,0.4370629370629371,0.49800796812749004,286,251,251,0,0,0
human_nontata_promoters,j_lt_0p1,30269,6629,0.00413223123177886,0,0,0,215.0,0.4214046822742475,0.50199203187251,299,251,251,0,0,0
human_nontata_promoters,j_lt_0p1,29938,6465,0.012552301399409771,0,0,0,228.0,0.4709897610921502,0.549800796812749,293,251,251,0,0,0
human_nontata_promoters,j_lt_0p1,30261,9266,0.002057613106444478,0,0,0,256.5,0.4897959183673469,0.5737051792828686,294,251,251,0,0,0
human_nontata_promoters,j_lt_0p1,30214,10971,0.0,0,0,0,184.5,0.40064102564102566,0.49800796812749004,312,251,251,0,0,0
human_nontata_promoters,j_lt_0p1,29955,2645,0.002061855746433139,0,0,0,183.0,0.5,0.36254980079681276,182,251,251,0,0,0
human_nontata_promoters,j_lt_0p1,30225,16058,0.008752735331654549,0,0,1,127.0,0.34662576687116564,0.450199203187251,326,251,251,0,0,0
human_nontata_promoters,j_lt_0p1,30286,15601,0.0,0,0,1,74.0,0.4132231404958678,0.199203187250996,121,251,251,0,0,0
human_nontata_promoters,j_lt_0p1,30150,22399,0.0,0,0,1,141.5,0.43231441048034935,0.3944223107569721,229,251,251,0,0,0
human_nontata_promoters,j_lt_0p1,30067,15659,0.004175365436822176,0,0,1,228.5,0.4509090909090909,0.4940239043824701,275,251,251,0,0,0
human_nontata_promoters,j_lt_0p1,29897,16009,0.0,0,0,1,178.0,0.4596774193548387,0.4541832669322709,248,251,251,0,0,0
human_nontata_promoters,j_lt_0p1,29962,3845,0.00206611561588943,0,0,0,235.0,0.5034722222222222,0.5776892430278885,288,251,251,0,0,0
human_nontata_promoters,j_lt_0p1,30017,19546,0.0,0,0,1,194.5,0.40705128205128205,0.5059760956175299,312,251,251,0,0,0
human_nontata_promoters,j_lt_0p1,29899,5524,0.0020703934133052826,0,0,0,187.0,0.4117647058823529,0.50199203187251,306,251,251,0,0,0
human_nontata_promoters,j_lt_0p1,30008,17534,0.0,0,0,1,191.5,0.4758364312267658,0.5099601593625498,269,251,251,0,0,0
human_nontata_promoters,j_lt_0p1,30040,8212,0.0,0,0,0,172.0,0.41533546325878595,0.5179282868525896,313,251,251,0,0,0
human_nontata_promoters,j_lt_0p1,30229,14190,0.0,0,0,1,166.0,0.45643153526970953,0.43824701195219123,241,251,251,0,0,0
human_nontata_promoters,j_lt_0p1,29956,12494,0.0,0,0,1,100.5,0.35785953177257523,0.4262948207171315,299,251,251,0,0,0
human_nontata_promoters,j_lt_0p1,29918,4484,0.008658008649945259,0,0,0,248.0,0.48120300751879697,0.5099601593625498,266,251,251,0,0,0
human_nontata_promoters,j_lt_0p1,30244,13896,0.014989293180406094,0,0,1,237.5,0.4432624113475177,0.49800796812749004,282,251,251,0,0,0
human_nontata_promoters,j_lt_0p1,30132,16048,0.002074688905850053,0,0,1,176.5,0.43309859154929575,0.4900398406374502,284,251,251,0,0,0
human_nontata_promoters,j_lt_0p1,30080,12495,0.0,0,0,1,164.5,0.40076335877862596,0.41832669322709165,262,251,251,0,0,0
human_nontata_promoters,j_lt_0p1,30039,80,0.012552301399409771,0,0,0,197.0,0.45263157894736844,0.5139442231075697,285,251,251,0,0,0
human_nontata_promoters,j_lt_0p1,29933,7754,0.006237006280571222,0,0,0,159.0,0.39473684210526316,0.35856573705179284,228,251,251,0,0,0
human_nontata_promoters,j_lt_0p1,30001,7910,0.021008403971791267,0,0,0,218.5,0.49812734082397003,0.5298804780876494,267,251,251,0,0,0
human_nontata_promoters,j_lt_0p1,29973,7236,0.0,0,0,0,197.0,0.4215686274509804,0.5139442231075697,306,251,251,0,0,0
human_nontata_promoters,j_lt_0p1,30122,12291,0.004140786826610565,0,0,0,163.5,0.4037735849056604,0.4262948207171315,265,251,251,0,0,0
human_nontata_promoters,j_lt_0p1,30037,8116,0.004123711492866278,0,0,0,198.5,0.4115755627009646,0.5099601593625498,311,251,251,0,0,0
human_nontata_promoters,j_lt_0p1,30094,156,0.0,0,0,0,174.0,0.36792452830188677,0.46613545816733065,318,251,251,0,0,0
human_nontata_promoters,j_lt_0p1,30131,4740,0.0,0,0,0,204.0,0.40894568690095845,0.5099601593625498,313,251,251,0,0,0
human_nontata_promoters,j_lt_0p1,30274,14174,0.00413223123177886,0,0,1,179.5,0.42857142857142855,0.44223107569721115,259,251,251,0,0,0
human_nontata_promoters,j_lt_0p1,30090,19046,0.0041841003112494946,0,0,1,181.5,0.4223826714801444,0.46613545816733065,277,251,251,0,0,0
human_nontata_promoters,j_lt_0p1,30195,13875,0.0,0,0,1,217.0,0.4586206896551724,0.5298804780876494,290,251,251,0,0,0
human_nontata_promoters,j_lt_0p1,30266,3011,0.01037344429641962,0,0,0,183.5,0.4161073825503356,0.4940239043824701,298,251,251,0,0,0
human_nontata_promoters,j_lt_0p1,30276,25979,0.0,0,0,1,171.0,0.45692883895131087,0.4860557768924303,267,251,251,0,0,0
human_nontata_promoters,j_lt_0p1,29898,23240,0.0,0,0,1,164.5,0.42857142857142855,0.4302788844621514,252,251,251,0,0,0
human_nontata_promoters,j_lt_0p1,29923,11909,0.002109704539179802,0,0,0,194.0,0.3920265780730897,0.4701195219123506,301,251,251,0,0,0
human_nontata_promoters,j_lt_0p1,30122,21128,0.006465517450124025,0,0,1,188.0,0.40397350993377484,0.4860557768924303,302,251,251,0,0,0
human_nontata_promoters,j_lt_0p1,30011,10252,0.0062500000931322575,0,0,0,183.5,0.436426116838488,0.5059760956175299,291,251,251,0,0,0
human_nontata_promoters,j_lt_0p1,30058,15824,0.0,0,0,1,72.5,0.36099585062240663,0.3466135458167331,241,251,251,0,0,0
human_nontata_promoters,j_lt_0p1,30270,2061,0.006224066484719515,0,0,0,189.5,0.44333333333333336,0.5298804780876494,300,251,251,0,0,0
human_nontata_promoters,j_lt_0p1,30096,11440,0.004201680887490511,0,0,0,193.5,0.42105263157894735,0.5099601593625498,304,251,251,0,0,0
human_nontata_promoters,j_lt_0p1,30265,16302,0.0,0,0,1,175.5,0.40584415584415584,0.49800796812749004,308,251,251,0,0,0
human_nontata_promoters,j_lt_0p1,30158,2846,0.008316008374094963,0,0,0,155.0,0.4041095890410959,0.4701195219123506,292,251,251,0,0,0
human_nontata_promoters,j_lt_0p1,29993,17434,0.0,0,0,1,46.5,0.4794520547945205,0.1394422310756972,73,251,251,0,0,0
human_nontata_promoters,j_lt_0p1,30240,22300,0.002053388161584735,0,0,1,203.0,0.4185185185185185,0.450199203187251,270,251,251,0,0,0
human_nontata_promoters,j_lt_0p1,30224,18631,0.0041841003112494946,0,0,1,170.5,0.39655172413793105,0.4581673306772908,290,251,251,0,0,0
human_nontata_promoters,j_lt_0p1,30015,13750,0.0,0,0,1,164.0,0.41228070175438597,0.3745019920318725,228,251,251,0,0,0
human_nontata_promoters,j_lt_0p1,30192,2665,0.002057613106444478,0,0,0,140.0,0.42,0.50199203187251,300,251,251,0,0,0
human_nontata_promoters,j_lt_0p1,30033,18032,0.0043290043249726295,0,0,1,248.5,0.46474358974358976,0.5776892430278885,312,251,251,0,0,0
human_nontata_promoters,j_lt_0p1,29911,1997,0.0021786491852253675,0,0,0,183.5,0.4291845493562232,0.398406374501992,233,251,251,0,0,0
human_nontata_promoters,j_lt_0p1,30015,21878,0.01046025101095438,0,0,1,186.0,0.42857142857142855,0.4302788844621514,252,251,251,0,0,0
human_nontata_promoters,j_lt_0p1,30047,6706,0.0,0,0,0,179.5,0.4411764705882353,0.47808764940239046,272,251,251,0,0,0
human_nontata_promoters,j_lt_0p1,30004,24517,0.0,0,0,1,149.5,0.3471337579617834,0.4342629482071713,314,251,251,0,0,0
human_nontata_promoters,j_lt_0p1,29919,9303,0.0021008404437452555,0,0,0,167.5,0.49390243902439024,0.32270916334661354,164,251,251,0,0,0
human_nontata_promoters,j_lt_0p1,29948,23761,0.0,0,0,1,162.5,0.43190661478599224,0.44223107569721115,257,251,251,0,0,0
human_nontata_promoters,j_lt_0p1,29981,6497,0.002057613106444478,0,0,0,153.5,0.39158576051779936,0.4820717131474104,309,251,251,0,0,0
human_nontata_promoters,j_lt_0p1,30137,4994,0.002061855746433139,0,0,0,200.5,0.4789272030651341,0.49800796812749004,261,251,251,0,0,0
human_nontata_promoters,j_lt_0p1,29979,8930,0.0,0,0,0,193.0,0.4581673306772908,0.4581673306772908,251,251,251,0,0,0
human_nontata_promoters,j_lt_0p1,30028,7791,0.0,0,0,0,233.5,0.4896551724137931,0.5657370517928287,290,251,251,0,0,0
human_nontata_promoters,j_lt_0p1,30206,20749,0.0041580041870474815,0,0,1,206.5,0.41522491349480967,0.47808764940239046,289,251,251,0,0,0
human_nontata_promoters,j_lt_0p1,30061,16575,0.002074688905850053,0,0,1,229.5,0.4980544747081712,0.5099601593625498,257,251,251,0,0,0
human_nontata_promoters,j_lt_0p1,29943,17892,0.006211180239915848,0,0,1,212.5,0.4056603773584906,0.5139442231075697,318,251,251,0,0,0
human_nontata_promoters,j_lt_0p1,30265,18346,0.006666666828095913,0,0,1,139.0,0.37777777777777777,0.47410358565737054,315,251,251,0,0,0
human_nontata_promoters,j_lt_0p1,29939,15066,0.0,0,0,1,186.0,0.4337748344370861,0.5219123505976095,302,251,251,0,0,0
human_nontata_promoters,j_lt_0p1,30083,6689,0.0041580041870474815,0,0,0,199.0,0.43037974683544306,0.5418326693227091,316,251,251,0,0,0
human_nontata_promoters,j_lt_0p1,30268,12864,0.0,0,0,1,108.0,0.3803418803418803,0.3545816733067729,234,251,251,0,0,0
human_nontata_promoters,j_lt_0p1,30165,16450,0.0,0,0,1,206.5,0.4342105263157895,0.5258964143426295,304,251,251,0,0,0
human_nontata_promoters,j_lt_0p1,30030,6865,0.00206611561588943,0,0,0,127.0,0.41263940520446096,0.44223107569721115,269,251,251,0,0,0
human_nontata_promoters,j_lt_0p1,30162,1284,0.0021276595070958138,0,0,0,234.5,0.46938775510204084,0.549800796812749,294,251,251,0,0,0
human_nontata_promoters,j_0p1_0p3,31150,1052,0.11163895577192307,0,0,0,501.5,0.855072463768116,0.4701195219123506,138,251,251,0,0,1
human_nontata_promoters,j_0p1_0p3,27488,11416,0.13701923191547394,0,0,0,713.0,0.7392996108949417,0.7569721115537849,257,251,251,0,0,1
human_nontata_promoters,j_0p1_0p3,27684,1155,0.12709832191467285,0,0,0,490.0,0.8478260869565217,0.46613545816733065,138,251,251,0,0,1
human_nontata_promoters,j_0p1_0p3,28229,35,0.12056737393140793,0,0,0,452.0,0.6548223350253807,0.5139442231075697,197,251,251,0,0,0
human_nontata_promoters,j_0p1_0p3,27425,1051,0.17412935197353363,0,0,0,760.0,0.8557692307692307,0.7091633466135459,208,251,251,1,0,1
human_nontata_promoters,j_0p1_0p3,29912,8029,0.11401425302028656,0,0,0,406.0,0.7703703703703704,0.41434262948207173,135,251,251,0,0,1
human_nontata_promoters,j_0p1_0p3,30124,4506,0.1139240488409996,0,0,0,592.5,0.6751054852320675,0.6374501992031872,237,251,251,0,0,0
human_nontata_promoters,j_0p1_0p3,27099,8,0.15952381491661072,0,0,0,365.0,1.0,0.2908366533864542,73,251,251,0,0,0
human_nontata_promoters,j_0p1_0p3,27364,704,0.11751151829957962,0,0,0,277.5,0.5090252707581228,0.5617529880478087,277,251,251,0,0,0
human_nontata_promoters,j_0p1_0p3,27214,284,0.16707022488117218,0,0,0,370.0,1.0,0.2948207171314741,74,251,251,0,0,0
human_nontata_promoters,j_0p1_0p3,28807,5187,0.18133333325386047,0,0,0,803.0,0.8511627906976744,0.7290836653386454,215,251,251,1,0,1
human_nontata_promoters,j_0p1_0p3,28242,3324,0.11510791629552841,0,0,0,376.0,0.8842105263157894,0.3346613545816733,95,251,251,0,0,1
human_nontata_promoters,j_0p1_0p3,35567,25288,0.19230769574642181,0,1,1,728.0,0.7698744769874477,0.7330677290836654,239,251,251,0,0,1
human_nontata_promoters,j_0p1_0p3,29618,7625,0.10091742873191833,0,0,0,250.0,1.0,0.199203187250996,50,251,251,0,0,0
human_nontata_promoters,j_0p1_0p3,34399,14315,0.11557789146900177,0,1,1,452.5,0.6192307692307693,0.6414342629482072,260,251,251,0,0,0
human_nontata_promoters,j_0p1_0p3,28228,10819,0.15724815428256989,0,0,0,789.0,0.8122448979591836,0.7928286852589641,245,251,251,1,0,1
human_nontata_promoters,j_0p1_0p3,27487,11970,0.157384991645813,0,0,0,699.0,0.8702702702702703,0.6414342629482072,185,251,251,1,0,1
human_nontata_promoters,j_0p1_0p3,30779,11870,0.10958904027938843,0,0,0,275.0,1.0,0.21912350597609562,55,251,251,0,0,0
human_nontata_promoters,j_0p1_0p3,29891,8450,0.18536585569381714,0,0,0,415.0,1.0,0.33067729083665337,83,251,251,0,0,1
human_nontata_promoters,j_0p1_0p3,30078,11432,0.18000000715255737,0,0,0,719.5,0.8130841121495327,0.6932270916334662,214,251,251,1,0,1
human_nontata_promoters,j_0p1_0p3,34361,24594,0.11007025837898254,0,1,1,641.0,0.7799043062200957,0.649402390438247,209,251,251,0,0,1
human_nontata_promoters,j_0p1_0p3,29912,9056,0.10613207519054413,0,0,0,613.0,0.7703349282296651,0.6414342629482072,209,251,251,0,0,1
human_nontata_promoters,j_0p1_0p3,29551,878,0.10874704271554947,0,0,0,296.5,0.5267857142857143,0.4701195219123506,224,251,251,0,0,0
human_nontata_promoters,j_0p1_0p3,27433,8666,0.20403023064136505,0,0,0,797.0,0.7791164658634538,0.7729083665338645,249,251,251,0,0,1
human_nontata_promoters,j_0p1_0p3,27487,4874,0.22797927260398865,0,0,0,741.5,0.9152542372881356,0.6454183266932271,177,251,251,1,0,1
human_nontata_promoters,j_0p1_0p3,30893,8555,0.1041666641831398,0,0,0,583.0,0.7277227722772277,0.5856573705179283,202,251,251,0,0,1
human_nontata_promoters,j_0p1_0p3,30098,16902,0.11670480668544769,0,0,1,575.0,0.6986899563318777,0.6374501992031872,229,251,251,0,0,0
human_nontata_promoters,j_0p1_0p3,28178,3317,0.15479116141796112,0,0,0,350.0,1.0,0.2788844621513944,70,251,251,0,0,0
human_nontata_promoters,j_0p1_0p3,27172,210,0.1818181872367859,0,0,0,405.0,1.0,0.32270916334661354,81,251,251,0,0,1
human_nontata_promoters,j_0p1_0p3,28562,915,0.11778846383094788,0,0,0,586.5,0.668,0.6653386454183267,250,251,251,0,0,0
human_nontata_promoters,j_0p1_0p3,27521,8727,0.15751789510250092,0,0,0,791.5,0.826271186440678,0.7768924302788844,236,251,251,1,0,1
human_nontata_promoters,j_0p1_0p3,29557,4156,0.13819095492362976,0,0,0,518.0,0.6506550218340611,0.5936254980079682,229,251,251,0,0,0
human_nontata_promoters,j_0p1_0p3,28194,3376,0.20049504935741425,0,0,0,440.0,1.0,0.350597609561753,88,251,251,0,0,1
human_nontata_promoters,j_0p1_0p3,30334,9918,0.14805825054645538,0,0,0,356.5,0.5017543859649123,0.5697211155378487,285,251,251,0,0,0
human_nontata_promoters,j_0p1_0p3,27426,4156,0.10669974982738495,0,0,0,641.0,0.7971014492753623,0.6573705179282868,207,251,251,0,0,1
human_nontata_promoters,j_0p1_0p3,31040,4762,0.10023310035467148,0,0,0,504.0,0.8380281690140845,0.47410358565737054,142,251,251,0,0,1
human_nontata_promoters,j_0p1_0p3,27329,1812,0.1241217777132988,0,0,0,710.5,0.7651821862348178,0.7529880478087649,247,251,251,0,0,1
human_nontata_promoters,j_0p1_0p3,36020,2053,0.15762273967266083,0,1,0,564.5,0.6159420289855072,0.6772908366533864,276,251,251,0,0,0
human_nontata_promoters,j_0p1_0p3,31991,5067,0.10141509771347046,0,1,0,539.0,0.6184738955823293,0.6135458167330677,249,251,251,0,0,0
human_nontata_promoters,j_0p1_0p3,31934,9165,0.1053864136338234,0,1,0,760.5,0.7547892720306514,0.7848605577689243,261,251,251,0,0,1
human_nontata_promoters,j_0p1_0p3,27520,4873,0.11085450649261475,0,0,0,608.0,0.8108108108108109,0.5976095617529881,185,251,251,1,0,1
human_nontata_promoters,j_0p1_0p3,28679,1808,0.12383177876472473,0,0,0,610.0,0.7260869565217392,0.6653386454183267,230,251,251,0,0,1
human_nontata_promoters,j_0p1_0p3,31102,1680,0.11888112127780914,0,0,0,500.0,0.7987804878048781,0.5219123505976095,164,251,251,0,0,1
human_nontata_promoters,j_0p1_0p3,30523,1054,0.2222222238779068,0,0,0,600.5,0.9097222222222222,0.5219123505976095,144,251,251,1,0,1
human_nontata_promoters,j_0p1_0p3,30013,3500,0.1053864136338234,0,0,0,520.5,0.84,0.50199203187251,150,251,251,1,0,1
human_nontata_promoters,j_0p1_0p3,27639,1160,0.10392609983682632,0,0,0,685.0,0.7385892116182573,0.7091633466135459,241,251,251,0,0,1
human_nontata_promoters,j_0p1_0p3,28795,12152,0.1190476194024086,0,0,0,593.5,0.7609756097560976,0.6215139442231076,205,251,251,0,0,1
human_nontata_promoters,j_0p1_0p3,33467,17489,0.10280373692512512,0,1,1,399.0,0.8260869565217391,0.3784860557768924,115,251,251,0,0,1
human_nontata_promoters,j_0p1_0p3,28684,13169,0.18346253037452698,0,0,1,834.0,0.8425531914893617,0.7888446215139442,235,251,251,1,0,1
human_nontata_promoters,j_0p1_0p3,28225,4419,0.11529412120580673,0,0,0,655.0,0.7419354838709677,0.7330677290836654,248,251,251,0,0,1
human_nontata_promoters,j_0p1_0p3,30884,12160,0.131386861205101,0,0,0,635.5,0.7327188940092166,0.6334661354581673,217,251,251,0,0,1
human_nontata_promoters,j_0p1_0p3,33783,7407,0.12705881893634796,0,1,0,664.0,0.7175572519083969,0.749003984063745,262,251,251,0,0,1
human_nontata_promoters,j_0p1_0p3,27485,17608,0.13734939694404602,0,0,1,772.0,0.8008658008658008,0.7370517928286853,231,251,251,1,0,1
human_nontata_promoters,j_0p1_0p3,30524,8034,0.11368909478187561,0,0,0,445.5,0.7887323943661971,0.44621513944223107,142,251,251,0,0,1
human_nontata_promoters,j_0p1_0p3,28838,5345,0.299719899892807,0,0,0,570.0,1.0,0.4541832669322709,114,251,251,0,0,1
human_nontata_promoters,j_0p1_0p3,31107,12053,0.11316397041082382,0,0,0,535.0,0.7540983606557377,0.549800796812749,183,251,251,0,0,1
human_nontata_promoters,j_0p1_0p3,27667,11456,0.13625304400920868,0,0,0,403.0,0.5413533834586466,0.5737051792828686,266,251,251,0,0,0
human_nontata_promoters,j_0p1_0p3,30574,10531,0.12702079117298126,0,0,0,305.0,1.0,0.24302788844621515,61,251,251,0,0,0
human_nontata_promoters,j_0p1_0p3,27858,8863,0.1746031790971756,0,0,0,544.0,0.8441558441558441,0.5179282868525896,154,251,251,1,0,1
human_nontata_promoters,j_0p1_0p3,27521,618,0.13126491010189056,0,0,0,739.0,0.8333333333333334,0.7171314741035857,216,251,251,1,0,1
human_nontata_promoters,j_0p1_0p3,27451,966,0.1154734417796135,0,0,0,280.0,1.0,0.22310756972111553,56,251,251,0,0,0
human_nontata_promoters,j_0p1_0p3,28739,1048,0.15421687066555023,0,0,0,734.5,0.7567567567567568,0.7808764940239044,259,251,251,0,0,1
human_nontata_promoters,j_0p1_0p3,27521,8648,0.1435406655073166,0,0,0,717.0,0.7872340425531915,0.7370517928286853,235,251,251,0,0,1
human_nontata_promoters,j_0p1_0p3,28716,8555,0.11395348608493805,0,0,0,531.0,0.5912408759124088,0.6454183266932271,274,251,251,0,0,0
human_nontata_promoters,j_0p1_0p3,28067,17467,0.12383177876472473,0,0,1,669.5,0.8700564971751412,0.6135458167330677,177,251,251,1,0,1
human_nontata_promoters,j_0p1_0p3,27786,4953,0.11638955026865005,0,0,0,556.0,0.8417721518987342,0.5298804780876494,158,251,251,1,0,1
human_nontata_promoters,j_0p1_0p3,27486,10304,0.191435769200325,0,0,0,716.0,0.8670212765957447,0.649402390438247,188,251,251,1,0,1
human_nontata_promoters,j_0p1_0p3,28179,11430,0.11764705926179886,0,0,0,632.5,0.7232142857142857,0.6454183266932271,224,251,251,0,0,1
human_nontata_promoters,j_0p1_0p3,27484,10668,0.2015306055545807,0,0,0,892.0,0.8433734939759037,0.8366533864541833,249,251,251,1,0,1
human_nontata_promoters,j_0p1_0p3,27522,875,0.14640198647975922,0,0,0,547.5,0.797752808988764,0.5657370517928287,178,251,251,0,0,1
human_nontata_promoters,j_0p1_0p3,28551,24978,0.10117647051811218,0,0,1,472.0,0.835820895522388,0.44621513944223107,134,251,251,0,0,1
human_nontata_promoters,j_0p1_0p3,29158,8555,0.15180723369121552,0,0,0,809.0,0.8063241106719368,0.8127490039840638,253,251,251,1,0,1
human_nontata_promoters,j_0p1_0p3,27519,5067,0.12796208262443542,0,0,0,600.5,0.6269230769230769,0.649402390438247,260,251,251,0,0,0
human_nontata_promoters,j_0p1_0p3,30620,10752,0.16467779874801636,0,0,0,380.0,1.0,0.30278884462151395,76,251,251,0,0,1
human_nontata_promoters,j_0p1_0p3,27485,10668,0.191435769200325,0,0,0,857.0,0.8388429752066116,0.8087649402390438,242,251,251,1,0,1
human_nontata_promoters,j_0p1_0p3,35323,9156,0.1388888955116272,0,1,0,591.0,0.6605166051660517,0.7131474103585658,271,251,251,0,0,0
human_nontata_promoters,j_0p1_0p3,28678,406,0.11290322244167328,0,0,0,598.0,0.7916666666666666,0.6055776892430279,192,251,251,0,0,1
human_nontata_promoters,j_0p1_0p3,30433,4152,0.11316397041082382,0,0,0,795.0,0.8024193548387096,0.7928286852589641,248,251,251,1,0,1
human_nontata_promoters,j_0p1_0p3,28553,21394,0.12268518656492233,0,0,1,563.5,0.6919642857142857,0.6175298804780877,224,251,251,0,0,0
human_nontata_promoters,j_0p1_0p3,28556,10401,0.10730593651533127,0,0,0,456.0,0.5555555555555556,0.5378486055776892,243,251,251,0,0,0
human_nontata_promoters,j_0p1_0p3,29596,5074,0.11943794041872025,0,0,0,680.0,0.7584745762711864,0.7131474103585658,236,251,251,0,0,1
human_nontata_promoters,j_0p1_0p3,27724,9111,0.11034482717514038,0,0,0,363.0,0.8585858585858586,0.3386454183266932,99,251,251,0,0,1
human_nontata_promoters,j_0p1_0p3,30097,4415,0.125,0,0,0,658.5,0.7098039215686275,0.7211155378486056,255,251,251,0,0,1
human_nontata_promoters,j_0p1_0p3,27911,8522,0.1299019604921341,0,0,0,540.0,0.6759259259259259,0.5816733067729084,216,251,251,0,0,0
human_nontata_promoters,j_0p1_0p3,29964,7458,0.17590361833572388,0,0,0,613.5,0.8674698795180723,0.5737051792828686,166,251,251,1,0,1
human_nontata_promoters,j_0p1_0p3,27640,7448,0.15270936489105225,0,0,0,671.0,0.8,0.6693227091633466,210,251,251,1,0,1
human_nontata_promoters,j_0p1_0p3,27488,12061,0.13571429252624512,0,0,0,612.0,0.8142076502732241,0.5936254980079682,183,251,251,1,0,1
human_nontata_promoters,j_0p1_0p3,27432,4760,0.13126491010189056,0,0,0,438.0,0.5693430656934306,0.6215139442231076,274,251,251,0,0,0
human_nontata_promoters,j_0p1_0p3,27684,1136,0.1621621549129486,0,0,0,769.0,0.7670682730923695,0.7609561752988048,249,251,251,0,0,1
human_nontata_promoters,j_0p1_0p3,27142,12171,0.15024630725383759,0,0,0,716.5,0.7710843373493976,0.7649402390438247,249,251,251,0,0,1
human_nontata_promoters,j_0p1_0p3,27148,1842,0.10817307978868484,0,0,0,557.5,0.6282527881040892,0.6733067729083665,269,251,251,0,0,0
human_nontata_promoters,j_0p1_0p3,30434,8651,0.1411764770746231,0,0,0,714.5,0.7923728813559322,0.7450199203187251,236,251,251,0,0,1
human_nontata_promoters,j_0p1_0p3,27780,11536,0.10000000149011612,0,0,0,642.5,0.7349397590361446,0.7290836653386454,249,251,251,0,0,1
human_nontata_promoters,j_0p1_0p3,27146,8832,0.11655011773109436,0,0,0,429.0,0.8110236220472441,0.4103585657370518,127,251,251,0,0,1
human_nontata_promoters,j_0p1_0p3,35571,7460,0.10798121988773346,0,1,0,491.5,0.8163265306122449,0.47808764940239046,147,251,251,0,0,1
human_nontata_promoters,j_0p1_0p3,27433,4465,0.10232558101415634,0,0,0,444.0,0.5524193548387096,0.545816733067729,248,251,251,0,0,0
human_nontata_promoters,j_0p1_0p3,28429,800,0.10093896836042404,0,0,0,726.0,0.7651821862348178,0.7529880478087649,247,251,251,0,0,1
human_nontata_promoters,j_0p1_0p3,29912,392,0.11666666716337204,0,0,0,640.0,0.780952380952381,0.6533864541832669,210,251,251,0,0,1
human_nontata_promoters,j_0p1_0p3,28196,3377,0.24484536051750183,0,0,0,515.0,1.0,0.4103585657370518,103,251,251,0,0,1
human_nontata_promoters,j_0p1_0p3,28225,1016,0.11794871836900711,0,0,0,502.5,0.7619047619047619,0.5099601593625498,168,251,251,0,0,1
human_nontata_promoters,j_0p1_0p3,27486,5461,0.11764705926179886,0,0,0,626.5,0.8773006134969326,0.5697211155378487,163,251,251,1,0,1
human_nontata_promoters,j_0p1_0p3,31038,4415,0.18427518010139465,0,0,0,828.0,0.8648648648648649,0.7649402390438247,222,251,251,1,0,1
human_nontata_promoters,j_0p1_0p3,27396,786,0.1144067794084549,0,0,0,306.0,0.5042016806722689,0.47808764940239046,238,251,251,0,0,0
human_nontata_promoters,j_0p1_0p3,28619,907,0.10185185074806213,0,0,0,546.5,0.6259541984732825,0.6533864541832669,262,251,251,0,0,0
human_nontata_promoters,j_0p1_0p3,30318,9813,0.26861703395843506,0,0,0,520.0,1.0,0.41434262948207173,104,251,251,0,0,1
human_nontata_promoters,j_0p1_0p3,27615,1454,0.10697674751281738,0,0,0,265.0,1.0,0.21115537848605578,53,251,251,0,0,0
human_nontata_promoters,j_0p1_0p3,27487,10667,0.16058394312858582,0,0,0,700.0,0.8469387755102041,0.6613545816733067,196,251,251,1,0,1
human_nontata_promoters,j_0p1_0p3,32675,4878,0.14460784196853638,0,1,0,677.0,0.8540540540540541,0.6294820717131474,185,251,251,1,0,1
human_nontata_promoters,j_0p1_0p3,28678,881,0.13902439177036285,0,0,0,382.5,0.6242774566473989,0.4302788844621514,173,251,251,0,0,0
human_nontata_promoters,j_0p1_0p3,36130,3590,0.15144230425357819,0,1,0,760.0,0.8060344827586207,0.7450199203187251,232,251,251,1,0,1
human_nontata_promoters,j_0p1_0p3,29957,8614,0.11415524780750275,0,0,0,285.0,1.0,0.22709163346613545,57,251,251,0,0,0
human_nontata_promoters,j_0p1_0p3,27472,7458,0.18734177947044373,0,0,0,673.5,0.7681818181818182,0.6733067729083665,220,251,251,0,0,1
human_nontata_promoters,j_0p1_0p3,27483,7455,0.18581907451152802,0,0,0,618.0,0.7566137566137566,0.5697211155378487,189,251,251,0,0,1
human_nontata_promoters,j_0p1_0p3,28684,7455,0.21173469722270966,0,0,0,870.0,0.8529411764705882,0.8087649402390438,238,251,251,1,0,1
human_nontata_promoters,j_0p1_0p3,27485,9158,0.19565217196941376,0,0,0,527.5,0.8551724137931035,0.4940239043824701,145,251,251,0,0,1
human_nontata_promoters,j_0p1_0p3,30125,8513,0.13705584406852722,0,0,0,713.0,0.734375,0.749003984063745,256,251,251,0,0,1
human_nontata_promoters,j_0p1_0p3,27667,392,0.12646369636058807,0,0,0,418.5,0.8487394957983193,0.40239043824701193,119,251,251,0,0,1
human_nontata_promoters,j_0p1_0p3,30227,9468,0.12702079117298126,0,0,0,310.0,1.0,0.24701195219123506,62,251,251,0,0,0
human_nontata_promoters,j_0p1_0p3,29983,876,0.13647642731666565,0,0,0,826.0,0.8015564202334631,0.8207171314741036,257,251,251,1,0,1
human_nontata_promoters,j_0p1_0p3,28678,1526,0.12177985906600952,0,0,0,693.0,0.7272727272727273,0.7330677290836654,253,251,251,0,0,1
human_nontata_promoters,j_0p1_0p3,30525,614,0.10502283275127411,0,0,0,791.5,0.7926829268292683,0.7768924302788844,246,251,251,0,0,1
human_nontata_promoters,j_0p1_0p3,31039,414,0.12093023210763931,0,0,0,743.0,0.8240740740740741,0.7091633466135459,216,251,251,1,0,1
human_nontata_promoters,j_0p1_0p3,29597,7560,0.14319248497486115,0,0,0,315.0,1.0,0.250996015936255,63,251,251,0,0,0
human_nontata_promoters,j_0p1_0p3,30417,10006,0.13817329704761505,0,0,0,736.5,0.8034188034188035,0.749003984063745,234,251,251,1,0,1
human_nontata_promoters,j_0p1_0p3,27520,11465,0.1878172606229782,0,0,0,779.0,0.8538812785388128,0.7450199203187251,219,251,251,1,0,1
human_nontata_promoters,j_0p1_0p3,27473,1681,0.12200956791639328,0,0,0,571.5,0.7336448598130841,0.6254980079681275,214,251,251,0,0,1
human_nontata_promoters,j_0p1_0p3,29226,7329,0.11441647261381149,0,0,0,550.0,0.6328125,0.6454183266932271,256,251,251,0,0,0
human_nontata_promoters,j_0p1_0p3,30374,9930,0.2899729013442993,0,0,0,580.0,1.0,0.46215139442231074,116,251,251,0,0,1
human_nontata_promoters,j_0p1_0p3,29966,7451,0.10653752833604813,0,0,0,533.0,0.6222222222222222,0.6693227091633466,270,251,251,0,0,0
human_nontata_promoters,j_0p1_0p3,30324,9764,0.20971867442131042,0,0,0,475.0,1.0,0.3784860557768924,95,251,251,0,0,1
human_nontata_promoters,j_0p1_0p3,27728,8722,0.125,0,0,0,502.5,0.7215909090909091,0.5059760956175299,176,251,251,0,0,1
human_nontata_promoters,j_0p1_0p3,29595,11884,0.10392609983682632,0,0,0,490.0,0.8321678321678322,0.47410358565737054,143,251,251,0,0,1
human_nontata_promoters,j_0p1_0p3,27989,10398,0.1034482792019844,0,0,0,703.5,0.7457627118644068,0.701195219123506,236,251,251,0,0,1
human_nontata_promoters,j_0p1_0p3,28620,8665,0.10430838912725449,0,0,0,393.0,0.5458333333333333,0.5219123505976095,240,251,251,0,0,0
human_nontata_promoters,j_0p1_0p3,30078,2036,0.1305418759584427,0,0,0,704.0,0.6909090909090909,0.7569721115537849,275,251,251,0,0,0
human_nontata_promoters,j_0p1_0p3,27432,1155,0.1380145251750946,0,0,0,477.5,0.7134502923976608,0.4860557768924303,171,251,251,0,0,1
human_nontata_promoters,j_0p1_0p3,28683,9163,0.10194174945354462,0,0,0,437.0,0.8728813559322034,0.4103585657370518,118,251,251,0,0,1
human_nontata_promoters,j_0p1_0p3,30304,9779,0.1483253538608551,0,0,0,345.0,1.0,0.2749003984063745,69,251,251,0,0,0
human_nontata_promoters,j_0p1_0p3,32976,4492,0.13255813717842102,0,1,0,595.0,0.6746031746031746,0.6772908366533864,252,251,251,0,0,0
human_nontata_promoters,j_0p1_0p3,28067,902,0.1252955049276352,0,0,0,607.0,0.8323699421965318,0.5737051792828686,173,251,251,1,0,1
human_nontata_promoters,j_0p1_0p3,27436,1078,0.10879629850387573,0,0,0,667.0,0.7934272300469484,0.6733067729083665,213,251,251,0,0,1
human_nontata_promoters,j_0p1_0p3,29596,11969,0.17587940394878387,0,0,0,795.5,0.7804878048780488,0.7649402390438247,246,251,251,0,0,1
human_nontata_promoters,j_0p1_0p3,30096,1682,0.1609756052494049,0,0,0,596.0,0.8831168831168831,0.5418326693227091,154,251,251,1,0,1
human_nontata_promoters,j_0p1_0p3,31040,881,0.11864406615495682,0,0,0,343.5,0.5903614457831325,0.3904382470119522,166,251,251,0,0,0
human_nontata_promoters,j_0p1_0p3,30338,9934,0.13301663100719452,0,0,0,315.5,0.47796610169491527,0.5617529880478087,295,251,251,0,0,0
human_nontata_promoters,j_0p1_0p3,28679,4875,0.125,0,0,0,502.5,0.831081081081081,0.4900398406374502,148,251,251,0,0,1
human_nontata_promoters,j_0p1_0p3,27433,2937,0.11368909478187561,0,0,0,600.5,0.6588235294117647,0.6693227091633466,255,251,251,0,0,0
human_nontata_promoters,j_0p1_0p3,27473,8643,0.125,0,0,0,597.5,0.7476635514018691,0.6374501992031872,214,251,251,0,0,1
human_nontata_promoters,j_0p1_0p3,29670,7757,0.1525423675775528,0,0,0,350.0,1.0,0.2788844621513944,70,251,251,0,0,0
human_nontata_promoters,j_0p1_0p3,35481,25053,0.11264368146657944,0,1,1,548.5,0.791907514450867,0.545816733067729,173,251,251,0,0,1
human_nontata_promoters,j_0p1_0p3,28683,7550,0.11298076808452606,0,0,0,625.5,0.6615384615384615,0.6852589641434262,260,251,251,0,0,0
human_nontata_promoters,j_0p1_0p3,28555,869,0.12993039190769196,0,0,0,598.5,0.6666666666666666,0.7171314741035857,270,251,251,0,0,0
human_nontata_promoters,j_0p1_0p3,27434,8648,0.1291079819202423,0,0,0,747.0,0.8051948051948052,0.7410358565737052,231,251,251,1,0,1
human_nontata_promoters,j_0p1_0p3,29545,8667,0.1320754736661911,0,0,0,746.5,0.8181818181818182,0.7171314741035857,220,251,251,1,0,1
human_nontata_promoters,j_0p1_0p3,32976,909,0.14319248497486115,0,1,0,579.0,0.8741721854304636,0.5258964143426295,151,251,251,1,0,1
human_nontata_promoters,j_0p1_0p3,27433,1531,0.10465116053819656,0,0,0,556.5,0.6848739495798319,0.649402390438247,238,251,251,0,0,0
human_nontata_promoters,j_0p1_0p3,34692,9056,0.12649165093898773,0,1,0,621.0,0.819672131147541,0.5976095617529881,183,251,251,1,0,1
human_nontata_promoters,j_0p1_0p3,29911,1027,0.12871287763118744,0,0,0,594.5,0.676923076923077,0.701195219123506,260,251,251,0,0,0
human_nontata_promoters,j_0p1_0p3,27471,4760,0.15526315569877625,0,0,0,619.5,0.6872427983539094,0.6653386454183267,243,251,251,0,0,0
human_nontata_promoters,j_0p1_0p3,30374,9918,0.18844221532344818,0,0,0,400.0,1.0,0.3187250996015936,80,251,251,0,0,1
human_nontata_promoters,j_0p1_0p3,28697,68,0.13411764800548553,0,0,0,847.0,0.8134920634920635,0.8167330677290837,252,251,251,1,0,1
human_nontata_promoters,j_0p1_0p3,27487,1018,0.20370370149612427,0,0,0,592.0,0.8181818181818182,0.5378486055776892,165,251,251,1,0,1
human_nontata_promoters,j_0p1_0p3,30337,9783,0.17530864477157593,0,0,0,385.0,1.0,0.30677290836653387,77,251,251,0,0,1
human_nontata_promoters,j_0p1_0p3,29444,7178,0.2410256415605545,0,0,0,510.0,1.0,0.4063745019920319,102,251,251,0,0,1
human_nontata_promoters,j_0p1_0p3,29628,7641,0.1462264209985733,0,0,0,345.0,1.0,0.2749003984063745,69,251,251,0,0,0
human_nontata_promoters,j_0p1_0p3,29896,8473,0.2109181135892868,0,0,0,455.0,1.0,0.36254980079681276,91,251,251,0,0,1
human_nontata_promoters,j_0p1_0p3,27912,4489,0.1093023270368576,0,0,0,550.5,0.7540106951871658,0.5617529880478087,187,251,251,0,0,1
human_nontata_promoters,j_0p1_0p3,28620,8739,0.13033175468444824,0,0,0,622.0,0.7125506072874493,0.701195219123506,247,251,251,0,0,1
human_nontata_promoters,j_0p1_0p3,30323,9854,0.11267605423927307,0,0,0,321.0,0.5034722222222222,0.5776892430278885,288,251,251,0,0,0
human_nontata_promoters,j_0p1_0p3,28451,4175,0.14084507524967194,0,0,0,335.0,1.0,0.26693227091633465,67,251,251,0,0,0
human_nontata_promoters,j_0p1_0p3,28181,17489,0.1801566630601883,0,0,1,597.5,0.6441947565543071,0.6852589641434262,267,251,251,0,0,0
human_nontata_promoters,j_0p1_0p3,28444,3453,0.1442786008119583,0,0,0,781.0,0.8185654008438819,0.7729083665338645,237,251,251,1,0,1
human_nontata_promoters,j_0p1_0p3,28439,5185,0.12077295035123825,0,0,0,838.5,0.8235294117647058,0.8366533864541833,255,251,251,1,0,1
human_nontata_promoters,j_0p1_0p3,27244,1159,0.17191283404827118,0,0,0,534.5,0.8176100628930818,0.5179282868525896,159,251,251,1,0,1
human_nontata_promoters,j_0p1_0p3,27470,887,0.11764705926179886,0,0,0,646.0,0.7159533073929961,0.7330677290836654,257,251,251,0,0,1
human_nontata_promoters,j_0p1_0p3,29596,8034,0.10465116053819656,0,0,0,536.0,0.7135678391959799,0.5657370517928287,199,251,251,0,0,1
human_nontata_promoters,j_0p1_0p3,30078,8646,0.10280373692512512,0,0,0,616.5,0.795,0.6334661354581673,200,251,251,0,0,1
human_nontata_promoters,j_0p1_0p3,29273,6650,0.2914438545703888,0,0,0,580.0,1.0,0.46215139442231074,116,251,251,0,0,1
human_nontata_promoters,j_0p1_0p3,27522,872,0.1974683552980423,0,0,0,778.5,0.8081632653061225,0.7888446215139442,245,251,251,1,0,1
human_nontata_promoters,j_0p1_0p3,27487,4759,0.2688172161579132,0,0,0,840.5,0.9104477611940298,0.7290836653386454,201,251,251,1,0,1
human_nontata_promoters,j_0p1_0p3,33783,7448,0.11764705926179886,0,1,0,613.5,0.7032520325203252,0.6892430278884463,246,251,251,0,0,1
human_nontata_promoters,j_0p1_0p3,28228,10398,0.11529412120580673,0,0,0,610.5,0.852760736196319,0.5537848605577689,163,251,251,1,0,1
human_nontata_promoters,j_0p1_0p3,30123,23847,0.14463840425014496,0,0,1,784.5,0.7795275590551181,0.7888446215139442,254,251,251,0,0,1
human_nontata_promoters,j_0p1_0p3,27482,9693,0.13734939694404602,0,0,0,564.5,0.7164179104477612,0.5737051792828686,201,251,251,0,0,1
human_nontata_promoters,j_0p1_0p3,31934,1808,0.10204081982374191,0,1,0,567.0,0.7232142857142857,0.6454183266932271,224,251,251,0,0,1
human_nontata_promoters,j_0p1_0p3,34409,3499,0.13012048602104187,0,1,0,505.0,0.7602339181286549,0.5179282868525896,171,251,251,0,0,1
human_nontata_promoters,j_0p1_0p3,27438,7551,0.10000000149011612,0,0,0,466.0,0.8095238095238095,0.47410358565737054,147,251,251,0,0,1
human_nontata_promoters,j_0p1_0p3,27485,1151,0.11007025837898254,0,0,0,415.0,0.8181818181818182,0.3944223107569721,121,251,251,0,0,1
human_nontata_promoters,j_0p1_0p3,30123,4490,0.13349515199661255,0,0,0,700.5,0.73046875,0.7450199203187251,256,251,251,0,0,1
human_nontata_promoters,j_0p1_0p3,28552,6005,0.13270142674446106,0,0,0,800.0,0.7868217054263565,0.8087649402390438,258,251,251,0,0,1
human_nontata_promoters,j_0p1_0p3,31934,14392,0.10983981937170029,0,1,1,584.0,0.6227758007117438,0.6972111553784861,281,251,251,0,0,0
human_nontata_promoters,j_0p1_0p3,35223,10304,0.1525423675775528,0,1,0,687.5,0.7489878542510121,0.7370517928286853,247,251,251,0,0,1
human_nontata_promoters,j_0p1_0p3,30508,10367,0.12235294282436371,0,0,0,290.0,1.0,0.23107569721115537,58,251,251,0,0,0
human_nontata_promoters,j_0p1_0p3,28719,2583,0.13725490868091583,0,0,0,683.5,0.8027522935779816,0.6972111553784861,218,251,251,1,0,1
human_nontata_promoters,j_0p1_0p3,27146,12153,0.14355231821537018,0,0,0,781.0,0.8348214285714286,0.7450199203187251,224,251,251,1,0,1
human_nontata_promoters,j_0p1_0p3,30552,10541,0.2455243021249771,0,0,0,515.0,1.0,0.4103585657370518,103,251,251,0,0,1
human_nontata_promoters,j_0p1_0p3,30386,9988,0.17917676270008087,0,0,0,405.0,1.0,0.32270916334661354,81,251,251,0,0,1
human_nontata_promoters,j_0p1_0p3,30126,2936,0.178660050034523,0,0,0,673.0,0.7552742616033755,0.7131474103585658,237,251,251,0,0,1
human_nontata_promoters,j_0p1_0p3,34409,7331,0.13333334028720856,0,1,0,410.5,0.75,0.3944223107569721,132,251,251,0,0,1
human_nontata_promoters,j_0p1_0p3,27666,11395,0.10114942491054535,0,0,0,450.5,0.6237623762376238,0.50199203187251,202,251,251,0,0,0
human_nontata_promoters,j_0p1_0p3,31101,8514,0.1375921368598938,0,0,0,546.0,0.7268518518518519,0.6254980079681275,216,251,251,0,0,1
human_nontata_promoters,j_0p1_0p3,28479,4264,0.19164618849754333,0,0,0,415.0,1.0,0.33067729083665337,83,251,251,0,0,1
human_nontata_promoters,j_0p1_0p3,28697,2278,0.11294117569923401,0,0,0,680.5,0.7853881278538812,0.6852589641434262,219,251,251,0,0,1
human_nontata_promoters,j_0p1_0p3,30525,4486,0.14878049492835999,0,0,0,643.5,0.8604651162790697,0.5896414342629482,172,251,251,1,0,1
human_nontata_promoters,j_0p1_0p3,36020,2056,0.10591132938861847,0,1,0,530.0,0.5793103448275863,0.6693227091633466,290,251,251,0,0,0
human_nontata_promoters,j_0p1_0p3,31038,8519,0.14532019197940826,0,0,0,699.0,0.7937219730941704,0.7051792828685259,223,251,251,0,0,1
human_nontata_promoters,j_0p1_0p3,27487,8718,0.10772833973169327,0,0,0,631.5,0.8138297872340425,0.6095617529880478,188,251,251,1,0,1
human_nontata_promoters,j_0p1_0p3,29596,8683,0.12971697747707367,0,0,0,433.5,0.8062015503875969,0.41434262948207173,129,251,251,0,0,1
human_nontata_promoters,j_0p1_0p3,28186,3343,0.2952127754688263,0,0,0,590.0,1.0,0.4701195219123506,118,251,251,0,0,1
human_nontata_promoters,j_0p1_0p3,30835,11286,0.12820513546466827,0,0,0,305.0,1.0,0.24302788844621515,61,251,251,0,0,0
human_nontata_promoters,j_0p1_0p3,30377,9955,0.2166246920824051,0,0,0,450.0,1.0,0.35856573705179284,90,251,251,0,0,1
human_nontata_promoters,j_0p1_0p3,28553,9058,0.1483253538608551,0,0,0,639.0,0.7688888888888888,0.6892430278884463,225,251,251,0,0,1
human_nontata_promoters,j_0p1_0p3,30078,12062,0.11162790656089783,0,0,0,637.0,0.7366255144032922,0.7131474103585658,243,251,251,0,0,1
human_nontata_promoters,j_0p1_0p3,30782,11136,0.2150000035762787,0,0,0,465.0,1.0,0.3705179282868526,93,251,251,0,0,1
human_nontata_promoters,j_0p1_0p3,27406,11944,0.12114014476537704,0,0,0,571.5,0.7168949771689498,0.6254980079681275,219,251,251,0,0,1
human_nontata_promoters,j_0p1_0p3,27876,2341,0.265625,0,0,0,540.0,1.0,0.4302788844621514,108,251,251,0,0,1
human_nontata_promoters,j_0p1_0p3,30524,909,0.15238095819950104,0,0,0,853.5,0.8170731707317073,0.8007968127490039,246,251,251,1,0,1
human_nontata_promoters,j_0p1_0p3,28526,11267,0.12354312092065811,0,0,0,728.0,0.8373205741626795,0.6972111553784861,209,251,251,1,0,1
human_nontata_promoters,j_0p1_0p3,27727,5577,0.13679245114326477,0,0,0,664.0,0.7906976744186046,0.6772908366533864,215,251,251,0,0,1
human_nontata_promoters,j_0p1_0p3,30434,37,0.1217183768749237,0,0,0,777.0,0.7877551020408163,0.7689243027888446,245,251,251,0,0,1
human_nontata_promoters,j_0p1_0p3,30799,11193,0.27272728085517883,0,0,0,545.0,1.0,0.4342629482071713,109,251,251,0,0,1
human_nontata_promoters,j_0p1_0p3,28562,883,0.10073710232973099,0,0,0,529.5,0.6085271317829457,0.6254980079681275,258,251,251,0,0,0
human_nontata_promoters,j_0p1_0p3,29570,7501,0.1945812851190567,0,0,0,864.0,0.8711111111111111,0.7808764940239044,225,251,251,1,0,1
human_nontata_promoters,j_0p1_0p3,27472,1081,0.11666666716337204,0,0,0,498.0,0.7485714285714286,0.5219123505976095,175,251,251,0,0,1
human_nontata_promoters,j_0p1_0p3,27472,8647,0.1521196961402893,0,0,0,699.0,0.7451737451737451,0.7689243027888446,259,251,251,0,0,1
human_nontata_promoters,j_0p1_0p3,32675,1811,0.10465116053819656,0,1,0,430.5,0.8360655737704918,0.4063745019920319,122,251,251,0,0,1
human_nontata_promoters,j_0p1_0p3,30869,612,0.10879629850387573,0,0,0,663.5,0.7850467289719626,0.6693227091633466,214,251,251,0,0,1
human_nontata_promoters,j_0p1_0p3,30380,10119,0.14084507524967194,0,0,0,686.0,0.8130841121495327,0.6932270916334662,214,251,251,1,0,1
human_nontata_promoters,j_0p1_0p3,28556,11416,0.12121212482452393,0,0,0,473.0,0.6133333333333333,0.549800796812749,225,251,251,0,0,0
human_nontata_promoters,j_0p1_0p3,27488,908,0.1428571492433548,0,0,0,710.0,0.7224334600760456,0.7569721115537849,263,251,251,0,0,1
human_nontata_promoters,j_0p1_0p3,33783,12676,0.10599078238010406,0,1,1,602.5,0.6889763779527559,0.6972111553784861,254,251,251,0,0,0
human_nontata_promoters,j_0p1_0p3,31100,21572,0.10068649798631668,0,0,1,689.0,0.8104265402843602,0.6812749003984063,211,251,251,1,0,1
human_nontata_promoters,j_0p1_0p3,30433,9693,0.10093896836042404,0,0,0,680.0,0.7120622568093385,0.7290836653386454,257,251,251,0,0,1
human_nontata_promoters,j_0p1_0p3,28070,2943,0.1642512083053589,0,0,0,380.0,1.0,0.30278884462151395,76,251,251,0,0,1
human_nontata_promoters,j_0p1_0p3,27329,1024,0.1179245263338089,0,0,0,749.5,0.751004016064257,0.7450199203187251,249,251,251,0,0,1
human_nontata_promoters,j_0p1_0p3,27683,9157,0.11358024924993515,0,0,0,483.5,0.625,0.5976095617529881,240,251,251,0,0,0
human_nontata_promoters,j_0p1_0p3,30940,11591,0.14657209813594818,0,0,0,345.0,1.0,0.2749003984063745,69,251,251,0,0,0
human_nontata_promoters,j_0p1_0p3,29911,8648,0.1670951098203659,0,0,0,618.0,0.8010471204188482,0.6095617529880478,191,251,251,1,0,1
human_nontata_promoters,j_0p1_0p3,30409,10114,0.15639810264110565,0,0,0,365.0,1.0,0.2908366533864542,73,251,251,0,0,0
human_nontata_promoters,j_0p1_0p3,29130,6232,0.13084112107753754,0,0,0,316.5,0.4942084942084942,0.5099601593625498,259,251,251,0,0,0
human_nontata_promoters,j_0p1_0p3,30097,10247,0.12735849618911743,0,0,0,506.0,0.9090909090909091,0.43824701195219123,121,251,251,0,0,1
human_nontata_promoters,j_0p1_0p3,30907,4874,0.12085308134555817,0,0,0,735.0,0.7676348547717843,0.7370517928286853,241,251,251,0,0,1
human_nontata_promoters,j_0p1_0p3,31037,4413,0.12009237706661224,0,0,0,602.0,0.8831168831168831,0.5418326693227091,154,251,251,1,0,1
human_nontata_promoters,j_0p1_0p3,27123,179,0.11342592537403107,0,0,0,663.0,0.7767857142857143,0.6932270916334662,224,251,251,0,0,1
human_nontata_promoters,j_0p1_0p3,30523,392,0.1727493852376938,0,0,0,859.5,0.8225806451612904,0.8127490039840638,248,251,251,1,0,1
human_nontata_promoters,j_0p1_0p3,33461,4414,0.12169311940670013,0,1,0,590.5,0.6682242990654206,0.5697211155378487,214,251,251,0,0,0
human_nontata_promoters,j_0p1_0p3,27949,4930,0.10948905348777771,0,0,0,557.5,0.6966824644549763,0.5856573705179283,211,251,251,0,0,0
human_nontata_promoters,j_0p1_0p3,31100,26332,0.18069307506084442,0,0,1,845.0,0.8125,0.8286852589641435,256,251,251,1,0,1
human_nontata_promoters,j_0p1_0p3,30892,2273,0.1214953288435936,0,0,0,635.5,0.6837944664031621,0.6892430278884463,253,251,251,0,0,0
human_nontata_promoters,j_0p1_0p3,30523,2940,0.1650485396385193,0,0,0,512.5,0.9173553719008265,0.44223107569721115,121,251,251,0,0,1
human_nontata_promoters,j_0p1_0p3,28677,10251,0.13947990536689758,0,0,0,667.5,0.6703296703296703,0.7290836653386454,273,251,251,0,0,0
human_nontata_promoters,j_0p1_0p3,29964,1814,0.13647058606147766,0,0,0,759.0,0.7991803278688525,0.7768924302788844,244,251,251,0,0,1
human_nontata_promoters,j_0p1_0p3,29963,919,0.1342925727367401,0,0,0,770.5,0.8032786885245902,0.7808764940239044,244,251,251,1,0,1
human_nontata_promoters,j_0p1_0p3,31038,871,0.15789473056793213,0,0,0,664.0,0.7280701754385965,0.6613545816733067,228,251,251,0,0,1
human_nontata_promoters,j_0p1_0p3,27486,10818,0.2460317462682724,0,0,0,888.5,0.8455284552845529,0.8286852589641435,246,251,251,1,0,1
human_nontata_promoters,j_0p1_0p3,27684,8518,0.11822660267353058,0,0,0,529.5,0.6036363636363636,0.6613545816733067,275,251,251,0,0,0
human_nontata_promoters,j_0p1_0p3,29596,4879,0.12259615212678909,0,0,0,495.5,0.7730061349693251,0.50199203187251,163,251,251,0,0,1
human_nontata_promoters,j_0p1_0p3,30098,11884,0.10706150531768799,0,0,0,574.0,0.7355769230769231,0.6095617529880478,208,251,251,0,0,1
human_nontata_promoters,j_0p1_0p3,29961,1812,0.11085450649261475,0,0,0,537.5,0.7668393782383419,0.5896414342629482,193,251,251,0,0,1
human_nontata_promoters,j_0p1_0p3,28242,2051,0.11722487956285477,0,0,0,612.0,0.6953125,0.7091633466135459,256,251,251,0,0,0
human_nontata_promoters,j_0p1_0p3,33467,5007,0.11298076808452606,0,1,0,576.5,0.8,0.5737051792828686,180,251,251,1,0,1
human_nontata_promoters,j_0p1_0p3,27482,2036,0.1259079873561859,0,0,0,367.0,0.9186046511627907,0.3147410358565737,86,251,251,0,0,1
human_nontata_promoters,j_0p1_0p3,29936,8560,0.2385786771774292,0,0,0,500.0,1.0,0.398406374501992,100,251,251,0,0,1
human_nontata_promoters,j_0p1_0p3,27277,448,0.21065989136695862,0,0,0,465.0,1.0,0.3705179282868526,93,251,251,0,0,1
human_nontata_promoters,j_0p1_0p3,30308,9779,0.17936117947101593,0,0,0,400.0,1.0,0.3187250996015936,80,251,251,0,0,1
human_nontata_promoters,j_0p1_0p3,31039,10245,0.15970516204833984,0,0,0,844.5,0.828,0.8247011952191236,250,251,251,1,0,1
human_nontata_promoters,j_0p1_0p3,27785,4529,0.10574712604284286,0,0,0,451.0,0.8617886178861789,0.42231075697211157,123,251,251,0,0,1
human_nontata_promoters,j_0p1_0p3,27266,1528,0.17380352318286896,0,0,0,693.0,0.8133971291866029,0.6772908366533864,209,251,251,1,0,1
human_nontata_promoters,j_0p1_0p3,33088,8561,0.12616822123527527,0,1,0,451.0,0.860655737704918,0.41832669322709165,122,251,251,0,0,1
human_nontata_promoters,j_0p1_0p3,30317,9805,0.17199017107486725,0,0,0,380.0,1.0,0.30278884462151395,76,251,251,0,0,1
human_nontata_promoters,j_0p1_0p3,34692,1809,0.15365853905677795,0,1,0,604.0,0.7312775330396476,0.6613545816733067,227,251,251,0,0,1
human_nontata_promoters,j_0p1_0p3,28403,4050,0.18941503763198853,0,0,0,443.0,0.5875486381322957,0.601593625498008,257,251,251,0,0,0
human_nontata_promoters,j_0p1_0p3,29522,1152,0.11241217702627182,0,0,0,621.0,0.7064220183486238,0.6135458167330677,218,251,251,0,0,1
human_nontata_promoters,j_0p1_0p3,31991,1015,0.10606060922145844,0,1,0,557.5,0.5899280575539568,0.6533864541832669,278,251,251,0,0,0
human_nontata_promoters,j_0p1_0p3,30869,1680,0.13701923191547394,0,0,0,692.0,0.8839779005524862,0.6374501992031872,181,251,251,1,0,1
human_nontata_promoters,j_0p1_0p3,29971,8681,0.15990453958511353,0,0,0,370.0,1.0,0.2948207171314741,74,251,251,0,0,0
human_nontata_promoters,j_0p1_0p3,30335,9924,0.12796208262443542,0,0,0,342.0,0.4928571428571429,0.549800796812749,280,251,251,0,0,0
human_nontata_promoters,j_0p1_0p3,27437,2937,0.1428571492433548,0,0,0,659.0,0.7124463519313304,0.6613545816733067,233,251,251,0,0,1
human_nontata_promoters,j_0p1_0p3,31066,10151,0.1154734417796135,0,0,0,449.0,0.657608695652174,0.4820717131474104,184,251,251,0,0,0
human_nontata_promoters,j_0p1_0p3,27619,1496,0.2578125,0,0,0,530.0,1.0,0.42231075697211157,106,251,251,0,0,1
human_nontata_promoters,j_0p1_0p3,28560,5007,0.12348668277263641,0,0,0,602.0,0.8121546961325967,0.5856573705179283,181,251,251,1,0,1
human_nontata_promoters,j_0p1_0p3,28704,4968,0.202469140291214,0,0,0,445.0,1.0,0.3545816733067729,89,251,251,0,0,1
human_nontata_promoters,j_0p1_0p3,29979,12053,0.10297483205795288,0,0,0,519.0,0.596078431372549,0.6055776892430279,255,251,251,0,0,0
human_nontata_promoters,j_0p1_0p3,27684,2034,0.11084337532520294,0,0,0,457.5,0.8396946564885496,0.43824701195219123,131,251,251,0,0,1
human_nontata_promoters,j_0p1_0p3,27431,8522,0.10765550285577774,0,0,0,467.5,0.5991735537190083,0.5776892430278885,242,251,251,0,0,0
human_nontata_promoters,j_0p1_0p3,30308,9780,0.15662650763988495,0,0,0,360.0,1.0,0.2868525896414343,72,251,251,0,0,0
human_nontata_promoters,j_0p1_0p3,30886,11439,0.10068649798631668,0,0,0,255.0,1.0,0.20318725099601595,51,251,251,0,0,0
human_nontata_promoters,j_0p1_0p3,30523,2697,0.12971697747707367,0,0,0,818.0,0.77734375,0.7928286852589641,256,251,251,0,0,1
human_nontata_promoters,j_0p1_0p3,29156,10253,0.1390887349843979,0,0,0,636.0,0.7908163265306123,0.6175298804780877,196,251,251,0,0,1
human_nontata_promoters,j_0p1_0p3,33515,3504,0.18087854981422424,0,1,0,488.0,0.6931818181818182,0.4860557768924303,176,251,251,0,0,0
human_nontata_promoters,j_0p1_0p3,27436,11387,0.14457830786705017,0,0,0,639.5,0.689922480620155,0.7091633466135459,258,251,251,0,0,0
human_nontata_promoters,j_0p1_0p3,28776,12149,0.14355231821537018,0,0,0,520.0,0.7803468208092486,0.5378486055776892,173,251,251,0,0,1
human_nontata_promoters,j_0p1_0p3,27912,921,0.12440191209316254,0,0,0,534.5,0.8012820512820513,0.49800796812749004,156,251,251,0,0,1
human_nontata_promoters,j_0p1_0p3,29926,3497,0.10158013552427292,0,0,0,528.0,0.8023952095808383,0.5338645418326693,167,251,251,1,0,1
human_nontata_promoters,j_0p1_0p3,27665,915,0.10672853887081146,0,0,0,528.5,0.6729857819905213,0.5657370517928287,211,251,251,0,0,0
human_nontata_promoters,j_0p1_0p3,31101,10669,0.11600928008556366,0,0,0,667.0,0.7593360995850622,0.7290836653386454,241,251,251,0,0,1
human_nontata_promoters,j_0p1_0p3,27488,8667,0.13539192080497742,0,0,0,696.5,0.75,0.6932270916334662,232,251,251,0,0,1
human_nontata_promoters,j_0p1_0p3,32974,26492,0.10833333432674408,0,1,1,440.0,0.597864768683274,0.6693227091633466,281,251,251,0,0,0
human_nontata_promoters,j_0p1_0p3,30380,10070,0.22670024633407593,0,0,0,475.0,1.0,0.3784860557768924,95,251,251,0,0,1
human_nontata_promoters,j_0p1_0p3,31103,7452,0.1071428582072258,0,0,0,373.5,0.5209790209790209,0.5936254980079682,286,251,251,0,0,0
human_nontata_promoters,j_0p1_0p3,30127,11968,0.10046728700399399,0,0,0,523.0,0.8652482269503546,0.4860557768924303,141,251,251,0,0,1
human_nontata_promoters,j_0p1_0p3,30089,9089,0.1090909093618393,0,0,0,265.0,1.0,0.21115537848605578,53,251,251,0,0,0
human_nontata_promoters,j_0p1_0p3,28067,8513,0.14749999344348907,0,0,0,636.5,0.6872586872586872,0.7091633466135459,259,251,251,0,0,0
human_nontata_promoters,j_0p1_0p3,28067,10820,0.11971831321716309,0,0,0,621.5,0.8216216216216217,0.6055776892430279,185,251,251,1,0,1
human_nontata_promoters,j_0p1_0p3,30097,16902,0.13238771259784698,0,0,1,669.0,0.7137254901960784,0.7250996015936255,255,251,251,0,0,1
human_nontata_promoters,j_0p1_0p3,31100,8654,0.16707022488117218,0,0,0,658.0,0.7881773399014779,0.6374501992031872,203,251,251,0,0,1
human_nontata_promoters,j_0p1_0p3,28636,4794,0.28496041893959045,0,0,0,575.0,1.0,0.4581673306772908,115,251,251,0,0,1
human_nontata_promoters,j_0p1_0p3,31101,4878,0.12887828052043915,0,0,0,727.0,0.7974137931034483,0.7370517928286853,232,251,251,0,0,1
human_nontata_promoters,j_0p1_0p3,28179,4524,0.11330049484968185,0,0,0,515.0,0.8104575163398693,0.4940239043824701,153,251,251,0,0,1
human_nontata_promoters,j_0p1_0p3,27949,3500,0.1118881106376648,0,0,0,552.0,0.7079207920792079,0.5697211155378487,202,251,251,0,0,1
human_nontata_promoters,j_0p1_0p3,30341,9929,0.1811414361000061,0,0,0,340.0,1.0,0.27091633466135456,68,251,251,0,0,0
human_nontata_promoters,j_0p1_0p3,27702,1767,0.14386792480945587,0,0,0,340.0,1.0,0.27091633466135456,68,251,251,0,0,0
human_nontata_promoters,j_0p1_0p3,27667,2936,0.15217390656471252,0,0,0,616.5,0.7807486631016043,0.5816733067729084,187,251,251,0,0,1
human_nontata_promoters,j_0p1_0p3,27432,6704,0.11085450649261475,0,0,0,503.5,0.5884476534296029,0.649402390438247,277,251,251,0,0,0
human_nontata_promoters,j_0p1_0p3,29549,871,0.16467779874801636,0,0,0,612.5,0.8324022346368715,0.5936254980079682,179,251,251,1,0,1
human_nontata_promoters,j_0p1_0p3,33515,3581,0.13513512909412384,0,1,0,539.5,0.6270491803278688,0.6095617529880478,244,251,251,0,0,0
human_nontata_promoters,j_0p1_0p3,30828,11281,0.2442159354686737,0,0,0,510.0,1.0,0.4063745019920319,102,251,251,0,0,1
human_nontata_promoters,j_0p1_0p3,30080,4761,0.11627907305955887,0,0,0,505.5,0.8104575163398693,0.4940239043824701,153,251,251,0,0,1
human_nontata_promoters,j_0p1_0p3,28807,11938,0.1683417111635208,0,0,0,680.0,0.8461538461538461,0.6135458167330677,182,251,251,1,0,1
human_nontata_promoters,j_0p1_0p3,31052,11942,0.2368421107530594,0,0,0,455.0,1.0,0.36254980079681276,91,251,251,0,0,1
human_nontata_promoters,j_0p1_0p3,28556,10399,0.10730593651533127,0,0,0,447.5,0.5863636363636363,0.5139442231075697,220,251,251,0,0,0
human_nontata_promoters,j_0p1_0p3,29312,6801,0.19070903956890106,0,0,0,425.0,1.0,0.3386454183266932,85,251,251,0,0,1
human_nontata_promoters,j_0p1_0p3,27437,35,0.13285024464130402,0,0,0,528.5,0.6517857142857143,0.5816733067729084,224,251,251,0,0,0
human_nontata_promoters,j_0p1_0p3,27484,11884,0.17910447716712952,0,0,0,736.5,0.8522167487684729,0.6892430278884463,203,251,251,1,0,1
human_nontata_promoters,j_0p1_0p3,27667,4487,0.10563380271196365,0,0,0,359.5,0.5608856088560885,0.6055776892430279,271,251,251,0,0,0
human_nontata_promoters,j_0p1_0p3,27473,10669,0.10798121988773346,0,0,0,634.5,0.6996197718631179,0.7330677290836654,263,251,251,0,0,0
human_nontata_promoters,j_0p1_0p3,31934,5076,0.13849765062332153,0,1,0,744.5,0.8356164383561644,0.7290836653386454,219,251,251,1,0,1
human_nontata_promoters,j_0p1_0p3,34692,889,0.1040189117193222,0,1,0,427.5,0.8571428571428571,0.38247011952191234,112,251,251,0,0,1
human_nontata_promoters,j_0p1_0p3,30426,10133,0.14420804381370544,0,0,0,340.0,1.0,0.27091633466135456,68,251,251,0,0,0
human_nontata_promoters,j_0p1_0p3,29347,6897,0.22335025668144226,0,0,0,465.0,1.0,0.3705179282868526,93,251,251,0,0,1
human_nontata_promoters,j_0p1_0p3,30098,10670,0.15550239384174347,0,0,0,639.5,0.7261410788381742,0.6972111553784861,241,251,251,0,0,1
human_nontata_promoters,j_0p1_0p3,27427,6696,0.10392609983682632,0,0,0,400.0,0.768,0.38247011952191234,125,251,251,0,0,1
human_nontata_promoters,j_0p1_0p3,28550,1018,0.13249999284744263,0,0,0,607.0,0.7117903930131004,0.649402390438247,229,251,251,0,0,1
human_nontata_promoters,j_0p1_0p3,28697,5010,0.16346153616905212,0,0,0,769.0,0.8348623853211009,0.7250996015936255,218,251,251,1,0,1
human_nontata_promoters,j_0p1_0p3,30434,8684,0.13615024089813232,0,0,0,525.5,0.8141025641025641,0.5059760956175299,156,251,251,1,0,1
human_nontata_promoters,j_0p1_0p3,29983,24978,0.11137440800666809,0,0,1,586.5,0.8475609756097561,0.5537848605577689,164,251,251,1,0,1
human_nontata_promoters,j_0p1_0p3,29968,11465,0.10023310035467148,0,0,0,399.0,0.8031496062992126,0.4063745019920319,127,251,251,0,0,1
human_nontata_promoters,j_0p1_0p3,27789,3499,0.12177985906600952,0,0,0,707.0,0.7019607843137254,0.7131474103585658,255,251,251,0,0,1
human_nontata_promoters,j_0p1_0p3,30523,4407,0.10747663676738739,0,0,0,536.5,0.8541666666666666,0.4900398406374502,144,251,251,0,0,1
human_nontata_promoters,j_0p1_0p3,27444,952,0.11751151829957962,0,0,0,285.0,1.0,0.22709163346613545,57,251,251,0,0,0
human_nontata_promoters,j_0p1_0p3,27726,22314,0.10328638553619385,0,0,1,527.0,0.6166666666666667,0.5896414342629482,240,251,251,0,0,0
human_nontata_promoters,j_0p1_0p3,29179,6403,0.25581395626068115,0,0,0,525.0,1.0,0.41832669322709165,105,251,251,0,0,1
human_nontata_promoters,j_0p1_0p3,27723,882,0.10352940857410431,0,0,0,482.5,0.6125,0.5856573705179283,240,251,251,0,0,0
human_nontata_promoters,j_0p1_0p3,29374,6964,0.10706150531768799,0,0,0,270.0,1.0,0.2151394422310757,54,251,251,0,0,0
human_nontata_promoters,j_0p1_0p3,29545,1813,0.1255924105644226,0,0,0,785.0,0.8205128205128205,0.7649402390438247,234,251,251,1,0,1
human_nontata_promoters,j_0p1_0p3,31065,867,0.10430838912725449,0,0,0,516.5,0.6102941176470589,0.6613545816733067,272,251,251,0,0,0
human_nontata_promoters,j_0p1_0p3,28114,3129,0.18719211220741272,0,0,0,420.0,1.0,0.3346613545816733,84,251,251,0,0,1
human_nontata_promoters,j_0p1_0p3,30097,4416,0.125,0,0,0,658.5,0.7098039215686275,0.7211155378486056,255,251,251,0,0,1
human_nontata_promoters,j_0p1_0p3,28555,1027,0.1004566177725792,0,0,0,539.0,0.6286764705882353,0.6812749003984063,272,251,251,0,0,0
human_nontata_promoters,j_0p1_0p3,30434,871,0.1149425283074379,0,0,0,554.5,0.8552631578947368,0.5179282868525896,152,251,251,1,0,1
human_nontata_promoters,j_0p1_0p3,27124,6329,0.111617311835289,0,0,0,665.5,0.7193675889328063,0.7250996015936255,253,251,251,0,0,1
human_nontata_promoters,j_0p1_0p3,30930,4416,0.10204081982374191,0,0,0,397.5,0.5773195876288659,0.44621513944223107,194,251,251,0,0,0
human_nontata_promoters,j_0p1_0p3,28556,8645,0.10574712604284286,0,0,0,459.0,0.6548223350253807,0.5139442231075697,197,251,251,0,0,0
human_nontata_promoters,j_0p1_0p3,28620,892,0.10829493403434753,0,0,0,614.0,0.6557971014492754,0.7211155378486056,276,251,251,0,0,0
human_nontata_promoters,j_0p1_0p3,29547,11432,0.1200980395078659,0,0,0,420.5,0.7933884297520661,0.38247011952191234,121,251,251,0,0,1
human_nontata_promoters,j_0p1_0p3,29377,6990,0.10180995613336563,0,0,0,381.5,0.87,0.3466135458167331,100,251,251,0,0,1
human_nontata_promoters,j_0p1_0p3,29023,5952,0.11187214404344559,0,0,0,275.0,1.0,0.21912350597609562,55,251,251,0,0,0
human_nontata_promoters,j_0p1_0p3,30013,138,0.11764705926179886,0,0,0,538.5,0.627906976744186,0.6454183266932271,258,251,251,0,0,0
human_nontata_promoters,j_0p1_0p3,30080,1079,0.1090909093618393,0,0,0,500.5,0.6919191919191919,0.545816733067729,198,251,251,0,0,0
human_nontata_promoters,j_0p1_0p3,27717,1052,0.12056737393140793,0,0,0,583.0,0.63671875,0.649402390438247,256,251,251,0,0,0
human_nontata_promoters,j_0p1_0p3,30869,886,0.1553884744644165,0,0,0,691.5,0.7792792792792793,0.6892430278884463,222,251,251,0,0,1
human_nontata_promoters,j_0p1_0p3,30338,9921,0.22365038096904755,0,0,0,410.0,1.0,0.32669322709163345,82,251,251,0,0,1
human_nontata_promoters,j_0p1_0p3,30123,4906,0.12621359527111053,0,0,0,544.0,0.7425742574257426,0.5976095617529881,202,251,251,0,0,1
human_nontata_promoters,j_0p1_0p3,27859,3589,0.1553398072719574,0,0,0,536.5,0.7654320987654321,0.4940239043824701,162,251,251,0,0,1
human_nontata_promoters,j_0p1_0p3,29981,1684,0.11316397041082382,0,0,0,702.0,0.8317307692307693,0.6892430278884463,208,251,251,1,0,1
human_nontata_promoters,j_0p1_0p3,30799,4156,0.1301020383834839,0,0,0,585.5,0.622568093385214,0.6374501992031872,257,251,251,0,0,0
human_nontata_promoters,j_0p1_0p3,28444,9056,0.11137440800666809,0,0,0,699.0,0.8151658767772512,0.6852589641434262,211,251,251,1,0,1
human_nontata_promoters,j_0p1_0p3,30126,4923,0.15421687066555023,0,0,0,568.0,0.695852534562212,0.601593625498008,217,251,251,0,0,0
human_nontata_promoters,j_0p1_0p3,30124,1689,0.11662530899047852,0,0,0,414.0,0.5825688073394495,0.5059760956175299,218,251,251,0,0,0
human_nontata_promoters,j_0p1_0p3,27724,2040,0.10926365852355957,0,0,0,353.5,0.8349514563106796,0.3426294820717131,103,251,251,0,0,1
human_nontata_promoters,j_0p1_0p3,29300,6784,0.23979592323303223,0,0,0,500.0,1.0,0.398406374501992,100,251,251,0,0,1
human_nontata_promoters,j_0p1_0p3,27912,2411,0.11267605423927307,0,0,0,440.5,0.6878306878306878,0.5179282868525896,189,251,251,0,0,0
human_nontata_promoters,j_0p1_0p3,30004,2065,0.10879629850387573,0,0,0,662.0,0.6984732824427481,0.7290836653386454,262,251,251,0,0,0
human_nontata_promoters,j_0p1_0p3,27912,1676,0.12028302252292633,0,0,0,604.0,0.703862660944206,0.6533864541832669,233,251,251,0,0,1
human_nontata_promoters,j_0p1_0p3,30869,2039,0.16290727257728577,0,0,0,618.0,0.7454545454545455,0.6533864541832669,220,251,251,0,0,1
human_nontata_promoters,j_0p1_0p3,29910,17467,0.11678832024335861,0,0,1,663.0,0.7276264591439688,0.7450199203187251,257,251,251,0,0,1
human_nontata_promoters,j_0p1_0p3,27330,1020,0.1154734417796135,0,0,0,785.0,0.7860082304526749,0.7609561752988048,243,251,251,0,0,1
human_nontata_promoters,j_0p1_0p3,30939,11572,0.12268518656492233,0,0,0,275.0,1.0,0.21912350597609562,55,251,251,0,0,0
human_nontata_promoters,j_0p1_0p3,27431,11887,0.12264151126146317,0,0,0,616.5,0.8421052631578947,0.5737051792828686,171,251,251,1,0,1
human_nontata_promoters,j_0p1_0p3,27666,882,0.11483253538608551,0,0,0,540.0,0.6904761904761905,0.5776892430278885,210,251,251,0,0,0
human_nontata_promoters,j_0p1_0p3,28074,2960,0.2461538463830948,0,0,0,505.0,1.0,0.40239043824701193,101,251,251,0,0,1
human_nontata_promoters,j_0p1_0p3,29966,10817,0.11032863706350327,0,0,0,404.5,0.5563636363636364,0.6095617529880478,275,251,251,0,0,0
human_nontata_promoters,j_0p1_0p3,30013,11451,0.10304449498653412,0,0,0,554.5,0.6583333333333333,0.6294820717131474,240,251,251,0,0,0
human_nontata_promoters,j_0p1_0p3,30920,11517,0.18159806728363037,0,0,0,405.0,1.0,0.32270916334661354,81,251,251,0,0,1
human_nontata_promoters,j_0p1_0p3,29595,620,0.10926365852355957,0,0,0,683.0,0.7176470588235294,0.7290836653386454,255,251,251,0,0,1
human_nontata_promoters,j_0p1_0p3,30124,8668,0.13636364042758942,0,0,0,430.5,0.5503875968992248,0.5657370517928287,258,251,251,0,0,0
human_nontata_promoters,j_0p1_0p3,29966,912,0.1374407559633255,0,0,0,568.5,0.8057142857142857,0.5617529880478087,175,251,251,1,0,1
human_nontata_promoters,j_0p1_0p3,27471,5069,0.14805194735527039,0,0,0,552.5,0.6788990825688074,0.5896414342629482,218,251,251,0,0,0
human_nontata_promoters,j_0p1_0p3,27667,15703,0.13809524476528168,0,0,1,537.5,0.6595744680851063,0.6175298804780877,235,251,251,0,0,0
human_nontata_promoters,j_0p1_0p3,29595,4407,0.11374407261610031,0,0,0,585.5,0.6694915254237288,0.6294820717131474,236,251,251,0,0,0
human_nontata_promoters,j_0p1_0p3,30123,886,0.13705584406852722,0,0,0,754.0,0.7470817120622568,0.7649402390438247,257,251,251,0,0,1
human_nontata_promoters,j_0p1_0p3,31040,1151,0.13875597715377808,0,0,0,654.5,0.7630331753554502,0.6414342629482072,211,251,251,0,0,1
human_nontata_promoters,j_0p1_0p3,27520,10818,0.14388489723205566,0,0,0,672.5,0.8217821782178217,0.6613545816733067,202,251,251,1,0,1
human_nontata_promoters,j_0p1_0p3,27728,7454,0.12106537818908691,0,0,0,679.5,0.7853881278538812,0.6852589641434262,219,251,251,0,0,1
human_nontata_promoters,j_0p1_0p3,30125,1020,0.18527919054031372,0,0,0,838.0,0.8040816326530612,0.7848605577689243,245,251,251,1,0,1
human_nontata_promoters,j_0p1_0p3,33515,6329,0.110047847032547,0,1,0,431.0,0.8225806451612904,0.4063745019920319,124,251,251,0,0,1
human_nontata_promoters,j_0p1_0p3,30126,887,0.12177985906600952,0,0,0,541.0,0.8445945945945946,0.49800796812749004,148,251,251,0,0,1
human_nontata_promoters,j_0p1_0p3,30126,11438,0.11971831321716309,0,0,0,560.0,0.8618421052631579,0.5219123505976095,152,251,251,1,0,1
human_nontata_promoters,j_0p1_0p3,29548,8653,0.1683417111635208,0,0,0,692.0,0.7338709677419355,0.7250996015936255,248,251,251,0,0,1
human_nontata_promoters,j_0p1_0p3,30940,11575,0.10526315867900848,0,0,0,250.0,1.0,0.199203187250996,50,251,251,0,0,0
human_nontata_promoters,j_0p3_0p5,27678,1664,0.3641456663608551,0,0,0,685.0,1.0,0.545816733067729,137,251,251,1,0,1
human_nontata_promoters,j_0p3_0p5,29239,6584,0.4878048896789551,0,0,0,835.0,1.0,0.6653386454183267,167,251,251,1,0,1
human_nontata_promoters,j_0p3_0p5,30278,9634,0.4969325065612793,0,0,0,845.0,1.0,0.6733067729083665,169,251,251,1,0,1
human_nontata_promoters,j_0p3_0p5,30313,9770,0.49056604504585266,0,0,0,845.0,1.0,0.6733067729083665,169,251,251,1,0,1
human_nontata_promoters,j_0p3_0p5,29414,7092,0.30136987566947937,0,0,0,615.0,1.0,0.4900398406374502,123,251,251,0,0,1
human_nontata_promoters,j_0p3_0p5,28866,5442,0.3988095223903656,0,0,0,705.0,1.0,0.5617529880478087,141,251,251,1,0,1
human_nontata_promoters,j_0p3_0p5,28399,4049,0.49501660466194153,0,0,0,795.0,1.0,0.6334661354581673,159,251,251,1,0,1
human_nontata_promoters,j_0p3_0p5,29002,5888,0.3785310685634613,0,0,0,705.0,1.0,0.5617529880478087,141,251,251,1,0,1
human_nontata_promoters,j_0p3_0p5,30533,10415,0.3742857277393341,0,0,0,690.0,1.0,0.549800796812749,138,251,251,1,0,1
human_nontata_promoters,j_0p3_0p5,27768,1964,0.3817663788795471,0,0,0,705.0,1.0,0.5617529880478087,141,251,251,1,0,1
human_nontata_promoters,j_0p3_0p5,27957,2601,0.37142857909202576,0,0,0,680.0,1.0,0.5418326693227091,136,251,251,1,0,1
human_nontata_promoters,j_0p3_0p5,28552,4490,0.49378880858421326,0,0,0,830.0,1.0,0.6613545816733067,166,251,251,1,0,1
human_nontata_promoters,j_0p3_0p5,27466,1010,0.39031338691711426,0,0,0,720.0,1.0,0.5737051792828686,144,251,251,1,0,1
human_nontata_promoters,j_0p3_0p5,30148,9160,0.46060606837272644,0,0,0,810.0,1.0,0.6454183266932271,162,251,251,1,0,1
human_nontata_promoters,j_0p3_0p5,30138,9193,0.4969325065612793,0,0,0,840.0,1.0,0.6693227091633466,168,251,251,1,0,1
human_nontata_promoters,j_0p3_0p5,30386,9996,0.3269754648208618,0,0,0,635.0,1.0,0.5059760956175299,127,251,251,1,0,1
human_nontata_promoters,j_0p3_0p5,27336,629,0.4660493731498718,0,0,0,800.0,1.0,0.6374501992031872,160,251,251,1,0,1
human_nontata_promoters,j_0p3_0p5,30317,9743,0.3492957651615143,0,0,0,660.0,1.0,0.5258964143426295,132,251,251,1,0,1
human_nontata_promoters,j_0p3_0p5,30315,9780,0.4333333373069763,0,0,0,785.0,1.0,0.6254980079681275,157,251,251,1,0,1
human_nontata_promoters,j_0p3_0p5,30281,9662,0.3305785059928894,0,0,0,635.0,1.0,0.5059760956175299,127,251,251,1,0,1
human_nontata_promoters,j_0p3_0p5,31053,11940,0.4354354441165924,0,0,0,760.0,1.0,0.6055776892430279,152,251,251,1,0,1
human_nontata_promoters,j_0p3_0p5,27708,1739,0.469696968793869,0,0,0,810.0,1.0,0.6454183266932271,162,251,251,1,0,1
human_nontata_promoters,j_0p3_0p5,29571,7480,0.32249322533607483,0,0,0,630.0,1.0,0.50199203187251,126,251,251,1,0,1
human_nontata_promoters,j_0p3_0p5,30344,9899,0.4350453317165375,0,0,0,750.0,1.0,0.5976095617529881,150,251,251,1,0,1
human_nontata_promoters,j_0p3_0p5,27674,1640,0.35555556416511536,0,0,0,675.0,1.0,0.5378486055776892,135,251,251,1,0,1
human_nontata_promoters,j_0p3_0p5,29619,7621,0.44011977314949036,0,0,0,770.0,1.0,0.6135458167330677,154,251,251,1,0,1
human_nontata_promoters,j_0p3_0p5,30321,9804,0.40294116735458374,0,0,0,720.0,1.0,0.5737051792828686,144,251,251,1,0,1
human_nontata_promoters,j_0p3_0p5,30331,9785,0.38372093439102173,0,0,0,695.0,1.0,0.5537848605577689,139,251,251,1,0,1
human_nontata_promoters,j_0p3_0p5,30214,9408,0.3613445460796356,0,0,0,680.0,1.0,0.5418326693227091,136,251,251,1,0,1
human_nontata_promoters,j_0p3_0p5,30454,10204,0.45945945382118225,0,0,0,805.0,1.0,0.6414342629482072,161,251,251,1,0,1
human_nontata_promoters,j_0p3_0p5,27111,42,0.42638036608695984,0,0,0,775.0,1.0,0.6175298804780877,155,251,251,1,0,1
human_nontata_promoters,j_0p3_0p5,30373,9980,0.4891640841960907,0,0,0,825.0,1.0,0.6573705179282868,165,251,251,1,0,1
human_nontata_promoters,j_0p3_0p5,29404,7052,0.42352941632270813,0,0,0,760.0,1.0,0.6055776892430279,152,251,251,1,0,1
human_nontata_promoters,j_0p3_0p5,29897,8442,0.3817663788795471,0,0,0,705.0,1.0,0.5617529880478087,141,251,251,1,0,1
human_nontata_promoters,j_0p3_0p5,27580,1335,0.3651685416698456,0,0,0,685.0,1.0,0.545816733067729,137,251,251,1,0,1
human_nontata_promoters,j_0p3_0p5,28517,4389,0.42182889580726624,0,0,0,755.0,1.0,0.601593625498008,151,251,251,1,0,1
human_nontata_promoters,j_0p3_0p5,30382,9992,0.39942529797554016,0,0,0,730.0,1.0,0.5816733067729084,146,251,251,1,0,1
human_nontata_promoters,j_0p3_0p5,28691,4930,0.42628204822540283,0,0,0,800.0,1.0,0.6374501992031872,160,251,251,1,0,1
human_nontata_promoters,j_0p3_0p5,28122,3138,0.3633802831172943,0,0,0,680.0,1.0,0.5418326693227091,136,251,251,1,0,1
human_nontata_promoters,j_0p3_0p5,35558,25262,0.34472933411598206,0,1,1,943.0,0.9223744292237442,0.8047808764940239,219,251,251,1,1,1
human_nontata_promoters,j_0p3_0p5,29977,8714,0.320334255695343,0,0,0,620.0,1.0,0.4940239043824701,124,251,251,0,0,1
human_nontata_promoters,j_0p3_0p5,29798,8183,0.3085399568080902,0,0,0,605.0,1.0,0.4820717131474104,121,251,251,0,0,1
human_nontata_promoters,j_0p3_0p5,30338,9796,0.4058823585510254,0,0,0,740.0,1.0,0.5896414342629482,148,251,251,1,0,1
human_nontata_promoters,j_0p3_0p5,30399,10022,0.3631284832954407,0,0,0,685.0,1.0,0.545816733067729,137,251,251,1,0,1
human_nontata_promoters,j_0p3_0p5,30353,9851,0.3911764621734619,0,0,0,695.0,1.0,0.5537848605577689,139,251,251,1,0,1
human_nontata_promoters,j_0p3_0p5,28269,3638,0.3425414264202118,0,0,0,650.0,1.0,0.5179282868525896,130,251,251,1,0,1
human_nontata_promoters,j_0p3_0p5,29823,8226,0.3626062273979187,0,0,0,665.0,1.0,0.5298804780876494,133,251,251,1,0,1
human_nontata_promoters,j_0p3_0p5,30390,10004,0.4156976640224457,0,0,0,750.0,1.0,0.5976095617529881,150,251,251,1,0,1
human_nontata_promoters,j_0p3_0p5,27520,1156,0.31855955719947815,0,0,0,530.0,1.0,0.42231075697211157,106,251,251,0,0,1
human_nontata_promoters,j_0p3_0p5,30750,11045,0.3099730312824249,0,0,0,610.0,1.0,0.4860557768924303,122,251,251,0,0,1
human_nontata_promoters,j_0p3_0p5,30367,9915,0.48750001192092896,0,0,0,805.0,1.0,0.6414342629482072,161,251,251,1,0,1
human_nontata_promoters,j_0p3_0p5,30135,9190,0.33791208267211914,0,0,0,645.0,1.0,0.5139442231075697,129,251,251,1,0,1
human_nontata_promoters,j_0p3_0p5,29716,7944,0.32311978936195374,0,0,0,615.0,1.0,0.4900398406374502,123,251,251,0,0,1
human_nontata_promoters,j_0p3_0p5,28960,5788,0.3081081211566925,0,0,0,595.0,1.0,0.47410358565737054,119,251,251,0,0,1
human_nontata_promoters,j_0p3_0p5,30366,9899,0.40882351994514465,0,0,0,710.0,1.0,0.5657370517928287,142,251,251,1,0,1
human_nontata_promoters,j_0p3_0p5,29629,7646,0.455089807510376,0,0,0,795.0,1.0,0.6334661354581673,159,251,251,1,0,1
human_nontata_promoters,j_0p3_0p5,28154,3252,0.3567415773868561,0,0,0,670.0,1.0,0.5338645418326693,134,251,251,1,0,1
human_nontata_promoters,j_0p3_0p5,29608,7576,0.3305785059928894,0,0,0,640.0,1.0,0.5099601593625498,128,251,251,1,0,1
human_nontata_promoters,j_0p3_0p5,30331,9862,0.4183976352214813,0,0,0,750.0,1.0,0.5976095617529881,150,251,251,1,0,1
human_nontata_promoters,j_0p3_0p5,27459,991,0.36827194690704346,0,0,0,695.0,1.0,0.5537848605577689,139,251,251,1,0,1
human_nontata_promoters,j_0p3_0p5,30399,10018,0.33424657583236694,0,0,0,645.0,1.0,0.5139442231075697,129,251,251,1,0,1
human_nontata_promoters,j_0p3_0p5,27341,641,0.46686747670173645,0,0,0,810.0,1.0,0.6454183266932271,162,251,251,1,0,1
human_nontata_promoters,j_0p3_0p5,30403,10021,0.31536388397216797,0,0,0,615.0,1.0,0.4900398406374502,123,251,251,0,0,1
human_nontata_promoters,j_0p3_0p5,30392,10014,0.4323529303073883,0,0,0,770.0,1.0,0.6135458167330677,154,251,251,1,0,1
human_nontata_promoters,j_0p3_0p5,27673,1596,0.4323529303073883,0,0,0,765.0,1.0,0.6095617529880478,153,251,251,1,0,1
human_nontata_promoters,j_0p3_0p5,28732,5045,0.43491125106811523,0,0,0,770.0,1.0,0.6135458167330677,154,251,251,1,0,1
human_nontata_promoters,j_0p3_0p5,30286,9672,0.42105263471603394,0,0,0,755.0,1.0,0.601593625498008,151,251,251,1,0,1
human_nontata_promoters,j_0p3_0p5,29986,8735,0.3636363744735718,0,0,0,710.0,1.0,0.5657370517928287,142,251,251,1,0,1
human_nontata_promoters,j_0p3_0p5,30493,10324,0.37321937084198,0,0,0,690.0,1.0,0.549800796812749,138,251,251,1,0,1
human_nontata_promoters,j_0p3_0p5,30893,11461,0.375,0,0,0,695.0,1.0,0.5537848605577689,139,251,251,1,0,1
human_nontata_promoters,j_0p3_0p5,29406,7061,0.41107872128486633,0,0,0,745.0,1.0,0.5936254980079682,149,251,251,1,0,1
human_nontata_promoters,j_0p3_0p5,28179,27091,0.4300699234008789,0,0,1,979.0,0.9575471698113207,0.8087649402390438,212,251,251,1,1,1
human_nontata_promoters,j_0p3_0p5,30347,9812,0.3195592164993286,0,0,0,620.0,1.0,0.4940239043824701,124,251,251,0,0,1
human_nontata_promoters,j_0p3_0p5,29901,8486,0.349030464887619,0,0,0,665.0,1.0,0.5298804780876494,133,251,251,1,0,1
human_nontata_promoters,j_0p3_0p5,31173,12228,0.3577464818954468,0,0,0,665.0,1.0,0.5298804780876494,133,251,251,1,0,1
human_nontata_promoters,j_0p3_0p5,30338,9798,0.4226190447807312,0,0,0,760.0,1.0,0.6055776892430279,152,251,251,1,0,1
human_nontata_promoters,j_0p3_0p5,27853,2259,0.46084338426589966,0,0,0,800.0,1.0,0.6374501992031872,160,251,251,1,0,1
human_nontata_promoters,j_0p3_0p5,29980,8711,0.4722222089767456,0,0,0,825.0,1.0,0.6573705179282868,165,251,251,1,0,1
human_nontata_promoters,j_0p3_0p5,27858,2280,0.4674922525882721,0,0,0,790.0,1.0,0.6294820717131474,158,251,251,1,0,1
human_nontata_promoters,j_0p3_0p5,28787,5234,0.4264705777168274,0,0,0,755.0,1.0,0.601593625498008,151,251,251,1,0,1
human_nontata_promoters,j_0p3_0p5,31097,12045,0.30790191888809204,0,0,0,605.0,1.0,0.4820717131474104,121,251,251,0,0,1
human_nontata_promoters,j_0p3_0p5,27261,407,0.3380681872367859,0,0,0,665.0,1.0,0.5298804780876494,133,251,251,1,0,1
human_nontata_promoters,j_0p3_0p5,27765,1949,0.4277286231517792,0,0,0,760.0,1.0,0.6055776892430279,152,251,251,1,0,1
human_nontata_promoters,j_0p3_0p5,27478,1045,0.3942857086658478,0,0,0,715.0,1.0,0.5697211155378487,143,251,251,1,0,1
human_nontata_promoters,j_0p3_0p5,30572,10529,0.4523809552192688,0,0,0,795.0,1.0,0.6334661354581673,159,251,251,1,0,1
human_nontata_promoters,j_0p3_0p5,28057,2906,0.3315068483352661,0,0,0,640.0,1.0,0.5099601593625498,128,251,251,1,0,1
human_nontata_promoters,j_0p3_0p5,28010,2762,0.4545454680919647,0,0,0,805.0,1.0,0.6414342629482072,161,251,251,1,0,1
human_nontata_promoters,j_0p3_0p5,29724,7976,0.3679775297641754,0,0,0,690.0,1.0,0.549800796812749,138,251,251,1,0,1
human_nontata_promoters,j_0p3_0p5,30342,9802,0.3717579245567322,0,0,0,695.0,1.0,0.5537848605577689,139,251,251,1,0,1
human_nontata_promoters,j_0p3_0p5,30455,10195,0.31621623039245605,0,0,0,620.0,1.0,0.4940239043824701,124,251,251,0,0,1
human_nontata_promoters,j_0p3_0p5,29480,7298,0.4345238208770752,0,0,0,765.0,1.0,0.6095617529880478,153,251,251,1,0,1
human_nontata_promoters,j_0p3_0p5,28562,4539,0.48709678649902344,0,0,0,820.0,1.0,0.6533864541832669,164,251,251,1,0,1
human_nontata_promoters,j_0p3_0p5,28890,5501,0.3027026951313019,0,0,0,575.0,1.0,0.4581673306772908,115,251,251,0,0,1
human_nontata_promoters,j_0p3_0p5,29491,7329,0.35555556416511536,0,0,0,675.0,1.0,0.5378486055776892,135,251,251,1,0,1
human_nontata_promoters,j_0p3_0p5,27225,315,0.4507462680339813,0,0,0,790.0,1.0,0.6294820717131474,158,251,251,1,0,1
human_nontata_promoters,j_0p3_0p5,28215,3424,0.3785310685634613,0,0,0,700.0,1.0,0.5577689243027888,140,251,251,1,0,1
human_nontata_promoters,j_0p3_0p5,28550,4483,0.3181818127632141,0,0,0,655.0,1.0,0.5219123505976095,131,251,251,1,0,1
human_nontata_promoters,j_0p3_0p5,30340,9905,0.34560906887054443,0,0,0,620.0,1.0,0.4940239043824701,124,251,251,0,0,1
human_nontata_promoters,j_0p3_0p5,27400,790,0.3785310685634613,0,0,0,705.0,1.0,0.5617529880478087,141,251,251,1,0,1
human_nontata_promoters,j_0p3_0p5,29154,6312,0.36901408433914185,0,0,0,690.0,1.0,0.549800796812749,138,251,251,1,0,1
human_nontata_promoters,j_0p3_0p5,30362,9872,0.32044199109077454,0,0,0,590.0,1.0,0.4701195219123506,118,251,251,0,0,1
human_nontata_promoters,j_0p3_0p5,29940,8589,0.3369863033294678,0,0,0,650.0,1.0,0.5179282868525896,130,251,251,1,0,1
human_nontata_promoters,j_0p3_0p5,29266,6658,0.3099730312824249,0,0,0,610.0,1.0,0.4860557768924303,122,251,251,0,0,1
human_nontata_promoters,j_0p3_0p5,30299,9763,0.3764367699623108,0,0,0,690.0,1.0,0.549800796812749,138,251,251,1,0,1
human_nontata_promoters,j_0p3_0p5,30373,9982,0.47999998927116394,0,0,0,815.0,1.0,0.649402390438247,163,251,251,1,0,1
human_nontata_promoters,j_0p3_0p5,28701,4958,0.3492957651615143,0,0,0,645.0,1.0,0.5139442231075697,129,251,251,1,0,1
human_nontata_promoters,j_0p3_0p5,27532,1188,0.42690059542655945,0,0,0,760.0,1.0,0.6055776892430279,152,251,251,1,0,1
human_nontata_promoters,j_0p3_0p5,31035,11873,0.4877300560474396,0,0,0,830.0,1.0,0.6613545816733067,166,251,251,1,0,1
human_nontata_promoters,j_0p3_0p5,31066,11961,0.3324175775051117,0,0,0,635.0,1.0,0.5059760956175299,127,251,251,1,0,1
human_nontata_promoters,j_0p3_0p5,30326,9850,0.3222222328186035,0,0,0,630.0,1.0,0.50199203187251,126,251,251,1,0,1
human_nontata_promoters,j_0p3_0p5,31193,12337,0.4480712115764618,0,0,0,785.0,1.0,0.6254980079681275,157,251,251,1,0,1
human_nontata_promoters,j_0p3_0p5,28547,4491,0.4969325065612793,0,0,0,845.0,1.0,0.6733067729083665,169,251,251,1,0,1
human_nontata_promoters,j_0p3_0p5,29670,7766,0.449404776096344,0,0,0,790.0,1.0,0.6294820717131474,158,251,251,1,0,1
human_nontata_promoters,j_0p3_0p5,30382,10062,0.39031338691711426,0,0,0,720.0,1.0,0.5737051792828686,144,251,251,1,0,1
human_nontata_promoters,j_0p3_0p5,30335,9888,0.33893558382987976,0,0,0,645.0,1.0,0.5139442231075697,129,251,251,1,0,1
human_nontata_promoters,j_0p3_0p5,29494,7339,0.3595505654811859,0,0,0,670.0,1.0,0.5338645418326693,134,251,251,1,0,1
human_nontata_promoters,j_0p3_0p5,30811,11218,0.4362017810344696,0,0,0,780.0,1.0,0.6215139442231076,156,251,251,1,0,1
human_nontata_promoters,j_0p3_0p5,29957,8621,0.3746478855609894,0,0,0,700.0,1.0,0.5577689243027888,140,251,251,1,0,1
human_nontata_promoters,j_0p3_0p5,30826,11272,0.3324175775051117,0,0,0,635.0,1.0,0.5059760956175299,127,251,251,1,0,1
human_nontata_promoters,j_0p3_0p5,30329,9777,0.3131868243217468,0,0,0,590.0,1.0,0.4701195219123506,118,251,251,0,0,1
human_nontata_promoters,j_0p3_0p5,28101,3063,0.47706422209739685,0,0,0,820.0,1.0,0.6533864541832669,164,251,251,1,0,1
human_nontata_promoters,j_0p3_0p5,27940,2586,0.4772036373615265,0,0,0,805.0,1.0,0.6414342629482072,161,251,251,1,0,1
human_nontata_promoters,j_0p3_0p5,29830,8239,0.413994163274765,0,0,0,745.0,1.0,0.5936254980079682,149,251,251,1,0,1
human_nontata_promoters,j_0p3_0p5,30392,10016,0.462462455034256,0,0,0,805.0,1.0,0.6414342629482072,161,251,251,1,0,1
human_nontata_promoters,j_0p3_0p5,30267,9614,0.3868194818496704,0,0,0,710.0,1.0,0.5657370517928287,142,251,251,1,0,1
human_nontata_promoters,j_0p3_0p5,30330,9869,0.3696275055408478,0,0,0,690.0,1.0,0.549800796812749,138,251,251,1,0,1
human_nontata_promoters,j_0p3_0p5,28533,4391,0.46987950801849365,0,0,0,815.0,1.0,0.649402390438247,163,251,251,1,0,1
human_nontata_promoters,j_0p3_0p5,29554,8045,0.40289855003356934,0,0,0,720.0,1.0,0.5737051792828686,144,251,251,1,0,1
human_nontata_promoters,j_0p3_0p5,27876,2342,0.3767705261707306,0,0,0,705.0,1.0,0.5617529880478087,141,251,251,1,0,1
human_nontata_promoters,j_0p3_0p5,30358,9869,0.3667621910572052,0,0,0,650.0,1.0,0.5179282868525896,130,251,251,1,0,1
human_nontata_promoters,j_0p3_0p5,29272,6668,0.46084338426589966,0,0,0,800.0,1.0,0.6374501992031872,160,251,251,1,0,1
human_nontata_promoters,j_0p3_0p5,29496,7347,0.318918913602829,0,0,0,625.0,1.0,0.49800796812749004,125,251,251,0,0,1
human_nontata_promoters,j_0p3_0p5,29283,6722,0.3462603986263275,0,0,0,650.0,1.0,0.5179282868525896,130,251,251,1,0,1
human_nontata_promoters,j_0p3_0p5,29264,6634,0.4534534513950348,0,0,0,800.0,1.0,0.6374501992031872,160,251,251,1,0,1
human_nontata_promoters,j_0p3_0p5,30336,9890,0.3314763307571411,0,0,0,635.0,1.0,0.5059760956175299,127,251,251,1,0,1
human_nontata_promoters,j_0p3_0p5,27941,2589,0.4464285671710968,0,0,0,765.0,1.0,0.6095617529880478,153,251,251,1,0,1
human_nontata_promoters,j_0p3_0p5,30355,9865,0.4646153748035431,0,0,0,800.0,1.0,0.6374501992031872,160,251,251,1,0,1
human_nontata_promoters,j_0p3_0p5,30822,11235,0.4622356593608856,0,0,0,810.0,1.0,0.6454183266932271,162,251,251,1,0,1
human_nontata_promoters,j_0p3_0p5,30335,9870,0.49843260645866394,0,0,0,840.0,1.0,0.6693227091633466,168,251,251,1,0,1
human_nontata_promoters,j_0p3_0p5,29925,8517,0.4072948396205902,0,0,0,705.0,1.0,0.5617529880478087,141,251,251,1,0,1
human_nontata_promoters,j_0p3_0p5,28588,4654,0.4984423816204071,0,0,0,835.0,1.0,0.6653386454183267,167,251,251,1,0,1
human_nontata_promoters,j_0p3_0p5,30837,11316,0.458083838224411,0,0,0,800.0,1.0,0.6374501992031872,160,251,251,1,0,1
human_nontata_promoters,j_0p3_0p5,30396,10028,0.4395280182361603,0,0,0,780.0,1.0,0.6215139442231076,156,251,251,1,0,1
human_nontata_promoters,j_0p3_0p5,30132,9187,0.4654654562473297,0,0,0,810.0,1.0,0.6454183266932271,162,251,251,1,0,1
human_nontata_promoters,j_0p3_0p5,27589,1352,0.46686747670173645,0,0,0,800.0,1.0,0.6374501992031872,160,251,251,1,0,1
human_nontata_promoters,j_0p3_0p5,27594,1389,0.3595505654811859,0,0,0,685.0,1.0,0.545816733067729,137,251,251,1,0,1
human_nontata_promoters,j_0p3_0p5,29010,5909,0.4164222776889801,0,0,0,745.0,1.0,0.5936254980079682,149,251,251,1,0,1
human_nontata_promoters,j_0p3_0p5,28297,3762,0.3641456663608551,0,0,0,685.0,1.0,0.545816733067729,137,251,251,1,0,1
human_nontata_promoters,j_0p3_0p5,30467,1051,0.3238636255264282,0,0,0,986.5,0.9004149377593361,0.8645418326693227,241,251,251,1,1,1
human_nontata_promoters,j_0p3_0p5,29454,7205,0.3081081211566925,0,0,0,585.0,1.0,0.46613545816733065,117,251,251,0,0,1
human_nontata_promoters,j_0p3_0p5,29726,7977,0.4005763828754425,0,0,0,735.0,1.0,0.5856573705179283,147,251,251,1,0,1
human_nontata_promoters,j_0p3_0p5,29159,6334,0.42815250158309937,0,0,0,765.0,1.0,0.6095617529880478,153,251,251,1,0,1
human_nontata_promoters,j_0p3_0p5,27693,1717,0.4592145085334778,0,0,0,800.0,1.0,0.6374501992031872,160,251,251,1,0,1
human_nontata_promoters,j_0p3_0p5,28253,3551,0.3982807993888855,0,0,0,730.0,1.0,0.5816733067729084,146,251,251,1,0,1
human_nontata_promoters,j_0p3_0p5,30065,8988,0.3942857086658478,0,0,0,710.0,1.0,0.5657370517928287,142,251,251,1,0,1
human_nontata_promoters,j_0p3_0p5,28297,3763,0.3679775297641754,0,0,0,690.0,1.0,0.549800796812749,138,251,251,1,0,1
human_nontata_promoters,j_0p3_0p5,28040,2862,0.43067845702171326,0,0,0,765.0,1.0,0.6095617529880478,153,251,251,1,0,1
human_nontata_promoters,j_0p3_0p5,27422,867,0.3631284832954407,0,0,0,685.0,1.0,0.545816733067729,137,251,251,1,0,1
human_nontata_promoters,j_0p3_0p5,30777,11118,0.40816327929496765,0,0,0,740.0,1.0,0.5896414342629482,148,251,251,1,0,1
human_nontata_promoters,j_0p3_0p5,28919,5624,0.3509749174118042,0,0,0,660.0,1.0,0.5258964143426295,132,251,251,1,0,1
human_nontata_promoters,j_0p3_0p5,30378,10007,0.31351351737976074,0,0,0,620.0,1.0,0.4940239043824701,124,251,251,0,0,1
human_nontata_promoters,j_0p3_0p5,31013,11815,0.4152046740055084,0,0,0,750.0,1.0,0.5976095617529881,150,251,251,1,0,1
human_nontata_promoters,j_0p3_0p5,29978,8704,0.3947368562221527,0,0,0,715.0,1.0,0.5697211155378487,143,251,251,1,0,1
human_nontata_promoters,j_0p3_0p5,28721,5014,0.31536388397216797,0,0,0,620.0,1.0,0.4940239043824701,124,251,251,0,0,1
human_nontata_promoters,j_0p3_0p5,30339,9884,0.4937500059604645,0,0,0,830.0,1.0,0.6613545816733067,166,251,251,1,0,1
human_nontata_promoters,j_0p3_0p5,29894,8471,0.3369863033294678,0,0,0,650.0,1.0,0.5179282868525896,130,251,251,1,0,1
human_nontata_promoters,j_0p3_0p5,27513,1145,0.41228070855140686,0,0,0,745.0,1.0,0.5936254980079682,149,251,251,1,0,1
human_nontata_promoters,j_0p3_0p5,27995,2707,0.349030464887619,0,0,0,665.0,1.0,0.5298804780876494,133,251,251,1,0,1
human_nontata_promoters,j_0p3_0p5,30678,10863,0.40697672963142395,0,0,0,740.0,1.0,0.5896414342629482,148,251,251,1,0,1
human_nontata_promoters,j_0p3_0p5,30315,9741,0.43843844532966614,0,0,0,770.0,1.0,0.6135458167330677,154,251,251,1,0,1
human_nontata_promoters,j_0p3_0p5,31003,11789,0.31707316637039185,0,0,0,625.0,1.0,0.49800796812749004,125,251,251,0,0,1
human_nontata_promoters,j_0p3_0p5,30795,11182,0.3757062256336212,0,0,0,700.0,1.0,0.5577689243027888,140,251,251,1,0,1
human_nontata_promoters,j_0p3_0p5,28100,3066,0.3757062256336212,0,0,0,700.0,1.0,0.5577689243027888,140,251,251,1,0,1
human_nontata_promoters,j_0p3_0p5,31067,11973,0.3519552946090698,0,0,0,665.0,1.0,0.5298804780876494,133,251,251,1,0,1
human_nontata_promoters,j_0p3_0p5,27599,1394,0.48170730471611023,0,0,0,825.0,1.0,0.6573705179282868,165,251,251,1,0,1
human_nontata_promoters,j_0p3_0p5,27707,1745,0.4878048896789551,0,0,0,835.0,1.0,0.6653386454183267,167,251,251,1,0,1
human_nontata_promoters,j_0p3_0p5,28004,2744,0.42690059542655945,0,0,0,765.0,1.0,0.6095617529880478,153,251,251,1,0,1
human_nontata_promoters,j_0p3_0p5,29614,7612,0.35227271914482117,0,0,0,660.0,1.0,0.5258964143426295,132,251,251,1,0,1
human_nontata_promoters,j_0p3_0p5,30343,9901,0.4221556782722473,0,0,0,735.0,1.0,0.5856573705179283,147,251,251,1,0,1
human_nontata_promoters,j_0p3_0p5,30454,10194,0.46686747670173645,0,0,0,810.0,1.0,0.6454183266932271,162,251,251,1,0,1
human_nontata_promoters,j_0p3_0p5,28800,5314,0.4743202328681946,0,0,0,820.0,1.0,0.6533864541832669,164,251,251,1,0,1
human_nontata_promoters,j_0p3_0p5,30346,9922,0.3333333432674408,0,0,0,590.0,1.0,0.4701195219123506,118,251,251,0,0,1
human_nontata_promoters,j_0p3_0p5,29325,6831,0.33791208267211914,0,0,0,640.0,1.0,0.5099601593625498,128,251,251,1,0,1
human_nontata_promoters,j_0p3_0p5,28995,5870,0.48024314641952515,0,0,0,825.0,1.0,0.6573705179282868,165,251,251,1,0,1
human_nontata_promoters,j_0p3_0p5,30353,9857,0.44680851697921753,0,0,0,765.0,1.0,0.6095617529880478,153,251,251,1,0,1
human_nontata_promoters,j_0p3_0p5,30351,9853,0.4890282154083252,0,0,0,810.0,1.0,0.6454183266932271,162,251,251,1,0,1
human_nontata_promoters,j_0p3_0p5,30320,9807,0.3426966369152069,0,0,0,640.0,1.0,0.5099601593625498,128,251,251,1,0,1
human_nontata_promoters,j_0p3_0p5,30380,9989,0.40869563817977905,0,0,0,745.0,1.0,0.5936254980079682,149,251,251,1,0,1
human_nontata_promoters,j_0p3_0p5,28908,5561,0.4878048896789551,0,0,0,835.0,1.0,0.6653386454183267,167,251,251,1,0,1
human_nontata_promoters,j_0p3_0p5,30341,9804,0.41002950072288513,0,0,0,745.0,1.0,0.5936254980079682,149,251,251,1,0,1
human_nontata_promoters,j_0p3_0p5,30129,9168,0.30188679695129395,0,0,0,595.0,1.0,0.47410358565737054,119,251,251,0,0,1
human_nontata_promoters,j_0p3_0p5,29394,7072,0.38243627548217773,0,0,0,710.0,1.0,0.5657370517928287,142,251,251,1,0,1
human_nontata_promoters,j_0p3_0p5,27784,2014,0.44548287987709045,0,0,0,760.0,1.0,0.6055776892430279,152,251,251,1,0,1
human_nontata_promoters,j_0p3_0p5,27283,468,0.30790191888809204,0,0,0,590.0,1.0,0.4701195219123506,118,251,251,0,0,1
human_nontata_promoters,j_0p3_0p5,27892,2461,0.3988439440727234,0,0,0,730.0,1.0,0.5816733067729084,146,251,251,1,0,1
human_nontata_promoters,j_0p3_0p5,27904,2465,0.37068966031074524,0,0,0,665.0,1.0,0.5298804780876494,133,251,251,1,0,1
human_nontata_promoters,j_0p3_0p5,29059,6076,0.36901408433914185,0,0,0,695.0,1.0,0.5537848605577689,139,251,251,1,0,1
human_nontata_promoters,j_0p3_0p5,29625,7626,0.4046242833137512,0,0,0,740.0,1.0,0.5896414342629482,148,251,251,1,0,1
human_nontata_promoters,j_0p3_0p5,31098,12019,0.48466256260871887,0,0,0,830.0,1.0,0.6613545816733067,166,251,251,1,0,1
human_nontata_promoters,j_0p3_0p5,30382,10053,0.4523809552192688,0,0,0,795.0,1.0,0.6334661354581673,159,251,251,1,0,1
human_nontata_promoters,j_0p5_0p7,27288,486,0.5808581113815308,0,0,0,930.0,1.0,0.7410358565737052,186,251,251,1,0,1
human_nontata_promoters,j_0p5_0p7,27409,806,0.5161290168762207,0,0,0,850.0,1.0,0.6772908366533864,170,251,251,1,0,1
human_nontata_promoters,j_0p5_0p7,28259,3570,0.6266666650772095,0,0,0,970.0,1.0,0.7729083665338645,194,251,251,1,0,1
human_nontata_promoters,j_0p5_0p7,30347,9896,0.5880398750305176,0,0,0,930.0,1.0,0.7410358565737052,186,251,251,1,0,1
human_nontata_promoters,j_0p5_0p7,29737,8007,0.6474575996398926,0,0,0,995.0,1.0,0.7928286852589641,199,251,251,1,0,1
human_nontata_promoters,j_0p5_0p7,27865,2290,0.6342281699180603,0,0,0,980.0,1.0,0.7808764940239044,196,251,251,1,0,1
human_nontata_promoters,j_0p5_0p7,27277,451,0.5483871102333069,0,0,0,890.0,1.0,0.7091633466135459,178,251,251,1,0,1
human_nontata_promoters,j_0p5_0p7,29424,7115,0.65625,0,0,0,1000.0,1.0,0.796812749003984,200,251,251,1,0,1
human_nontata_promoters,j_0p5_0p7,27103,20,0.5411392450332642,0,0,0,885.0,1.0,0.7051792828685259,177,251,251,1,0,1
human_nontata_promoters,j_0p5_0p7,27602,1411,0.5141065716743469,0,0,0,855.0,1.0,0.6812749003984063,171,251,251,1,0,1
human_nontata_promoters,j_0p5_0p7,29715,7954,0.6470588445663452,0,0,0,990.0,1.0,0.7888446215139442,198,251,251,1,0,1
human_nontata_promoters,j_0p5_0p7,30356,9936,0.6081081032752991,0,0,0,930.0,1.0,0.7410358565737052,186,251,251,1,0,1
human_nontata_promoters,j_0p5_0p7,27785,2030,0.5062111616134644,0,0,0,850.0,1.0,0.6772908366533864,170,251,251,1,0,1
human_nontata_promoters,j_0p5_0p7,30352,9944,0.5015772581100464,0,0,0,825.0,1.0,0.6573705179282868,165,251,251,1,0,1
human_nontata_promoters,j_0p5_0p7,29910,8514,0.6976743936538696,0,0,0,995.0,1.0,0.7928286852589641,199,251,251,1,0,1
human_nontata_promoters,j_0p5_0p7,29087,6132,0.515625,0,0,0,865.0,1.0,0.6892430278884463,173,251,251,1,0,1
human_nontata_promoters,j_0p5_0p7,27860,2287,0.612582802772522,0,0,0,960.0,1.0,0.7649402390438247,192,251,251,1,0,1
human_nontata_promoters,j_0p5_0p7,30999,11787,0.5492063760757446,0,0,0,900.0,1.0,0.7171314741035857,180,251,251,1,0,1
human_nontata_promoters,j_0p5_0p7,27790,2070,0.5109034180641174,0,0,0,860.0,1.0,0.6852589641434262,172,251,251,1,0,1
human_nontata_promoters,j_0p5_0p7,28226,3443,0.518750011920929,0,0,0,865.0,1.0,0.6892430278884463,173,251,251,1,0,1
human_nontata_promoters,j_0p5_0p7,30241,9517,0.5109717845916748,0,0,0,855.0,1.0,0.6812749003984063,171,251,251,1,0,1
human_nontata_promoters,j_0p5_0p7,27984,2691,0.6724137663841248,0,0,0,1005.0,1.0,0.8007968127490039,201,251,251,1,1,1
human_nontata_promoters,j_0p5_0p7,28943,5719,0.6885812878608704,0,0,0,1030.0,1.0,0.8207171314741036,206,251,251,1,1,1
human_nontata_promoters,j_0p5_0p7,30399,10083,0.6885812878608704,0,0,0,1025.0,1.0,0.8167330677290837,205,251,251,1,1,1
human_nontata_promoters,j_0p5_0p7,29102,6173,0.6241610646247864,0,0,0,975.0,1.0,0.7768924302788844,195,251,251,1,0,1
human_nontata_promoters,j_0p5_0p7,31008,11799,0.618677020072937,0,0,0,1010.0,1.0,0.8047808764940239,202,251,251,1,1,1
human_nontata_promoters,j_0p5_0p7,27498,1099,0.6428571343421936,0,0,0,985.0,1.0,0.7848605577689243,197,251,251,1,0,1
human_nontata_promoters,j_0p5_0p7,30315,9774,0.5307443141937256,0,0,0,890.0,1.0,0.7091633466135459,178,251,251,1,0,1
human_nontata_promoters,j_0p5_0p7,30331,9846,0.5422077775001526,0,0,0,895.0,1.0,0.7131474103585658,179,251,251,1,0,1
human_nontata_promoters,j_0p5_0p7,30176,9292,0.6228955984115601,0,0,0,975.0,1.0,0.7768924302788844,195,251,251,1,0,1
human_nontata_promoters,j_0p5_0p7,31213,12344,0.5396825671195984,0,0,0,870.0,1.0,0.6932270916334662,174,251,251,1,0,1
human_nontata_promoters,j_0p5_0p7,27921,2519,0.6885812878608704,0,0,0,1030.0,1.0,0.8207171314741036,206,251,251,1,1,1
human_nontata_promoters,j_0p5_0p7,27853,2251,0.5659164190292358,0,0,0,915.0,1.0,0.7290836653386454,183,251,251,1,0,1
human_nontata_promoters,j_0p5_0p7,29267,6650,0.6805555820465088,0,0,0,1025.0,1.0,0.8167330677290837,205,251,251,1,1,1
human_nontata_promoters,j_0p5_0p7,30398,10039,0.5541401505470276,0,0,0,905.0,1.0,0.7211155378486056,181,251,251,1,0,1
human_nontata_promoters,j_0p5_0p7,29818,8224,0.584967315196991,0,0,0,930.0,1.0,0.7410358565737052,186,251,251,1,0,1
human_nontata_promoters,j_0p5_0p7,29959,8637,0.5947712659835815,0,0,0,945.0,1.0,0.7529880478087649,189,251,251,1,0,1
human_nontata_promoters,j_0p5_0p7,29309,6801,0.6179401874542236,0,0,0,965.0,1.0,0.7689243027888446,193,251,251,1,0,1
human_nontata_promoters,j_0p5_0p7,27248,379,0.5868852734565735,0,0,0,935.0,1.0,0.7450199203187251,187,251,251,1,0,1
human_nontata_promoters,j_0p5_0p7,27966,2648,0.5331230163574219,0,0,0,870.0,1.0,0.6932270916334662,174,251,251,1,0,1
human_nontata_promoters,j_0p5_0p7,29969,8674,0.5141065716743469,0,0,0,865.0,1.0,0.6892430278884463,173,251,251,1,0,1
human_nontata_promoters,j_0p5_0p7,30323,9803,0.5847176313400269,0,0,0,920.0,1.0,0.7330677290836654,184,251,251,1,0,1
human_nontata_promoters,j_0p5_0p7,28384,3993,0.5562701225280762,0,0,0,910.0,1.0,0.7250996015936255,182,251,251,1,0,1
human_nontata_promoters,j_0p5_0p7,27577,1332,0.5477706789970398,0,0,0,895.0,1.0,0.7131474103585658,179,251,251,1,0,1
human_nontata_promoters,j_0p5_0p7,29402,7052,0.5921052694320679,0,0,0,945.0,1.0,0.7529880478087649,189,251,251,1,0,1
human_nontata_promoters,j_0p5_0p7,30364,9956,0.6925795078277588,0,0,0,1030.0,1.0,0.8207171314741036,206,251,251,1,1,1
human_nontata_promoters,j_0p5_0p7,29951,8612,0.6712328791618347,0,0,0,1015.0,1.0,0.8087649402390438,203,251,251,1,1,1
human_nontata_promoters,j_0p5_0p7,29331,6840,0.5345911979675293,0,0,0,885.0,1.0,0.7051792828685259,177,251,251,1,0,1
human_nontata_promoters,j_0p5_0p7,28382,3992,0.6689655184745789,0,0,0,1005.0,1.0,0.8007968127490039,201,251,251,1,1,1
human_nontata_promoters,j_0p5_0p7,27520,1153,0.638225257396698,0,0,0,990.0,1.0,0.7888446215139442,198,251,251,1,0,1
human_nontata_promoters,j_0p5_0p7,31049,11905,0.5915032625198364,0,0,0,940.0,1.0,0.749003984063745,188,251,251,1,0,1
human_nontata_promoters,j_0p5_0p7,30420,10087,0.6112957000732422,0,0,0,960.0,1.0,0.7649402390438247,192,251,251,1,0,1
human_nontata_promoters,j_0p5_0p7,30936,11572,0.5901639461517334,0,0,0,935.0,1.0,0.7450199203187251,187,251,251,1,0,1
human_nontata_promoters,j_0p5_0p7,30995,11768,0.5124223828315735,0,0,0,860.0,1.0,0.6852589641434262,172,251,251,1,0,1
human_nontata_promoters,j_0p5_0p7,30337,9857,0.6914893388748169,0,0,0,1025.0,1.0,0.8167330677290837,205,251,251,1,1,1
human_nontata_promoters,j_0p5_0p7,30353,9883,0.6094276309013367,0,0,0,950.0,1.0,0.7569721115537849,190,251,251,1,0,1
human_nontata_promoters,j_0p5_0p7,28834,5339,0.5183823704719543,0,0,0,795.0,1.0,0.6334661354581673,159,251,251,1,0,1
human_nontata_promoters,j_0p5_0p7,30971,11689,0.5782312750816345,0,0,0,885.0,1.0,0.7051792828685259,177,251,251,1,0,1
human_nontata_promoters,j_0p5_0p7,29276,6657,0.5297805666923523,0,0,0,880.0,1.0,0.701195219123506,176,251,251,1,0,1
human_nontata_promoters,j_0p5_0p7,30335,9810,0.6631944179534912,0,0,0,1005.0,1.0,0.8007968127490039,201,251,251,1,1,1
human_nontata_promoters,j_0p5_0p7,27410,809,0.5972222089767456,0,0,0,920.0,1.0,0.7330677290836654,184,251,251,1,0,1
human_nontata_promoters,j_0p5_0p7,31167,12223,0.5305466055870056,0,0,0,885.0,1.0,0.7051792828685259,177,251,251,1,0,1
human_nontata_promoters,j_0p5_0p7,29480,7297,0.5816993713378906,0,0,0,930.0,1.0,0.7410358565737052,186,251,251,1,0,1
human_nontata_promoters,j_0p5_0p7,29637,7658,0.6146179437637329,0,0,0,950.0,1.0,0.7569721115537849,190,251,251,1,0,1
human_nontata_promoters,j_0p5_0p7,28778,5191,0.5641025900840759,0,0,0,915.0,1.0,0.7290836653386454,183,251,251,1,0,1
human_nontata_promoters,j_0p5_0p7,30865,11389,0.6287625432014465,0,0,0,975.0,1.0,0.7768924302788844,195,251,251,1,0,1
human_nontata_promoters,j_0p5_0p7,28176,3320,0.6575342416763306,0,0,0,995.0,1.0,0.7928286852589641,199,251,251,1,0,1
human_nontata_promoters,j_0p5_0p7,29023,5955,0.557692289352417,0,0,0,905.0,1.0,0.7211155378486056,181,251,251,1,0,1
human_nontata_promoters,j_0p5_0p7,30440,10162,0.6052631735801697,0,0,0,955.0,1.0,0.7609561752988048,191,251,251,1,0,1
human_nontata_promoters,j_0p5_0p7,30875,11414,0.6958041787147522,0,0,0,1035.0,1.0,0.8247011952191236,207,251,251,1,1,1
human_nontata_promoters,j_0p5_0p7,31017,11835,0.5602605938911438,0,0,0,915.0,1.0,0.7290836653386454,183,251,251,1,0,1
human_nontata_promoters,j_0p5_0p7,28916,5601,0.5253164768218994,0,0,0,860.0,1.0,0.6852589641434262,172,251,251,1,0,1
human_nontata_promoters,j_0p5_0p7,30554,10486,0.6411150097846985,0,0,0,975.0,1.0,0.7768924302788844,195,251,251,1,0,1
human_nontata_promoters,j_0p5_0p7,28661,4853,0.6440678238868713,0,0,0,975.0,1.0,0.7768924302788844,195,251,251,1,0,1
human_nontata_promoters,j_0p5_0p7,29155,6311,0.5709677338600159,0,0,0,920.0,1.0,0.7330677290836654,184,251,251,1,0,1
human_nontata_promoters,j_0p5_0p7,27431,907,0.6137930750846863,0,0,0,950.0,1.0,0.7569721115537849,190,251,251,1,0,1
human_nontata_promoters,j_0p5_0p7,28346,3905,0.5141065716743469,0,0,0,860.0,1.0,0.6852589641434262,172,251,251,1,0,1
human_nontata_promoters,j_0p5_0p7,29956,8630,0.6655290126800537,0,0,0,1010.0,1.0,0.8047808764940239,202,251,251,1,1,1
human_nontata_promoters,j_0p5_0p7,30167,9264,0.5509554147720337,0,0,0,900.0,1.0,0.7171314741035857,180,251,251,1,0,1
human_nontata_promoters,j_0p5_0p7,30494,10319,0.6575342416763306,0,0,0,995.0,1.0,0.7928286852589641,199,251,251,1,0,1
human_nontata_promoters,j_0p5_0p7,29263,6146,0.5367411971092224,0,0,0,860.0,1.0,0.6852589641434262,172,251,251,1,0,1
human_nontata_promoters,j_0p5_0p7,30774,11114,0.6092715263366699,0,0,0,960.0,1.0,0.7649402390438247,192,251,251,1,0,1
human_nontata_promoters,j_0p5_0p7,30566,10504,0.5986841917037964,0,0,0,945.0,1.0,0.7529880478087649,189,251,251,1,0,1
human_nontata_promoters,j_0p5_0p7,29647,7699,0.5880398750305176,0,0,0,945.0,1.0,0.7529880478087649,189,251,251,1,0,1
human_nontata_promoters,j_0p5_0p7,28857,5406,0.6642857193946838,0,0,0,975.0,1.0,0.7768924302788844,195,251,251,1,0,1
human_nontata_promoters,j_0p5_0p7,30379,10027,0.6851211190223694,0,0,0,1025.0,1.0,0.8167330677290837,205,251,251,1,1,1
human_nontata_promoters,j_0p5_0p7,29934,8571,0.5015384554862976,0,0,0,850.0,1.0,0.6772908366533864,170,251,251,1,0,1
human_nontata_promoters,j_0p5_0p7,29089,6133,0.5986841917037964,0,0,0,945.0,1.0,0.7529880478087649,189,251,251,1,0,1
human_nontata_promoters,j_0p5_0p7,28608,4728,0.6724137663841248,0,0,0,1015.0,1.0,0.8087649402390438,203,251,251,1,1,1
human_nontata_promoters,j_0p5_0p7,30835,11287,0.5236592888832092,0,0,0,875.0,1.0,0.6972111553784861,175,251,251,1,0,1
human_nontata_promoters,j_0p5_0p7,29830,8241,0.6609588861465454,0,0,0,1000.0,1.0,0.796812749003984,200,251,251,1,0,1
human_nontata_promoters,j_0p5_0p7,29759,8070,0.5251572132110596,0,0,0,870.0,1.0,0.6932270916334662,174,251,251,1,0,1
human_nontata_promoters,j_0p5_0p7,29165,6354,0.6430976390838623,0,0,0,990.0,1.0,0.7888446215139442,198,251,251,1,0,1
human_nontata_promoters,j_0p5_0p7,29671,7776,0.6958041787147522,0,0,0,1030.0,1.0,0.8207171314741036,206,251,251,1,1,1
human_nontata_promoters,j_0p5_0p7,30260,9568,0.504643976688385,0,0,0,850.0,1.0,0.6772908366533864,170,251,251,1,0,1
human_nontata_promoters,j_0p5_0p7,27815,2134,0.5677419304847717,0,0,0,920.0,1.0,0.7330677290836654,184,251,251,1,0,1
human_nontata_promoters,j_0p5_0p7,29400,7047,0.6944444179534912,0,0,0,1035.0,1.0,0.8247011952191236,207,251,251,1,1,1
human_nontata_promoters,j_0p5_0p7,30391,10066,0.6266666650772095,0,0,0,970.0,1.0,0.7729083665338645,194,251,251,1,0,1
human_nontata_promoters,j_0p5_0p7,27616,1462,0.5816993713378906,0,0,0,925.0,1.0,0.7370517928286853,185,251,251,1,0,1
human_nontata_promoters,j_0p5_0p7,29959,8645,0.5318471193313599,0,0,0,870.0,1.0,0.6932270916334662,174,251,251,1,0,1
human_nontata_promoters,j_0p5_0p7,28460,3953,0.5947712659835815,0,0,0,945.0,1.0,0.7529880478087649,189,251,251,1,0,1
human_nontata_promoters,j_0p5_0p7,30188,9334,0.5266457796096802,0,0,0,875.0,1.0,0.6972111553784861,175,251,251,1,0,1
human_nontata_promoters,j_0p5_0p7,30304,9759,0.594684362411499,0,0,0,935.0,1.0,0.7450199203187251,187,251,251,1,0,1
human_nontata_promoters,j_0p5_0p7,28910,5538,0.6105610728263855,0,0,0,960.0,1.0,0.7649402390438247,192,251,251,1,0,1
human_nontata_promoters,j_0p5_0p7,28420,4115,0.6054421663284302,0,0,0,945.0,1.0,0.7529880478087649,189,251,251,1,0,1
human_nontata_promoters,j_0p5_0p7,29514,7385,0.5061728358268738,0,0,0,850.0,1.0,0.6772908366533864,170,251,251,1,0,1
human_nontata_promoters,j_0p5_0p7,30381,10023,0.5915032625198364,0,0,0,940.0,1.0,0.749003984063745,188,251,251,1,0,1
human_nontata_promoters,j_0p5_0p7,30435,10158,0.5155279636383057,0,0,0,860.0,1.0,0.6852589641434262,172,251,251,1,0,1
human_nontata_promoters,j_0p5_0p7,29281,6721,0.557692289352417,0,0,0,900.0,1.0,0.7171314741035857,180,251,251,1,0,1
human_nontata_promoters,j_0p5_0p7,30380,10036,0.5967212915420532,0,0,0,945.0,1.0,0.7529880478087649,189,251,251,1,0,1
human_nontata_promoters,j_0p5_0p7,30351,9939,0.5031446814537048,0,0,0,820.0,1.0,0.6533864541832669,164,251,251,1,0,1
human_nontata_promoters,j_0p5_0p7,28625,4768,0.5111111402511597,0,0,0,855.0,1.0,0.6812749003984063,171,251,251,1,0,1
human_nontata_promoters,j_0p5_0p7,30348,9857,0.6866196990013123,0,0,0,1025.0,1.0,0.8167330677290837,205,251,251,1,1,1
human_nontata_promoters,j_0p5_0p7,30108,9120,0.5816993713378906,0,0,0,935.0,1.0,0.7450199203187251,187,251,251,1,0,1
human_nontata_promoters,j_0p5_0p7,27758,1910,0.5627009868621826,0,0,0,910.0,1.0,0.7250996015936255,182,251,251,1,0,1
human_nontata_promoters,j_0p5_0p7,27158,169,0.5382165312767029,0,0,0,890.0,1.0,0.7091633466135459,178,251,251,1,0,1
human_nontata_promoters,j_0p5_0p7,29911,8514,0.6717557311058044,0,0,0,975.0,1.0,0.7768924302788844,195,251,251,1,0,1
human_nontata_promoters,j_0p5_0p7,28399,4042,0.5261437892913818,0,0,0,870.0,1.0,0.6932270916334662,174,251,251,1,0,1
human_nontata_promoters,j_0p5_0p7,30958,11677,0.6146179437637329,0,0,0,965.0,1.0,0.7689243027888446,193,251,251,1,0,1
human_nontata_promoters,j_0p5_0p7,29586,7508,0.5779221057891846,0,0,0,930.0,1.0,0.7410358565737052,186,251,251,1,0,1
human_nontata_promoters,j_0p5_0p7,29366,6944,0.6179401874542236,0,0,0,965.0,1.0,0.7689243027888446,193,251,251,1,0,1
human_nontata_promoters,j_0p5_0p7,29071,6115,0.5591054558753967,0,0,0,910.0,1.0,0.7250996015936255,182,251,251,1,0,1
human_nontata_promoters,j_0p5_0p7,30091,9101,0.6486486196517944,0,0,0,995.0,1.0,0.7928286852589641,199,251,251,1,0,1
human_nontata_promoters,j_0p5_0p7,30438,10141,0.6761565804481506,0,0,0,1020.0,1.0,0.8127490039840638,204,251,251,1,1,1
human_nontata_promoters,j_0p5_0p7,30330,9839,0.6114864945411682,0,0,0,965.0,1.0,0.7689243027888446,193,251,251,1,0,1
human_nontata_promoters,j_0p5_0p7,30811,11215,0.5598705410957336,0,0,0,910.0,1.0,0.7250996015936255,182,251,251,1,0,1
human_nontata_promoters,j_0p5_0p7,28116,3127,0.5428571701049805,0,0,0,895.0,1.0,0.7131474103585658,179,251,251,1,0,1
human_nontata_promoters,j_0p5_0p7,28409,4077,0.5469255447387695,0,0,0,895.0,1.0,0.7131474103585658,179,251,251,1,0,1
human_nontata_promoters,j_0p5_0p7,31215,5,0.6293706297874451,0,0,0,985.0,1.0,0.7848605577689243,197,251,251,1,0,1
human_nontata_promoters,j_0p5_0p7,30357,9949,0.5193548202514648,0,0,0,855.0,1.0,0.6812749003984063,171,251,251,1,0,1
human_nontata_promoters,j_0p5_0p7,29224,6545,0.6971830725669861,0,0,0,1035.0,1.0,0.8247011952191236,207,251,251,1,1,1
human_nontata_promoters,j_0p5_0p7,30342,9885,0.5354838967323303,0,0,0,880.0,1.0,0.701195219123506,176,251,251,1,0,1
human_nontata_promoters,j_0p5_0p7,29564,7469,0.6552901268005371,0,0,0,1000.0,1.0,0.796812749003984,200,251,251,1,0,1
human_nontata_promoters,j_0p5_0p7,28442,4145,0.6486486196517944,0,0,0,995.0,1.0,0.7928286852589641,199,251,251,1,0,1
human_nontata_promoters,j_0p5_0p7,29986,8740,0.5,0,0,0,865.0,1.0,0.6892430278884463,173,251,251,1,0,1
human_nontata_promoters,j_0p5_0p7,30341,9816,0.5191082954406738,0,0,0,875.0,1.0,0.6972111553784861,175,251,251,1,0,1
human_nontata_promoters,j_0p5_0p7,27399,788,0.672535240650177,0,0,0,990.0,1.0,0.7888446215139442,198,251,251,1,0,1
human_nontata_promoters,j_0p5_0p7,27876,2348,0.6233333349227905,0,0,0,970.0,1.0,0.7729083665338645,194,251,251,1,0,1
human_nontata_promoters,j_0p5_0p7,27643,1537,0.6909722089767456,0,0,0,1030.0,1.0,0.8207171314741036,206,251,251,1,1,1
human_nontata_promoters,j_0p5_0p7,28735,5053,0.6105610728263855,0,0,0,960.0,1.0,0.7649402390438247,192,251,251,1,0,1
human_nontata_promoters,j_0p5_0p7,30353,9885,0.6736842393875122,0,0,0,1010.0,1.0,0.8047808764940239,202,251,251,1,1,1
human_nontata_promoters,j_0p5_0p7,30358,9887,0.5369774699211121,0,0,0,850.0,1.0,0.6772908366533864,170,251,251,1,0,1
human_nontata_promoters,j_0p5_0p7,27223,313,0.5882353186607361,0,0,0,930.0,1.0,0.7410358565737052,186,251,251,1,0,1
human_nontata_promoters,j_0p5_0p7,27739,1835,0.5492063760757446,0,0,0,900.0,1.0,0.7171314741035857,180,251,251,1,0,1
human_nontata_promoters,j_0p5_0p7,30237,9498,0.5677419304847717,0,0,0,915.0,1.0,0.7290836653386454,183,251,251,1,0,1
human_nontata_promoters,j_0p5_0p7,28725,4973,0.6474575996398926,0,0,0,995.0,1.0,0.7928286852589641,199,251,251,1,0,1
human_nontata_promoters,j_0p5_0p7,27861,2287,0.5559105277061462,0,0,0,905.0,1.0,0.7211155378486056,181,251,251,1,0,1
human_nontata_promoters,j_0p5_0p7,29567,7475,0.6418918967247009,0,0,0,990.0,1.0,0.7888446215139442,198,251,251,1,0,1
human_nontata_promoters,j_0p5_0p7,31014,11822,0.6925795078277588,0,0,0,1015.0,1.0,0.8087649402390438,203,251,251,1,1,1
human_nontata_promoters,j_0p5_0p7,30366,9909,0.5191082954406738,0,0,0,840.0,1.0,0.6693227091633466,168,251,251,1,0,1
human_nontata_promoters,j_0p5_0p7,30993,11773,0.5362775921821594,0,0,0,885.0,1.0,0.7051792828685259,177,251,251,1,0,1
human_nontata_promoters,j_0p5_0p7,29757,8069,0.5888158082962036,0,0,0,930.0,1.0,0.7410358565737052,186,251,251,1,0,1
human_nontata_promoters,j_0p5_0p7,29269,6647,0.6166666746139526,0,0,0,965.0,1.0,0.7689243027888446,193,251,251,1,0,1
human_nontata_promoters,j_0p5_0p7,30348,9855,0.6597222089767456,0,0,0,1000.0,1.0,0.796812749003984,200,251,251,1,0,1
human_nontata_promoters,j_0p5_0p7,31191,12294,0.5882353186607361,0,0,0,935.0,1.0,0.7450199203187251,187,251,251,1,0,1
human_nontata_promoters,j_0p5_0p7,30386,10046,0.6712328791618347,0,0,0,1015.0,1.0,0.8087649402390438,203,251,251,1,1,1
human_nontata_promoters,j_0p5_0p7,30652,10797,0.5627009868621826,0,0,0,915.0,1.0,0.7290836653386454,183,251,251,1,0,1
human_nontata_promoters,j_0p5_0p7,30377,9995,0.5527156591415405,0,0,0,905.0,1.0,0.7211155378486056,181,251,251,1,0,1
human_nontata_promoters,j_0p5_0p7,28317,3821,0.5492063760757446,0,0,0,900.0,1.0,0.7171314741035857,180,251,251,1,0,1
human_nontata_promoters,j_0p5_0p7,30079,9077,0.5297805666923523,0,0,0,880.0,1.0,0.701195219123506,176,251,251,1,0,1
human_nontata_promoters,j_0p5_0p7,29920,8547,0.5236592888832092,0,0,0,875.0,1.0,0.6972111553784861,175,251,251,1,0,1
human_nontata_promoters,j_0p5_0p7,27686,1724,0.557692289352417,0,0,0,905.0,1.0,0.7211155378486056,181,251,251,1,0,1
human_nontata_promoters,j_0p5_0p7,30323,9772,0.5643564462661743,0,0,0,920.0,1.0,0.7330677290836654,184,251,251,1,0,1
human_nontata_promoters,j_0p5_0p7,30538,10421,0.6761565804481506,0,0,0,1010.0,1.0,0.8047808764940239,202,251,251,1,1,1
human_nontata_promoters,j_0p5_0p7,27186,234,0.5147058963775635,0,0,0,825.0,1.0,0.6573705179282868,165,251,251,1,0,1
human_nontata_promoters,j_0p5_0p7,30416,10119,0.5709677338600159,0,0,0,920.0,1.0,0.7330677290836654,184,251,251,1,0,1
human_nontata_promoters,j_0p5_0p7,31126,12093,0.5681818127632141,0,0,0,920.0,1.0,0.7330677290836654,184,251,251,1,0,1
human_nontata_promoters,j_0p5_0p7,31086,12022,0.6885812878608704,0,0,0,1030.0,1.0,0.8207171314741036,206,251,251,1,1,1
human_nontata_promoters,j_0p5_0p7,30334,9865,0.5094936490058899,0,0,0,855.0,1.0,0.6812749003984063,171,251,251,1,0,1
human_nontata_promoters,j_0p5_0p7,30365,9922,0.6313993334770203,0,0,0,980.0,1.0,0.7808764940239044,196,251,251,1,0,1
human_nontata_promoters,j_0p5_0p7,29176,6401,0.6146179437637329,0,0,0,965.0,1.0,0.7689243027888446,193,251,251,1,0,1
human_nontata_promoters,j_0p5_0p7,28235,3486,0.6287625432014465,0,0,0,965.0,1.0,0.7689243027888446,193,251,251,1,0,1
human_nontata_promoters,j_0p5_0p7,28368,3915,0.5641025900840759,0,0,0,915.0,1.0,0.7290836653386454,183,251,251,1,0,1
human_nontata_promoters,j_0p5_0p7,27570,1316,0.5061728358268738,0,0,0,855.0,1.0,0.6812749003984063,171,251,251,1,0,1
human_nontata_promoters,j_0p5_0p7,31062,11955,0.695035457611084,0,0,0,1040.0,1.0,0.8286852589641435,208,251,251,1,1,1
human_nontata_promoters,j_0p5_0p7,29266,6650,0.6689655184745789,0,0,0,1015.0,1.0,0.8087649402390438,203,251,251,1,1,1
human_nontata_promoters,j_0p5_0p7,28452,4205,0.5428571701049805,0,0,0,890.0,1.0,0.7091633466135459,178,251,251,1,0,1
human_nontata_promoters,j_0p5_0p7,30347,9893,0.6040268540382385,0,0,0,945.0,1.0,0.7529880478087649,189,251,251,1,0,1
human_nontata_promoters,j_0p5_0p7,30917,11512,0.6266666650772095,0,0,0,975.0,1.0,0.7768924302788844,195,251,251,1,0,1
human_nontata_promoters,j_0p5_0p7,30908,11497,0.6598639488220215,0,0,0,1005.0,1.0,0.8007968127490039,201,251,251,1,1,1
human_nontata_promoters,j_0p5_0p7,29380,6971,0.5612903237342834,0,0,0,910.0,1.0,0.7250996015936255,182,251,251,1,0,1
human_nontata_promoters,j_0p5_0p7,30346,9830,0.5866666436195374,0,0,0,935.0,1.0,0.7450199203187251,187,251,251,1,0,1
human_nontata_promoters,j_0p5_0p7,28392,4013,0.6842105388641357,0,0,0,1030.0,1.0,0.8207171314741036,206,251,251,1,1,1
human_nontata_promoters,j_0p5_0p7,27897,2422,0.553398072719574,0,0,0,890.0,1.0,0.7091633466135459,178,251,251,1,0,1
human_nontata_promoters,j_0p5_0p7,29093,6144,0.6552901268005371,0,0,0,995.0,1.0,0.7928286852589641,199,251,251,1,0,1
human_nontata_promoters,j_0p5_0p7,29454,7208,0.5220125913619995,0,0,0,855.0,1.0,0.6812749003984063,171,251,251,1,0,1
human_nontata_promoters,j_0p5_0p7,30733,10993,0.5803278684616089,0,0,0,935.0,1.0,0.7450199203187251,187,251,251,1,0,1
human_nontata_promoters,j_0p5_0p7,30335,9794,0.5031446814537048,0,0,0,850.0,1.0,0.6772908366533864,170,251,251,1,0,1
human_nontata_promoters,j_0p5_0p7,28776,5178,0.6598639488220215,0,0,0,1005.0,1.0,0.8007968127490039,201,251,251,1,1,1
human_nontata_promoters,j_0p5_0p7,30372,9945,0.5031446814537048,0,0,0,845.0,1.0,0.6733067729083665,169,251,251,1,0,1
human_nontata_promoters,j_0p5_0p7,27477,1039,0.6486486196517944,0,0,0,995.0,1.0,0.7928286852589641,199,251,251,1,0,1
human_nontata_promoters,j_0p5_0p7,27586,1344,0.6287625432014465,0,0,0,975.0,1.0,0.7768924302788844,195,251,251,1,0,1
human_nontata_promoters,j_0p5_0p7,30344,9825,0.6047297120094299,0,0,0,955.0,1.0,0.7609561752988048,191,251,251,1,0,1
human_nontata_promoters,j_0p5_0p7,29355,6919,0.515625,0,0,0,860.0,1.0,0.6852589641434262,172,251,251,1,0,1
human_nontata_promoters,j_0p5_0p7,30393,10031,0.6375839114189148,0,0,0,985.0,1.0,0.7848605577689243,197,251,251,1,0,1
human_nontata_promoters,j_0p5_0p7,27202,277,0.5,0,0,0,840.0,1.0,0.6693227091633466,168,251,251,1,0,1
human_nontata_promoters,j_0p5_0p7,30283,9668,0.6112957000732422,0,0,0,955.0,1.0,0.7609561752988048,191,251,251,1,0,1
human_nontata_promoters,j_0p5_0p7,30242,9511,0.5480769276618958,0,0,0,890.0,1.0,0.7091633466135459,178,251,251,1,0,1
human_nontata_promoters,j_0p5_0p7,30364,9907,0.5404530763626099,0,0,0,865.0,1.0,0.6892430278884463,173,251,251,1,0,1
human_nontata_promoters,j_0p5_0p7,28808,5280,0.5548387169837952,0,0,0,910.0,1.0,0.7250996015936255,182,251,251,1,0,1
human_nontata_promoters,j_0p7_0p8,28679,4906,0.7132616639137268,1,0,0,1050.0,1.0,0.8366533864541833,210,251,251,1,1,1
human_nontata_promoters,j_0p7_0p8,29918,8526,0.7931034564971924,1,0,0,1120.0,1.0,0.8924302788844621,224,251,251,1,1,1
human_nontata_promoters,j_0p7_0p8,29684,7814,0.7453183531761169,1,0,0,1075.0,1.0,0.8565737051792829,215,251,251,1,1,1
human_nontata_promoters,j_0p7_0p8,30393,10037,0.7243816256523132,1,0,0,1060.0,1.0,0.8446215139442231,212,251,251,1,1,1
human_nontata_promoters,j_0p7_0p8,30340,9862,0.7408758997917175,1,0,0,1065.0,1.0,0.848605577689243,213,251,251,1,1,1
human_nontata_promoters,j_0p7_0p8,30521,10388,0.7491039633750916,1,0,0,1080.0,1.0,0.8605577689243028,216,251,251,1,1,1
human_nontata_promoters,j_0p7_0p8,27107,39,0.7593985199928284,1,0,0,1065.0,1.0,0.848605577689243,213,251,251,1,1,1
human_nontata_promoters,j_0p7_0p8,31067,11974,0.7843866348266602,1,0,0,1110.0,1.0,0.8844621513944223,222,251,251,1,1,1
human_nontata_promoters,j_0p7_0p8,30656,10853,0.7757353186607361,1,0,0,1100.0,1.0,0.8764940239043825,220,251,251,1,1,1
human_nontata_promoters,j_0p7_0p8,29422,7106,0.7814815044403076,1,0,0,1100.0,1.0,0.8764940239043825,220,251,251,1,1,1
human_nontata_promoters,j_0p7_0p8,27867,2300,0.7904411554336548,1,0,0,1110.0,1.0,0.8844621513944223,222,251,251,1,1,1
human_nontata_promoters,j_0p7_0p8,28274,3642,0.7810218930244446,1,0,0,1105.0,1.0,0.8804780876494024,221,251,251,1,1,1
human_nontata_promoters,j_0p7_0p8,27119,60,0.7427536249160767,1,0,0,1065.0,1.0,0.848605577689243,213,251,251,1,1,1
human_nontata_promoters,j_0p7_0p8,27458,977,0.7695167064666748,1,0,0,1095.0,1.0,0.8725099601593626,219,251,251,1,1,1
human_nontata_promoters,j_0p7_0p8,29343,6879,0.7490909099578857,1,0,0,1075.0,1.0,0.8565737051792829,215,251,251,1,1,1
human_nontata_promoters,j_0p7_0p8,30740,11019,0.7553957104682922,1,0,0,1085.0,1.0,0.8645418326693227,217,251,251,1,1,1
human_nontata_promoters,j_0p7_0p8,30103,9103,0.7052631378173828,1,0,0,1040.0,1.0,0.8286852589641435,208,251,251,1,1,1
human_nontata_promoters,j_0p7_0p8,30787,11150,0.7591241002082825,1,0,0,1090.0,1.0,0.8685258964143426,218,251,251,1,1,1
human_nontata_promoters,j_0p7_0p8,30025,8873,0.7712177038192749,1,0,0,1100.0,1.0,0.8764940239043825,220,251,251,1,1,1
human_nontata_promoters,j_0p7_0p8,30664,10833,0.7886792421340942,1,0,0,1105.0,1.0,0.8804780876494024,221,251,251,1,1,1
human_nontata_promoters,j_0p7_0p8,27142,118,0.7259259223937988,1,0,0,1065.0,1.0,0.848605577689243,213,251,251,1,1,1
human_nontata_promoters,j_0p7_0p8,30389,10057,0.7304964661598206,1,0,0,1065.0,1.0,0.848605577689243,213,251,251,1,1,1
human_nontata_promoters,j_0p7_0p8,28563,4544,0.7042253613471985,1,0,0,1040.0,1.0,0.8286852589641435,208,251,251,1,1,1
human_nontata_promoters,j_0p7_0p8,27546,1256,0.7234042286872864,1,0,0,1055.0,1.0,0.8406374501992032,211,251,251,1,1,1
human_nontata_promoters,j_0p7_0p8,28930,5681,0.7933579087257385,1,0,0,1115.0,1.0,0.8884462151394422,223,251,251,1,1,1
human_nontata_promoters,j_0p7_0p8,29240,6585,0.7428571581840515,1,0,0,1075.0,1.0,0.8565737051792829,215,251,251,1,1,1
human_nontata_promoters,j_0p7_0p8,30346,9840,0.7372262477874756,1,0,0,1065.0,1.0,0.848605577689243,213,251,251,1,1,1
human_nontata_promoters,j_0p7_0p8,30352,9921,0.779026210308075,1,0,0,1075.0,1.0,0.8565737051792829,215,251,251,1,1,1
human_nontata_promoters,j_0p7_0p8,30322,9789,0.7335766553878784,1,0,0,1070.0,1.0,0.852589641434263,214,251,251,1,1,1
human_nontata_promoters,j_0p7_0p8,30392,10035,0.7122806906700134,1,0,0,1050.0,1.0,0.8366533864541833,210,251,251,1,1,1
human_nontata_promoters,j_0p7_0p8,29958,8638,0.700348436832428,1,0,0,1040.0,1.0,0.8286852589641435,208,251,251,1,1,1
human_nontata_promoters,j_0p7_0p8,30389,10055,0.7428571581840515,1,0,0,1075.0,1.0,0.8565737051792829,215,251,251,1,1,1
human_nontata_promoters,j_0p7_0p8,29156,6322,0.7266187071800232,1,0,0,1065.0,1.0,0.848605577689243,213,251,251,1,1,1
human_nontata_promoters,j_0p7_0p8,28444,4156,0.7804877758026123,1,0,0,1080.0,1.0,0.8605577689243028,216,251,251,1,1,1
human_nontata_promoters,j_0p7_0p8,30544,10463,0.7728937864303589,1,0,0,1095.0,1.0,0.8725099601593626,219,251,251,1,1,1
human_nontata_promoters,j_0p7_0p8,29858,8341,0.7017543911933899,1,0,0,1040.0,1.0,0.8286852589641435,208,251,251,1,1,1
human_nontata_promoters,j_0p7_0p8,30853,11351,0.7810218930244446,1,0,0,1105.0,1.0,0.8804780876494024,221,251,251,1,1,1
human_nontata_promoters,j_0p7_0p8,27437,915,0.7827715277671814,1,0,0,1100.0,1.0,0.8764940239043825,220,251,251,1,1,1
human_nontata_promoters,j_0p7_0p8,31021,11844,0.7709090709686279,1,0,0,1095.0,1.0,0.8725099601593626,219,251,251,1,1,1
human_nontata_promoters,j_0p7_0p8,27761,1925,0.7925925850868225,1,0,0,1100.0,1.0,0.8764940239043825,220,251,251,1,1,1
human_nontata_promoters,j_0p7_0p8,27434,909,0.7027971744537354,1,0,0,1040.0,1.0,0.8286852589641435,208,251,251,1,1,1
human_nontata_promoters,j_0p7_0p8,29958,8635,0.7428571581840515,1,0,0,1075.0,1.0,0.8565737051792829,215,251,251,1,1,1
human_nontata_promoters,j_0p7_0p8,30388,10053,0.7428571581840515,1,0,0,1075.0,1.0,0.8565737051792829,215,251,251,1,1,1
human_nontata_promoters,j_0p7_0p8,30326,9791,0.7601476311683655,1,0,0,1070.0,1.0,0.852589641434263,214,251,251,1,1,1
human_nontata_promoters,j_0p7_0p8,29614,7608,0.7554744482040405,1,0,0,1085.0,1.0,0.8645418326693227,217,251,251,1,1,1
human_nontata_promoters,j_0p7_0p8,30365,9929,0.7638376355171204,1,0,0,1090.0,1.0,0.8685258964143426,218,251,251,1,1,1
human_nontata_promoters,j_0p7_0p8,28686,4887,0.7617328763008118,1,0,0,1090.0,1.0,0.8685258964143426,218,251,251,1,1,1
human_nontata_promoters,j_0p7_0p8,30011,8813,0.7728937864303589,1,0,0,1090.0,1.0,0.8685258964143426,218,251,251,1,1,1
human_nontata_promoters,j_0p7_0p8,27686,1708,0.7664233446121216,1,0,0,1095.0,1.0,0.8725099601593626,219,251,251,1,1,1
human_nontata_promoters,j_0p7_0p8,29964,8647,0.7947761416435242,1,0,0,1100.0,1.0,0.8764940239043825,220,251,251,1,1,1
human_nontata_promoters,j_0p7_0p8,27976,2668,0.7173144817352295,1,0,0,1055.0,1.0,0.8406374501992032,211,251,251,1,1,1
human_nontata_promoters,j_0p7_0p8,30285,9668,0.7933579087257385,1,0,0,1115.0,1.0,0.8884462151394422,223,251,251,1,1,1
human_nontata_promoters,j_0p7_0p8,28240,3504,0.7686567306518555,1,0,0,1100.0,1.0,0.8764940239043825,220,251,251,1,1,1
human_nontata_promoters,j_0p7_0p8,28843,5354,0.75,1,0,0,1075.0,1.0,0.8565737051792829,215,251,251,1,1,1
human_nontata_promoters,j_0p7_0p8,30703,10925,0.7355072498321533,1,0,0,1070.0,1.0,0.852589641434263,214,251,251,1,1,1
human_nontata_promoters,j_0p7_0p8,27619,1491,0.7814815044403076,1,0,0,1100.0,1.0,0.8764940239043825,220,251,251,1,1,1
human_nontata_promoters,j_0p7_0p8,27431,906,0.7481203079223633,1,0,0,1070.0,1.0,0.852589641434263,214,251,251,1,1,1
human_nontata_promoters,j_0p7_0p8,30369,9964,0.7902621626853943,1,0,0,1105.0,1.0,0.8804780876494024,221,251,251,1,1,1
human_nontata_promoters,j_0p7_0p8,30295,9707,0.7536231875419617,1,0,0,1080.0,1.0,0.8605577689243028,216,251,251,1,1,1
human_nontata_promoters,j_0p7_0p8,29166,6355,0.7941176295280457,1,0,0,1115.0,1.0,0.8884462151394422,223,251,251,1,1,1
human_nontata_promoters,j_0p7_0p8,28784,5214,0.7810218930244446,1,0,0,1105.0,1.0,0.8804780876494024,221,251,251,1,1,1
human_nontata_promoters,j_0p7_0p8,30403,10058,0.774545431137085,1,0,0,1095.0,1.0,0.8725099601593626,219,251,251,1,1,1
human_nontata_promoters,j_0p7_0p8,28256,3567,0.785977840423584,1,0,0,1105.0,1.0,0.8804780876494024,221,251,251,1,1,1
human_nontata_promoters,j_0p7_0p8,30699,10909,0.7681159377098083,1,0,0,1095.0,1.0,0.8725099601593626,219,251,251,1,1,1
human_nontata_promoters,j_0p7_0p8,30584,10560,0.7183098793029785,1,0,0,1055.0,1.0,0.8406374501992032,211,251,251,1,1,1
human_nontata_promoters,j_0p7_0p8,28758,5136,0.7545126080513,1,0,0,1085.0,1.0,0.8645418326693227,217,251,251,1,1,1
human_nontata_promoters,j_0p7_0p8,27892,2413,0.7153024673461914,1,0,0,1055.0,1.0,0.8406374501992032,211,251,251,1,1,1
human_nontata_promoters,j_0p7_0p8,29136,6245,0.7728937864303589,1,0,0,1095.0,1.0,0.8725099601593626,219,251,251,1,1,1
human_nontata_promoters,j_0p7_0p8,27634,1512,0.7802197933197021,1,0,0,1105.0,1.0,0.8804780876494024,221,251,251,1,1,1
human_nontata_promoters,j_0p7_0p8,29867,8375,0.7664233446121216,1,0,0,1085.0,1.0,0.8645418326693227,217,251,251,1,1,1
human_nontata_promoters,j_0p7_0p8,30394,10072,0.7681159377098083,1,0,0,1090.0,1.0,0.8685258964143426,218,251,251,1,1,1
human_nontata_promoters,j_0p7_0p8,28816,5287,0.7304964661598206,1,0,0,1065.0,1.0,0.848605577689243,213,251,251,1,1,1
human_nontata_promoters,j_0p7_0p8,27637,1522,0.7435897588729858,1,0,0,1080.0,1.0,0.8605577689243028,216,251,251,1,1,1
human_nontata_promoters,j_0p7_0p8,29554,7137,0.7153024673461914,1,0,0,1050.0,1.0,0.8366533864541833,210,251,251,1,1,1
human_nontata_promoters,j_0p7_0p8,29204,6495,0.7455196976661682,1,0,0,1075.0,1.0,0.8565737051792829,215,251,251,1,1,1
human_nontata_promoters,j_0p7_0p8,28301,3780,0.7765567898750305,1,0,0,1100.0,1.0,0.8764940239043825,220,251,251,1,1,1
human_nontata_promoters,j_0p7_0p8,28982,5841,0.7230215668678284,1,0,0,1060.0,1.0,0.8446215139442231,212,251,251,1,1,1
human_nontata_promoters,j_0p7_0p8,28235,3489,0.7933579087257385,1,0,0,1105.0,1.0,0.8804780876494024,221,251,251,1,1,1
human_nontata_promoters,j_0p7_0p8,29996,8774,0.7672727108001709,1,0,0,1095.0,1.0,0.8725099601593626,219,251,251,1,1,1
human_nontata_promoters,j_0p7_0p8,28110,3093,0.7553957104682922,1,0,0,1085.0,1.0,0.8645418326693227,217,251,251,1,1,1
human_nontata_promoters,j_0p7_0p8,28665,4893,0.7183098793029785,1,0,0,1055.0,1.0,0.8406374501992032,211,251,251,1,1,1
human_nontata_promoters,j_0p7_0p8,28323,3825,0.7599999904632568,1,0,0,1090.0,1.0,0.8685258964143426,218,251,251,1,1,1
human_nontata_promoters,j_0p7_0p8,29355,6910,0.7851851582527161,1,0,0,1105.0,1.0,0.8804780876494024,221,251,251,1,1,1
human_nontata_promoters,j_0p7_0p8,29416,7097,0.7304964661598206,1,0,0,1065.0,1.0,0.848605577689243,213,251,251,1,1,1
human_nontata_promoters,j_0p7_0p8,30429,10141,0.7803030014038086,1,0,0,1110.0,1.0,0.8844621513944223,222,251,251,1,1,1
human_nontata_promoters,j_0p7_0p8,30332,9837,0.7601476311683655,1,0,0,1090.0,1.0,0.8685258964143426,218,251,251,1,1,1
human_nontata_promoters,j_0p7_0p8,28737,5057,0.7338129281997681,1,0,0,1070.0,1.0,0.852589641434263,214,251,251,1,1,1
human_nontata_promoters,j_0p7_0p8,27476,1038,0.7419354915618896,1,0,0,1075.0,1.0,0.8565737051792829,215,251,251,1,1,1
human_nontata_promoters,j_0p7_0p8,29936,8565,0.7062937021255493,1,0,0,1045.0,1.0,0.8326693227091634,209,251,251,1,1,1
human_nontata_promoters,j_0p7_0p8,30695,10898,0.7666666507720947,1,0,0,1080.0,1.0,0.8605577689243028,216,251,251,1,1,1
human_nontata_promoters,j_0p7_0p8,29516,7392,0.7122806906700134,1,0,0,1050.0,1.0,0.8366533864541833,210,251,251,1,1,1
human_nontata_promoters,j_0p7_0p8,30402,10051,0.7491039633750916,1,0,0,1075.0,1.0,0.8565737051792829,215,251,251,1,1,1
human_nontata_promoters,j_0p7_0p8,30944,11588,0.7410072088241577,1,0,0,1075.0,1.0,0.8565737051792829,215,251,251,1,1,1
human_nontata_promoters,j_0p7_0p8,29626,7647,0.7347670197486877,1,0,0,1070.0,1.0,0.852589641434263,214,251,251,1,1,1
human_nontata_promoters,j_0p7_0p8,28081,2991,0.7042253613471985,1,0,0,1040.0,1.0,0.8286852589641435,208,251,251,1,1,1
human_nontata_promoters,j_0p7_0p8,28888,5497,0.7463768124580383,1,0,0,1080.0,1.0,0.8605577689243028,216,251,251,1,1,1
human_nontata_promoters,j_0p7_0p8,28725,5001,0.760869562625885,1,0,0,1090.0,1.0,0.8685258964143426,218,251,251,1,1,1
human_nontata_promoters,j_0p7_0p8,30400,10050,0.7681159377098083,1,0,0,1090.0,1.0,0.8685258964143426,218,251,251,1,1,1
human_nontata_promoters,j_0p7_0p8,30348,9864,0.7292418479919434,1,0,0,1060.0,1.0,0.8446215139442231,212,251,251,1,1,1
human_nontata_promoters,j_0p7_0p8,30328,9792,0.7381818294525146,1,0,0,1065.0,1.0,0.848605577689243,213,251,251,1,1,1
human_nontata_promoters,j_0p7_0p8,27257,397,0.7357142567634583,1,0,0,1070.0,1.0,0.852589641434263,214,251,251,1,1,1
human_nontata_promoters,j_0p7_0p8,30382,10034,0.7366548180580139,1,0,0,1070.0,1.0,0.852589641434263,214,251,251,1,1,1
human_nontata_promoters,j_0p7_0p8,30833,11287,0.7092198729515076,1,0,0,1050.0,1.0,0.8366533864541833,210,251,251,1,1,1
human_nontata_promoters,j_0p7_0p8,28339,3853,0.7962962985038757,1,0,0,1115.0,1.0,0.8884462151394422,223,251,251,1,1,1
human_nontata_promoters,j_0p7_0p8,30337,9824,0.72826087474823,1,0,0,1065.0,1.0,0.848605577689243,213,251,251,1,1,1
human_nontata_promoters,j_0p7_0p8,29621,7617,0.7338129281997681,1,0,0,1065.0,1.0,0.848605577689243,213,251,251,1,1,1
human_nontata_promoters,j_0p7_0p8,29543,7442,0.7769516706466675,1,0,0,1105.0,1.0,0.8804780876494024,221,251,251,1,1,1
human_nontata_promoters,j_0p7_0p8,27788,2045,0.7396226525306702,1,0,0,1020.0,1.0,0.8127490039840638,204,251,251,1,1,1
human_nontata_promoters,j_0p7_0p8,27446,949,0.7112675905227661,1,0,0,1050.0,1.0,0.8366533864541833,210,251,251,1,1,1
human_nontata_promoters,j_0p7_0p8,29166,6358,0.7243816256523132,1,0,0,1060.0,1.0,0.8446215139442231,212,251,251,1,1,1
human_nontata_promoters,j_0p7_0p8,27266,406,0.7481481432914734,1,0,0,1055.0,1.0,0.8406374501992032,211,251,251,1,1,1
human_nontata_promoters,j_0p7_0p8,29201,6490,0.7153024673461914,1,0,0,1055.0,1.0,0.8406374501992032,211,251,251,1,1,1
human_nontata_promoters,j_0p7_0p8,30300,9755,0.7188612222671509,1,0,0,1050.0,1.0,0.8366533864541833,210,251,251,1,1,1
human_nontata_promoters,j_0p7_0p8,29408,7066,0.7527272701263428,1,0,0,1085.0,1.0,0.8645418326693227,217,251,251,1,1,1
human_nontata_promoters,j_0p7_0p8,30341,9856,0.7932330965995789,1,0,0,1105.0,1.0,0.8804780876494024,221,251,251,1,1,1
human_nontata_promoters,j_0p7_0p8,29806,8191,0.7490909099578857,1,0,0,1070.0,1.0,0.852589641434263,214,251,251,1,1,1
human_nontata_promoters,j_0p7_0p8,30315,9760,0.7984790802001953,1,0,0,1120.0,1.0,0.8924302788844621,224,251,251,1,1,1
human_nontata_promoters,j_0p7_0p8,29667,7756,0.7718631029129028,1,0,0,1105.0,1.0,0.8804780876494024,221,251,251,1,1,1
human_nontata_promoters,j_0p7_0p8,30367,9940,0.7638376355171204,1,0,0,1090.0,1.0,0.8685258964143426,218,251,251,1,1,1
human_nontata_promoters,j_0p7_0p8,30346,9838,0.7184115648269653,1,0,0,1050.0,1.0,0.8366533864541833,210,251,251,1,1,1
human_nontata_promoters,j_0p7_0p8,30471,10259,0.7168458700180054,1,0,0,1020.0,1.0,0.8127490039840638,204,251,251,1,1,1
human_nontata_promoters,j_0p7_0p8,29546,7434,0.7992424368858337,1,0,0,1115.0,1.0,0.8884462151394422,223,251,251,1,1,1
human_nontata_promoters,j_0p7_0p8,28810,5276,0.7153024673461914,1,0,0,1055.0,1.0,0.8406374501992032,211,251,251,1,1,1
human_nontata_promoters,j_0p7_0p8,28137,3184,0.7366548180580139,1,0,0,1070.0,1.0,0.852589641434263,214,251,251,1,1,1
human_nontata_promoters,j_0p7_0p8,30755,11047,0.7481752038002014,1,0,0,1080.0,1.0,0.8605577689243028,216,251,251,1,1,1
human_nontata_promoters,j_0p7_0p8,28000,2732,0.7572463750839233,1,0,0,1085.0,1.0,0.8645418326693227,217,251,251,1,1,1
human_nontata_promoters,j_0p7_0p8,27423,866,0.7428571581840515,1,0,0,1075.0,1.0,0.8565737051792829,215,251,251,1,1,1
human_nontata_promoters,j_0p7_0p8,30018,8844,0.7035714387893677,1,0,0,1025.0,1.0,0.8167330677290837,205,251,251,1,1,1
human_nontata_promoters,j_0p7_0p8,30391,10036,0.7941176295280457,1,0,0,1115.0,1.0,0.8884462151394422,223,251,251,1,1,1
human_nontata_promoters,j_0p7_0p8,28656,4836,0.7737226486206055,1,0,0,1100.0,1.0,0.8764940239043825,220,251,251,1,1,1
human_nontata_promoters,j_0p7_0p8,27863,2289,0.7147887349128723,1,0,0,1050.0,1.0,0.8366533864541833,210,251,251,1,1,1
human_nontata_promoters,j_0p7_0p8,29181,6414,0.7737226486206055,1,0,0,1095.0,1.0,0.8725099601593626,219,251,251,1,1,1
human_nontata_promoters,j_0p7_0p8,30364,9952,0.7638376355171204,1,0,0,1090.0,1.0,0.8685258964143426,218,251,251,1,1,1
human_nontata_promoters,j_0p7_0p8,30367,9960,0.7454545497894287,1,0,0,1075.0,1.0,0.8565737051792829,215,251,251,1,1,1
human_nontata_promoters,j_0p7_0p8,30971,11741,0.7941176295280457,1,0,0,1115.0,1.0,0.8884462151394422,223,251,251,1,1,1
human_nontata_promoters,j_0p7_0p8,30564,10513,0.7112675905227661,1,0,0,1045.0,1.0,0.8326693227091634,209,251,251,1,1,1
human_nontata_promoters,j_0p7_0p8,30366,9934,0.7940074801445007,1,0,0,1115.0,1.0,0.8884462151394422,223,251,251,1,1,1
human_nontata_promoters,j_0p7_0p8,27752,1888,0.7819548845291138,1,0,0,1110.0,1.0,0.8844621513944223,222,251,251,1,1,1
human_nontata_promoters,j_0p7_0p8,31175,12241,0.7472923994064331,1,0,0,1065.0,1.0,0.848605577689243,213,251,251,1,1,1
human_nontata_promoters,j_0p7_0p8,29770,8090,0.7096773982048035,1,0,0,1045.0,1.0,0.8326693227091634,209,251,251,1,1,1
human_nontata_promoters,j_0p7_0p8,28017,2782,0.7183098793029785,1,0,0,1055.0,1.0,0.8406374501992032,211,251,251,1,1,1
human_nontata_promoters,j_0p7_0p8,27633,1508,0.7102473378181458,1,0,0,1045.0,1.0,0.8326693227091634,209,251,251,1,1,1
human_nontata_promoters,j_0p7_0p8,28311,3813,0.7419354915618896,1,0,0,1070.0,1.0,0.852589641434263,214,251,251,1,1,1
human_nontata_promoters,j_0p7_0p8,28952,5752,0.7304964661598206,1,0,0,1065.0,1.0,0.848605577689243,213,251,251,1,1,1
human_nontata_promoters,j_0p7_0p8,30348,9872,0.7910447716712952,1,0,0,1110.0,1.0,0.8844621513944223,222,251,251,1,1,1
human_nontata_promoters,j_0p7_0p8,29916,8527,0.7660377621650696,1,0,0,1100.0,1.0,0.8764940239043825,220,251,251,1,1,1
human_nontata_promoters,j_0p7_0p8,29971,8675,0.716312050819397,1,0,0,1055.0,1.0,0.8406374501992032,211,251,251,1,1,1
human_nontata_promoters,j_0p7_0p8,28448,4168,0.7173144817352295,1,0,0,1050.0,1.0,0.8366533864541833,210,251,251,1,1,1
human_nontata_promoters,j_0p7_0p8,30238,9507,0.7112675905227661,1,0,0,1045.0,1.0,0.8326693227091634,209,251,251,1,1,1
human_nontata_promoters,j_0p7_0p8,28465,4223,0.7528089880943298,1,0,0,1080.0,1.0,0.8605577689243028,216,251,251,1,1,1
human_nontata_promoters,j_0p7_0p8,30472,10272,0.7410072088241577,1,0,0,1075.0,1.0,0.8565737051792829,215,251,251,1,1,1
human_nontata_promoters,j_0p7_0p8,29378,7227,0.760869562625885,1,0,0,1085.0,1.0,0.8645418326693227,217,251,251,1,1,1
human_nontata_promoters,j_0p7_0p8,31162,12207,0.700348436832428,1,0,0,1089.0,0.961038961038961,0.8844621513944223,231,251,251,1,1,1
human_nontata_promoters,j_0p7_0p8,30386,10043,0.7062937021255493,1,0,0,1045.0,1.0,0.8326693227091634,209,251,251,1,1,1
human_nontata_promoters,j_0p7_0p8,27317,576,0.7357142567634583,1,0,0,1065.0,1.0,0.848605577689243,213,251,251,1,1,1
human_nontata_promoters,j_0p7_0p8,27318,578,0.7122806906700134,1,0,0,1050.0,1.0,0.8366533864541833,210,251,251,1,1,1
human_nontata_promoters,j_0p7_0p8,30847,11341,0.7875458002090454,1,0,0,1110.0,1.0,0.8844621513944223,222,251,251,1,1,1
human_nontata_promoters,j_0p7_0p8,30169,9270,0.7392857074737549,1,0,0,1070.0,1.0,0.852589641434263,214,251,251,1,1,1
human_nontata_promoters,j_0p7_0p8,29951,8615,0.700348436832428,1,0,0,1040.0,1.0,0.8286852589641435,208,251,251,1,1,1
human_nontata_promoters,j_0p7_0p8,29618,7593,0.7894737124443054,1,0,0,1132.0,0.991304347826087,0.9083665338645418,230,251,251,1,1,1
human_nontata_promoters,j_0p7_0p8,29665,7754,0.7050359845161438,1,0,0,1035.0,1.0,0.8247011952191236,207,251,251,1,1,1
human_nontata_promoters,j_0p7_0p8,30353,9891,0.7509157657623291,1,0,0,1075.0,1.0,0.8565737051792829,215,251,251,1,1,1
human_nontata_promoters,j_0p7_0p8,27405,800,0.7269372940063477,1,0,0,1040.0,1.0,0.8286852589641435,208,251,251,1,1,1
human_nontata_promoters,j_0p7_0p8,31175,12240,0.785977840423584,1,0,0,1095.0,1.0,0.8725099601593626,219,251,251,1,1,1
human_nontata_promoters,j_0p7_0p8,28899,5529,0.737827718257904,1,0,0,1065.0,1.0,0.848605577689243,213,251,251,1,1,1
human_nontata_promoters,j_0p7_0p8,27579,1318,0.7102473378181458,1,0,0,1040.0,1.0,0.8286852589641435,208,251,251,1,1,1
human_nontata_promoters,j_0p7_0p8,27424,874,0.7744361162185669,1,0,0,1105.0,1.0,0.8804780876494024,221,251,251,1,1,1
human_nontata_promoters,j_0p8_0p9,29245,6586,0.855513334274292,1,0,0,1160.0,1.0,0.9243027888446215,232,251,251,1,1,1
human_nontata_promoters,j_0p8_0p9,30155,9235,0.8910505771636963,1,0,0,1185.0,1.0,0.9442231075697212,237,251,251,1,1,1
human_nontata_promoters,j_0p8_0p9,29790,8140,0.88416987657547,1,0,0,1180.0,1.0,0.9402390438247012,236,251,251,1,1,1
human_nontata_promoters,j_0p8_0p9,30384,10017,0.8377358317375183,1,0,0,1145.0,1.0,0.9123505976095617,229,251,251,1,1,1
human_nontata_promoters,j_0p8_0p9,29357,6917,0.8582375645637512,1,0,0,1155.0,1.0,0.9203187250996016,231,251,251,1,1,1
human_nontata_promoters,j_0p8_0p9,28305,3802,0.8120300769805908,1,0,0,1125.0,1.0,0.896414342629482,225,251,251,1,1,1
human_nontata_promoters,j_0p8_0p9,31188,12286,0.8479087352752686,1,0,0,1155.0,1.0,0.9203187250996016,231,251,251,1,1,1
human_nontata_promoters,j_0p8_0p9,29184,6423,0.8007380366325378,1,0,0,1120.0,1.0,0.8924302788844621,224,251,251,1,1,1
human_nontata_promoters,j_0p8_0p9,31076,11989,0.8264151215553284,1,0,0,1140.0,1.0,0.9083665338645418,228,251,251,1,1,1
human_nontata_promoters,j_0p8_0p9,30321,9784,0.8339768052101135,1,0,0,1145.0,1.0,0.9123505976095617,229,251,251,1,1,1
human_nontata_promoters,j_0p8_0p9,28868,5441,0.8141263723373413,1,0,0,1130.0,1.0,0.900398406374502,226,251,251,1,1,1
human_nontata_promoters,j_0p8_0p9,30365,9939,0.8858267664909363,1,0,0,1180.0,1.0,0.9402390438247012,236,251,251,1,1,1
human_nontata_promoters,j_0p8_0p9,30337,9831,0.859375,1,0,0,1165.0,1.0,0.9282868525896414,233,251,251,1,1,1
human_nontata_promoters,j_0p8_0p9,28676,4887,0.8988326787948608,1,0,0,1190.0,1.0,0.9482071713147411,238,251,251,1,1,1
human_nontata_promoters,j_0p8_0p9,29977,8703,0.8084291219711304,1,0,0,1130.0,1.0,0.900398406374502,226,251,251,1,1,1
human_nontata_promoters,j_0p8_0p9,29645,7696,0.8171641826629639,1,0,0,1130.0,1.0,0.900398406374502,226,251,251,1,1,1
human_nontata_promoters,j_0p8_0p9,27347,655,0.8625954389572144,1,0,0,1160.0,1.0,0.9243027888446215,232,251,251,1,1,1
human_nontata_promoters,j_0p8_0p9,29564,7473,0.8692307472229004,1,0,0,1170.0,1.0,0.9322709163346613,234,251,251,1,1,1
human_nontata_promoters,j_0p8_0p9,30194,9362,0.8371211886405945,1,0,0,1145.0,1.0,0.9123505976095617,229,251,251,1,1,1
human_nontata_promoters,j_0p8_0p9,28425,4111,0.8725868463516235,1,0,0,1170.0,1.0,0.9322709163346613,234,251,251,1,1,1
human_nontata_promoters,j_0p8_0p9,31095,12047,0.8301886916160583,1,0,0,1140.0,1.0,0.9083665338645418,228,251,251,1,1,1
human_nontata_promoters,j_0p8_0p9,28026,2814,0.8031495809555054,1,0,0,1130.0,1.0,0.900398406374502,226,251,251,1,1,1
human_nontata_promoters,j_0p8_0p9,28042,2869,0.892430305480957,1,0,0,1185.0,1.0,0.9442231075697212,237,251,251,1,1,1
human_nontata_promoters,j_0p8_0p9,29771,8094,0.8226414918899536,1,0,0,1135.0,1.0,0.9043824701195219,227,251,251,1,1,1
human_nontata_promoters,j_0p8_0p9,30336,9840,0.8167939186096191,1,0,0,1135.0,1.0,0.9043824701195219,227,251,251,1,1,1
human_nontata_promoters,j_0p8_0p9,28439,4154,0.8442623019218445,1,0,0,1140.0,1.0,0.9083665338645418,228,251,251,1,1,1
human_nontata_promoters,j_0p8_0p9,30828,11274,0.8301886916160583,1,0,0,1140.0,1.0,0.9083665338645418,228,251,251,1,1,1
human_nontata_promoters,j_0p8_0p9,27810,2131,0.8066914677619934,1,0,0,1125.0,1.0,0.896414342629482,225,251,251,1,1,1
human_nontata_promoters,j_0p8_0p9,29846,8304,0.8082706928253174,1,0,0,1120.0,1.0,0.8924302788844621,224,251,251,1,1,1
human_nontata_promoters,j_0p8_0p9,29071,6116,0.8141263723373413,1,0,0,1130.0,1.0,0.900398406374502,226,251,251,1,1,1
human_nontata_promoters,j_0p8_0p9,30328,9811,0.8897637724876404,1,0,0,1180.0,1.0,0.9402390438247012,236,251,251,1,1,1
human_nontata_promoters,j_0p8_0p9,27485,1051,0.8571428656578064,1,0,0,1165.0,1.0,0.9282868525896414,233,251,251,1,1,1
human_nontata_promoters,j_0p8_0p9,30373,9969,0.8521400690078735,1,0,0,1160.0,1.0,0.9243027888446215,232,251,251,1,1,1
human_nontata_promoters,j_0p8_0p9,30300,9743,0.8692307472229004,1,0,0,1170.0,1.0,0.9322709163346613,234,251,251,1,1,1
human_nontata_promoters,j_0p8_0p9,27149,143,0.8257575631141663,1,0,0,1140.0,1.0,0.9083665338645418,228,251,251,1,1,1
human_nontata_promoters,j_0p8_0p9,28170,3301,0.8809523582458496,1,0,0,1180.0,1.0,0.9402390438247012,236,251,251,1,1,1
human_nontata_promoters,j_0p8_0p9,30516,10375,0.859375,1,0,0,1165.0,1.0,0.9282868525896414,233,251,251,1,1,1
human_nontata_promoters,j_0p8_0p9,30403,10080,0.8141263723373413,1,0,0,1130.0,1.0,0.900398406374502,226,251,251,1,1,1
human_nontata_promoters,j_0p8_0p9,27652,1571,0.88416987657547,1,0,0,1180.0,1.0,0.9402390438247012,236,251,251,1,1,1
human_nontata_promoters,j_0p8_0p9,29981,8726,0.8141263723373413,1,0,0,1130.0,1.0,0.900398406374502,226,251,251,1,1,1
human_nontata_promoters,j_0p8_0p9,27392,762,0.8610038757324219,1,0,0,1165.0,1.0,0.9282868525896414,233,251,251,1,1,1
human_nontata_promoters,j_0p8_0p9,29260,6637,0.8832684755325317,1,0,0,1180.0,1.0,0.9402390438247012,236,251,251,1,1,1
human_nontata_promoters,j_0p8_0p9,27165,188,0.8677042722702026,1,0,0,1170.0,1.0,0.9322709163346613,234,251,251,1,1,1
human_nontata_promoters,j_0p8_0p9,27166,184,0.8505747318267822,1,0,0,1150.0,1.0,0.9163346613545816,230,251,251,1,1,1
human_nontata_promoters,j_0p8_0p9,29358,6923,0.8007380366325378,1,0,0,1120.0,1.0,0.8924302788844621,224,251,251,1,1,1
human_nontata_promoters,j_0p8_0p9,28514,4388,0.8037735819816589,1,0,0,1125.0,1.0,0.896414342629482,225,251,251,1,1,1
human_nontata_promoters,j_0p8_0p9,30956,11673,0.8984375,1,0,0,1190.0,1.0,0.9482071713147411,238,251,251,1,1,1
human_nontata_promoters,j_0p8_0p9,27582,1335,0.8208954930305481,1,0,0,1135.0,1.0,0.9043824701195219,227,251,251,1,1,1
human_nontata_promoters,j_0p8_0p9,29183,6421,0.8277153372764587,1,0,0,1140.0,1.0,0.9083665338645418,228,251,251,1,1,1
human_nontata_promoters,j_0p8_0p9,30153,9224,0.8610038757324219,1,0,0,1165.0,1.0,0.9282868525896414,233,251,251,1,1,1
human_nontata_promoters,j_0p8_0p9,29512,7384,0.8384615182876587,1,0,0,1150.0,1.0,0.9163346613545816,230,251,251,1,1,1
human_nontata_promoters,j_0p8_0p9,28879,5476,0.8625954389572144,1,0,0,1165.0,1.0,0.9282868525896414,233,251,251,1,1,1
human_nontata_promoters,j_0p8_0p9,27185,235,0.8443396091461182,1,0,0,1140.0,1.0,0.9083665338645418,228,251,251,1,1,1
human_nontata_promoters,j_0p8_0p9,27425,875,0.8235294222831726,1,0,0,1090.0,1.0,0.8685258964143426,218,251,251,1,1,1
human_nontata_promoters,j_0p8_0p9,29980,8720,0.8037735819816589,1,0,0,1125.0,1.0,0.896414342629482,225,251,251,1,1,1
human_nontata_promoters,j_0p8_0p9,29203,6514,0.8893280625343323,1,0,0,1185.0,1.0,0.9442231075697212,237,251,251,1,1,1
human_nontata_promoters,j_0p8_0p9,30305,9753,0.8409090638160706,1,0,0,1150.0,1.0,0.9163346613545816,230,251,251,1,1,1
human_nontata_promoters,j_0p8_0p9,30393,10061,0.8345864415168762,1,0,0,1145.0,1.0,0.9123505976095617,229,251,251,1,1,1
human_nontata_promoters,j_0p8_0p9,29315,6810,0.887159526348114,1,0,0,1175.0,1.0,0.9362549800796812,235,251,251,1,1,1
human_nontata_promoters,j_0p8_0p9,30348,9877,0.8500000238418579,1,0,0,1155.0,1.0,0.9203187250996016,231,251,251,1,1,1
human_nontata_promoters,j_0p8_0p9,30403,10081,0.8074073791503906,1,0,0,1125.0,1.0,0.896414342629482,225,251,251,1,1,1
human_nontata_promoters,j_0p8_0p9,30313,9753,0.8250950574874878,1,0,0,1125.0,1.0,0.896414342629482,225,251,251,1,1,1
human_nontata_promoters,j_0p8_0p9,29831,8250,0.8625954389572144,1,0,0,1165.0,1.0,0.9282868525896414,233,251,251,1,1,1
human_nontata_promoters,j_0p8_0p9,29421,7104,0.8244274854660034,1,0,0,1140.0,1.0,0.9083665338645418,228,251,251,1,1,1
human_nontata_promoters,j_0p8_0p9,29767,8085,0.8244274854660034,1,0,0,1140.0,1.0,0.9083665338645418,228,251,251,1,1,1
human_nontata_promoters,j_0p8_0p9,30331,9811,0.8423076868057251,1,0,0,1150.0,1.0,0.9163346613545816,230,251,251,1,1,1
human_nontata_promoters,j_0p8_0p9,27755,1815,0.8380566835403442,1,0,0,1135.0,1.0,0.9043824701195219,227,251,251,1,1,1
human_nontata_promoters,j_0p8_0p9,28729,5034,0.8195488452911377,1,0,0,1135.0,1.0,0.9043824701195219,227,251,251,1,1,1
human_nontata_promoters,j_0p8_0p9,30339,9852,0.802281379699707,1,0,0,1120.0,1.0,0.8924302788844621,224,251,251,1,1,1
human_nontata_promoters,j_0p8_0p9,30602,10618,0.8134328126907349,1,0,0,1130.0,1.0,0.900398406374502,226,251,251,1,1,1
human_nontata_promoters,j_0p8_0p9,27792,2062,0.8415094614028931,1,0,0,1150.0,1.0,0.9163346613545816,230,251,251,1,1,1
human_nontata_promoters,j_0p8_0p9,30395,10050,0.8141263723373413,1,0,0,1130.0,1.0,0.900398406374502,226,251,251,1,1,1
human_nontata_promoters,j_0p8_0p9,28681,4910,0.8301886916160583,1,0,0,1140.0,1.0,0.9083665338645418,228,251,251,1,1,1
human_nontata_promoters,j_0p8_0p9,27211,289,0.874015748500824,1,0,0,1175.0,1.0,0.9362549800796812,235,251,251,1,1,1
human_nontata_promoters,j_0p8_0p9,27211,290,0.8449612259864807,1,0,0,1155.0,1.0,0.9203187250996016,231,251,251,1,1,1
human_nontata_promoters,j_0p8_0p9,30970,11722,0.8014981150627136,1,0,0,1115.0,1.0,0.8884462151394422,223,251,251,1,1,1
human_nontata_promoters,j_0p8_0p9,30397,10079,0.847328245639801,1,0,0,1155.0,1.0,0.9203187250996016,231,251,251,1,1,1
human_nontata_promoters,j_0p8_0p9,30348,9894,0.8075471520423889,1,0,0,1120.0,1.0,0.8924302788844621,224,251,251,1,1,1
human_nontata_promoters,j_0p8_0p9,28368,3961,0.8837209343910217,1,0,0,1175.0,1.0,0.9362549800796812,235,251,251,1,1,1
human_nontata_promoters,j_0p8_0p9,27643,1545,0.8415094614028931,1,0,0,1150.0,1.0,0.9163346613545816,230,251,251,1,1,1
human_nontata_promoters,j_0p8_0p9,31167,12226,0.8745098114013672,1,0,0,1175.0,1.0,0.9362549800796812,235,251,251,1,1,1
human_nontata_promoters,j_0p8_0p9,30384,10019,0.8730769157409668,1,0,0,1170.0,1.0,0.9322709163346613,234,251,251,1,1,1
human_nontata_promoters,j_0p8_0p9,28019,2796,0.8208954930305481,1,0,0,1135.0,1.0,0.9043824701195219,227,251,251,1,1,1
human_nontata_promoters,j_0p8_0p9,31066,11965,0.887159526348114,1,0,0,1180.0,1.0,0.9402390438247012,236,251,251,1,1,1
human_nontata_promoters,j_0p8_0p9,30384,10035,0.8074073791503906,1,0,0,1125.0,1.0,0.896414342629482,225,251,251,1,1,1
human_nontata_promoters,j_0p8_0p9,27976,2666,0.8270676732063293,1,0,0,1140.0,1.0,0.9083665338645418,228,251,251,1,1,1
human_nontata_promoters,j_0p8_0p9,28118,3127,0.8620689511299133,1,0,0,1165.0,1.0,0.9282868525896414,233,251,251,1,1,1
human_nontata_promoters,j_0p8_0p9,30347,9875,0.8972331881523132,1,0,0,1185.0,1.0,0.9442231075697212,237,251,251,1,1,1
human_nontata_promoters,j_0p8_0p9,30395,10067,0.8345864415168762,1,0,0,1145.0,1.0,0.9123505976095617,229,251,251,1,1,1
human_nontata_promoters,j_0p8_0p9,30546,10464,0.8984375,1,0,0,1185.0,1.0,0.9442231075697212,237,251,251,1,1,1
human_nontata_promoters,j_0p8_0p9,31191,12295,0.8333333134651184,1,0,0,1145.0,1.0,0.9123505976095617,229,251,251,1,1,1
human_nontata_promoters,j_0p8_0p9,29676,7794,0.8951612710952759,1,0,0,1190.0,1.0,0.9482071713147411,238,251,251,1,1,1
human_nontata_promoters,j_0p8_0p9,31037,11884,0.890625,1,0,0,1185.0,1.0,0.9442231075697212,237,251,251,1,1,1
human_nontata_promoters,j_0p8_0p9,30351,9912,0.8098859190940857,1,0,0,1125.0,1.0,0.896414342629482,225,251,251,1,1,1
human_nontata_promoters,j_0p8_0p9,30342,9838,0.8588235378265381,1,0,0,1160.0,1.0,0.9243027888446215,232,251,251,1,1,1
human_nontata_promoters,j_0p8_0p9,27872,2310,0.8754863739013672,1,0,0,1175.0,1.0,0.9362549800796812,235,251,251,1,1,1
human_nontata_promoters,j_0p8_0p9,30352,9897,0.8814229369163513,1,0,0,1175.0,1.0,0.9362549800796812,235,251,251,1,1,1
human_nontata_promoters,j_0p8_0p9,30220,9433,0.876447856426239,1,0,0,1175.0,1.0,0.9362549800796812,235,251,251,1,1,1
human_nontata_promoters,j_0p8_0p9,30360,9915,0.85546875,1,0,0,1130.0,1.0,0.900398406374502,226,251,251,1,1,1
human_nontata_promoters,j_0p8_0p9,30439,10155,0.8803088665008545,1,0,0,1175.0,1.0,0.9362549800796812,235,251,251,1,1,1
human_nontata_promoters,j_0p8_0p9,28992,5864,0.810606062412262,1,0,0,1125.0,1.0,0.896414342629482,225,251,251,1,1,1
human_nontata_promoters,j_0p8_0p9,27823,2163,0.8270676732063293,1,0,0,1140.0,1.0,0.9083665338645418,228,251,251,1,1,1
human_nontata_promoters,j_0p8_0p9,30386,10024,0.8625954389572144,1,0,0,1165.0,1.0,0.9282868525896414,233,251,251,1,1,1
human_nontata_promoters,j_0p8_0p9,30838,11330,0.8074073791503906,1,0,0,1125.0,1.0,0.896414342629482,225,251,251,1,1,1
human_nontata_promoters,j_0p8_0p9,29964,8651,0.8141263723373413,1,0,0,1130.0,1.0,0.900398406374502,226,251,251,1,1,1
human_nontata_promoters,j_0p8_0p9,30402,10072,0.8914728760719299,1,0,0,1185.0,1.0,0.9442231075697212,237,251,251,1,1,1
human_nontata_promoters,j_0p8_0p9,29455,7228,0.8984375,1,0,0,1190.0,1.0,0.9482071713147411,238,251,251,1,1,1
human_nontata_promoters,j_0p8_0p9,34644,22616,0.8192307949066162,1,1,1,1161.0,0.9957264957264957,0.9282868525896414,234,251,251,1,1,1
human_nontata_promoters,j_0p8_0p9,29738,7981,0.8066914677619934,1,0,0,1125.0,1.0,0.896414342629482,225,251,251,1,1,1
human_nontata_promoters,j_0p8_0p9,31006,11796,0.8823529481887817,1,0,0,1190.0,1.0,0.9482071713147411,238,251,251,1,1,1
human_nontata_promoters,j_0p8_0p9,28150,3231,0.8687258958816528,1,0,0,1170.0,1.0,0.9322709163346613,234,251,251,1,1,1
human_nontata_promoters,j_0p8_0p9,28919,5618,0.88416987657547,1,0,0,1180.0,1.0,0.9402390438247012,236,251,251,1,1,1
human_nontata_promoters,j_0p8_0p9,30405,10072,0.8484848737716675,1,0,0,1155.0,1.0,0.9203187250996016,231,251,251,1,1,1
human_nontata_promoters,j_0p8_0p9,30321,9783,0.8410852551460266,1,0,0,1150.0,1.0,0.9163346613545816,230,251,251,1,1,1
human_nontata_promoters,j_0p8_0p9,31089,12035,0.8390804529190063,1,0,0,1130.0,1.0,0.900398406374502,226,251,251,1,1,1
human_nontata_promoters,j_0p8_0p9,30347,9881,0.8320610523223877,1,0,0,1140.0,1.0,0.9083665338645418,228,251,251,1,1,1
human_nontata_promoters,j_0p8_0p9,30094,9105,0.8365758657455444,1,0,0,1150.0,1.0,0.9163346613545816,230,251,251,1,1,1
human_nontata_promoters,j_0p8_0p9,30416,10113,0.8415094614028931,1,0,0,1150.0,1.0,0.9163346613545816,230,251,251,1,1,1
human_nontata_promoters,j_0p8_0p9,29345,6892,0.8409090638160706,1,0,0,1150.0,1.0,0.9163346613545816,230,251,251,1,1,1
human_nontata_promoters,j_0p8_0p9,27258,402,0.8643410801887512,1,0,0,1165.0,1.0,0.9282868525896414,233,251,251,1,1,1
human_nontata_promoters,j_0p8_0p9,30316,9768,0.8509804010391235,1,0,0,1160.0,1.0,0.9243027888446215,232,251,251,1,1,1
human_nontata_promoters,j_0p8_0p9,29114,6196,0.8208954930305481,1,0,0,1135.0,1.0,0.9043824701195219,227,251,251,1,1,1
human_nontata_promoters,j_0p8_0p9,30335,9824,0.8853754997253418,1,0,0,1180.0,1.0,0.9402390438247012,236,251,251,1,1,1
human_nontata_promoters,j_0p8_0p9,27510,1134,0.8855932354927063,1,0,0,1180.0,1.0,0.9402390438247012,236,251,251,1,1,1
human_nontata_promoters,j_0p8_0p9,30393,10043,0.88416987657547,1,0,0,1180.0,1.0,0.9402390438247012,236,251,251,1,1,1
human_nontata_promoters,j_0p8_0p9,29873,8395,0.8301886916160583,1,0,0,1140.0,1.0,0.9083665338645418,228,251,251,1,1,1
human_nontata_promoters,j_0p8_0p9,27566,1302,0.8735178112983704,1,0,0,1175.0,1.0,0.9362549800796812,235,251,251,1,1,1
human_nontata_promoters,j_0p8_0p9,27363,708,0.8415094614028931,1,0,0,1150.0,1.0,0.9163346613545816,230,251,251,1,1,1
human_nontata_promoters,j_0p8_0p9,29282,6719,0.8195488452911377,1,0,0,1135.0,1.0,0.9043824701195219,227,251,251,1,1,1
human_nontata_promoters,j_0p8_0p9,30714,10956,0.8625954389572144,1,0,0,1165.0,1.0,0.9282868525896414,233,251,251,1,1,1
human_nontata_promoters,j_0p8_0p9,27878,2354,0.8415094614028931,1,0,0,1150.0,1.0,0.9163346613545816,230,251,251,1,1,1
human_nontata_promoters,j_0p8_0p9,30362,9921,0.8307692408561707,1,0,0,1145.0,1.0,0.9123505976095617,229,251,251,1,1,1
human_nontata_promoters,j_0p8_0p9,30764,11072,0.8195488452911377,1,0,0,1135.0,1.0,0.9043824701195219,227,251,251,1,1,1
human_nontata_promoters,j_0p8_0p9,30371,9957,0.8212927579879761,1,0,0,1130.0,1.0,0.900398406374502,226,251,251,1,1,1
human_nontata_promoters,j_0p8_0p9,30637,10744,0.8769230842590332,1,0,0,1175.0,1.0,0.9362549800796812,235,251,251,1,1,1
human_nontata_promoters,j_0p8_0p9,31052,11936,0.8262548446655273,1,0,0,1135.0,1.0,0.9043824701195219,227,251,251,1,1,1
human_nontata_promoters,j_0p8_0p9,30369,9948,0.8113207817077637,1,0,0,1125.0,1.0,0.896414342629482,225,251,251,1,1,1
human_nontata_promoters,j_0p8_0p9,30942,11593,0.8914728760719299,1,0,0,1185.0,1.0,0.9442231075697212,237,251,251,1,1,1
human_nontata_promoters,j_0p8_0p9,28510,4380,0.8141263723373413,1,0,0,1130.0,1.0,0.900398406374502,226,251,251,1,1,1
human_nontata_promoters,j_0p8_0p9,28129,3156,0.8818897604942322,1,0,0,1175.0,1.0,0.9362549800796812,235,251,251,1,1,1
human_nontata_promoters,j_0p8_0p9,30913,11504,0.8208954930305481,1,0,0,1135.0,1.0,0.9043824701195219,227,251,251,1,1,1
human_nontata_promoters,j_0p8_0p9,28402,4054,0.8755555748939514,1,0,0,1170.0,1.0,0.9322709163346613,234,251,251,1,1,1
human_nontata_promoters,j_0p8_0p9,28239,3520,0.8441064357757568,1,0,0,1145.0,1.0,0.9123505976095617,229,251,251,1,1,1
human_nontata_promoters,j_0p8_0p9,30336,9822,0.8346154093742371,1,0,0,1145.0,1.0,0.9123505976095617,229,251,251,1,1,1
human_nontata_promoters,j_0p8_0p9,29951,8614,0.855513334274292,1,0,0,1160.0,1.0,0.9243027888446215,232,251,251,1,1,1
human_nontata_promoters,j_0p8_0p9,27497,1097,0.8029739856719971,1,0,0,1120.0,1.0,0.8924302788844621,224,251,251,1,1,1
human_nontata_promoters,j_0p8_0p9,30120,9135,0.88416987657547,1,0,0,1180.0,1.0,0.9402390438247012,236,251,251,1,1,1
human_nontata_promoters,j_0p8_0p9,27376,731,0.8984375,1,0,0,1190.0,1.0,0.9482071713147411,238,251,251,1,1,1
human_nontata_promoters,j_0p8_0p9,30398,10053,0.8141263723373413,1,0,0,1130.0,1.0,0.900398406374502,226,251,251,1,1,1
human_nontata_promoters,j_0p8_0p9,30392,10061,0.8277153372764587,1,0,0,1140.0,1.0,0.9083665338645418,228,251,251,1,1,1
human_nontata_promoters,j_0p8_0p9,29252,6616,0.8823529481887817,1,0,0,1180.0,1.0,0.9402390438247012,236,251,251,1,1,1
human_nontata_promoters,j_0p8_0p9,29652,7712,0.855513334274292,1,0,0,1160.0,1.0,0.9243027888446215,232,251,251,1,1,1
human_nontata_promoters,j_0p8_0p9,30393,10062,0.8208954930305481,1,0,0,1135.0,1.0,0.9043824701195219,227,251,251,1,1,1
human_nontata_promoters,j_0p8_0p9,27667,1615,0.8818897604942322,1,0,0,1180.0,1.0,0.9402390438247012,236,251,251,1,1,1
human_nontata_promoters,j_0p8_0p9,29735,8007,0.8377358317375183,1,0,0,1145.0,1.0,0.9123505976095617,229,251,251,1,1,1
human_nontata_promoters,j_0p8_0p9,29956,8623,0.8769230842590332,1,0,0,1175.0,1.0,0.9362549800796812,235,251,251,1,1,1
human_nontata_promoters,j_0p8_0p9,30056,8968,0.88416987657547,1,0,0,1180.0,1.0,0.9402390438247012,236,251,251,1,1,1
human_nontata_promoters,j_0p8_0p9,27807,2107,0.8549019694328308,1,0,0,1150.0,1.0,0.9163346613545816,230,251,251,1,1,1
human_nontata_promoters,j_0p8_0p9,30194,9361,0.8620689511299133,1,0,0,1165.0,1.0,0.9282868525896414,233,251,251,1,1,1
human_nontata_promoters,j_0p8_0p9,30361,9920,0.8217054009437561,1,0,0,1125.0,1.0,0.896414342629482,225,251,251,1,1,1
human_nontata_promoters,j_0p8_0p9,30765,11078,0.8097015023231506,1,0,0,1125.0,1.0,0.896414342629482,225,251,251,1,1,1
human_nontata_promoters,j_0p8_0p9,28141,3198,0.887159526348114,1,0,0,1180.0,1.0,0.9402390438247012,236,251,251,1,1,1
human_nontata_promoters,j_0p8_0p9,30301,9743,0.876447856426239,1,0,0,1175.0,1.0,0.9362549800796812,235,251,251,1,1,1
human_nontata_promoters,j_0p8_0p9,29615,7610,0.8384615182876587,1,0,0,1150.0,1.0,0.9163346613545816,230,251,251,1,1,1
human_nontata_promoters,j_0p8_0p9,29841,8287,0.8167939186096191,1,0,0,1135.0,1.0,0.9043824701195219,227,251,251,1,1,1
human_nontata_promoters,j_0p8_0p9,27437,919,0.8582677245140076,1,0,0,1165.0,1.0,0.9282868525896414,233,251,251,1,1,1
human_nontata_promoters,j_0p8_0p9,30343,9854,0.8622047305107117,1,0,0,1165.0,1.0,0.9282868525896414,233,251,251,1,1,1
human_nontata_promoters,j_ge_0p9,29267,6647,0.9282868504524231,1,0,0,1210.0,1.0,0.9641434262948207,242,251,251,1,1,1
human_nontata_promoters,j_ge_0p9,30333,9830,0.9428571462631226,1,0,0,1220.0,1.0,0.9721115537848606,244,251,251,1,1,1
human_nontata_promoters,j_ge_0p9,29739,8016,0.9918367266654968,1,0,0,1250.0,1.0,0.9960159362549801,250,251,251,1,1,1
human_nontata_promoters,j_ge_0p9,30362,9929,0.991631805896759,1,0,0,1250.0,1.0,0.9960159362549801,250,251,251,1,1,1
human_nontata_promoters,j_ge_0p9,30818,11247,0.9058823585510254,1,0,0,1195.0,1.0,0.952191235059761,239,251,251,1,1,1
human_nontata_promoters,j_ge_0p9,27633,1509,0.9209486246109009,1,0,0,1205.0,1.0,0.9601593625498008,241,251,251,1,1,1
human_nontata_promoters,j_ge_0p9,30372,9965,0.9428571462631226,1,0,0,1220.0,1.0,0.9721115537848606,244,251,251,1,1,1
human_nontata_promoters,j_ge_0p9,28125,3150,0.9516128897666931,1,0,0,1225.0,1.0,0.9760956175298805,245,251,251,1,1,1
human_nontata_promoters,j_ge_0p9,30301,9733,0.9399999976158142,1,0,0,1215.0,1.0,0.9681274900398407,243,251,251,1,1,1
human_nontata_promoters,j_ge_0p9,30737,11021,0.9520000219345093,1,0,0,1225.0,1.0,0.9760956175298805,245,251,251,1,1,1
human_nontata_promoters,j_ge_0p9,29829,8240,0.9435483813285828,1,0,0,1220.0,1.0,0.9721115537848606,244,251,251,1,1,1
human_nontata_promoters,j_ge_0p9,29657,7740,0.935742974281311,1,0,0,1215.0,1.0,0.9681274900398407,243,251,251,1,1,1
human_nontata_promoters,j_ge_0p9,28050,2885,0.9069767594337463,1,0,0,1205.0,1.0,0.9601593625498008,241,251,251,1,1,1
human_nontata_promoters,j_ge_0p9,30393,10049,0.9837398529052734,1,0,0,1245.0,1.0,0.9920318725099602,249,251,251,1,1,1
human_nontata_promoters,j_ge_0p9,30812,11223,0.9036144614219666,1,0,0,1195.0,1.0,0.952191235059761,239,251,251,1,1,1
human_nontata_promoters,j_ge_0p9,30351,9901,0.9834024906158447,1,0,0,1245.0,1.0,0.9920318725099602,249,251,251,1,1,1
human_nontata_promoters,j_ge_0p9,30358,9920,0.9341563582420349,1,0,0,1200.0,1.0,0.9561752988047809,240,251,251,1,1,1
human_nontata_promoters,j_ge_0p9,30399,10065,0.9598393440246582,1,0,0,1230.0,1.0,0.9800796812749004,246,251,251,1,1,1
human_nontata_promoters,j_ge_0p9,27797,2085,0.9733333587646484,1,0,0,1240.0,1.0,0.9880478087649402,248,251,251,1,1,1
human_nontata_promoters,j_ge_0p9,30507,10360,0.913385808467865,1,0,0,1200.0,1.0,0.9561752988047809,240,251,251,1,1,1
human_nontata_promoters,j_ge_0p9,29062,6094,0.9674796462059021,1,0,0,1235.0,1.0,0.9840637450199203,247,251,251,1,1,1
human_nontata_promoters,j_ge_0p9,29815,8217,0.9837398529052734,1,0,0,1245.0,1.0,0.9920318725099602,249,251,251,1,1,1
human_nontata_promoters,j_ge_0p9,27134,94,0.935742974281311,1,0,0,1215.0,1.0,0.9681274900398407,243,251,251,1,1,1
human_nontata_promoters,j_ge_0p9,29138,6239,0.9918367266654968,1,0,0,1250.0,1.0,0.9960159362549801,250,251,251,1,1,1
human_nontata_promoters,j_ge_0p9,27994,2714,0.9212598204612732,1,0,0,1205.0,1.0,0.9601593625498008,241,251,251,1,1,1
human_nontata_promoters,j_ge_0p9,28124,3150,0.920634925365448,1,0,0,1205.0,1.0,0.9601593625498008,241,251,251,1,1,1
human_nontata_promoters,j_ge_0p9,28386,3996,0.9282868504524231,1,0,0,1210.0,1.0,0.9641434262948207,242,251,251,1,1,1
human_nontata_promoters,j_ge_0p9,30356,9909,0.9586777091026306,1,0,0,1230.0,1.0,0.9800796812749004,246,251,251,1,1,1
human_nontata_promoters,j_ge_0p9,30338,9842,0.9588477611541748,1,0,0,1230.0,1.0,0.9800796812749004,246,251,251,1,1,1
human_nontata_promoters,j_ge_0p9,29078,6125,0.9835391044616699,1,0,0,1245.0,1.0,0.9920318725099602,249,251,251,1,1,1
human_nontata_promoters,j_ge_0p9,30984,11754,0.9130434989929199,1,0,0,1200.0,1.0,0.9561752988047809,240,251,251,1,1,1
human_nontata_promoters,j_ge_0p9,30363,9939,0.9196786880493164,1,0,0,1205.0,1.0,0.9601593625498008,241,251,251,1,1,1
human_nontata_promoters,j_ge_0p9,30353,9903,0.9116466045379639,1,0,0,1195.0,1.0,0.952191235059761,239,251,251,1,1,1
human_nontata_promoters,j_ge_0p9,30257,9568,0.9442231059074402,1,0,0,1220.0,1.0,0.9721115537848606,244,251,251,1,1,1
human_nontata_promoters,j_ge_0p9,29686,7827,0.9416666626930237,1,0,0,1220.0,1.0,0.9721115537848606,244,251,251,1,1,1
human_nontata_promoters,j_ge_0p9,27471,1015,0.9476190209388733,1,0,0,1200.0,1.0,0.9561752988047809,240,251,251,1,1,1
human_nontata_promoters,j_ge_0p9,29485,7306,0.9512194991111755,1,0,0,1225.0,1.0,0.9760956175298805,245,251,251,1,1,1
human_nontata_promoters,j_ge_0p9,30303,9743,0.9209486246109009,1,0,0,1205.0,1.0,0.9601593625498008,241,251,251,1,1,1
human_nontata_promoters,j_ge_0p9,29921,8539,0.9836065769195557,1,0,0,1245.0,1.0,0.9920318725099602,249,251,251,1,1,1
human_nontata_promoters,j_ge_0p9,27879,2361,0.948113203048706,1,0,0,1215.0,1.0,0.9681274900398407,243,251,251,1,1,1
human_nontata_promoters,j_ge_0p9,29580,7498,0.9508196711540222,1,0,0,1225.0,1.0,0.9760956175298805,245,251,251,1,1,1
human_nontata_promoters,j_ge_0p9,30872,11407,0.9516128897666931,1,0,0,1225.0,1.0,0.9760956175298805,245,251,251,1,1,1
human_nontata_promoters,j_ge_0p9,29503,7363,0.9285714030265808,1,0,0,1210.0,1.0,0.9641434262948207,242,251,251,1,1,1
human_nontata_promoters,j_ge_0p9,30657,10820,0.9508196711540222,1,0,0,1225.0,1.0,0.9760956175298805,245,251,251,1,1,1
human_nontata_promoters,j_ge_0p9,27850,2265,0.9502074718475342,1,0,0,1225.0,1.0,0.9760956175298805,245,251,251,1,1,1
human_nontata_promoters,j_ge_0p9,28597,4686,0.9430894255638123,1,0,0,1220.0,1.0,0.9721115537848606,244,251,251,1,1,1
human_nontata_promoters,j_ge_0p9,28896,5527,0.9319999814033508,1,0,0,1205.0,1.0,0.9601593625498008,241,251,251,1,1,1
human_nontata_promoters,j_ge_0p9,29471,7272,0.9212598204612732,1,0,0,1205.0,1.0,0.9601593625498008,241,251,251,1,1,1
human_nontata_promoters,j_ge_0p9,30557,10496,0.9341563582420349,1,0,0,1205.0,1.0,0.9601593625498008,241,251,251,1,1,1
human_nontata_promoters,j_ge_0p9,28318,3820,0.90625,1,0,0,1195.0,1.0,0.952191235059761,239,251,251,1,1,1
human_nontata_promoters,j_ge_0p9,29594,7544,0.9836734533309937,1,0,0,1245.0,1.0,0.9920318725099602,249,251,251,1,1,1
human_nontata_promoters,j_ge_0p9,30282,9663,0.9836065769195557,1,0,0,1245.0,1.0,0.9920318725099602,249,251,251,1,1,1
human_nontata_promoters,j_ge_0p9,30348,9882,0.9163346886634827,1,0,0,1200.0,1.0,0.9561752988047809,240,251,251,1,1,1
human_nontata_promoters,j_ge_0p9,30437,10156,0.913385808467865,1,0,0,1200.0,1.0,0.9561752988047809,240,251,251,1,1,1
human_nontata_promoters,j_ge_0p9,30853,11349,0.9757084846496582,1,0,0,1240.0,1.0,0.9880478087649402,248,251,251,1,1,1
human_nontata_promoters,j_ge_0p9,28404,4060,0.9669421315193176,1,0,0,1235.0,1.0,0.9840637450199203,247,251,251,1,1,1
human_nontata_promoters,j_ge_0p9,29942,8588,0.9137254953384399,1,0,0,1200.0,1.0,0.9561752988047809,240,251,251,1,1,1
human_nontata_promoters,j_ge_0p9,30696,10901,0.913223147392273,1,0,0,1195.0,1.0,0.952191235059761,239,251,251,1,1,1
human_nontata_promoters,j_ge_0p9,29327,6833,0.9520000219345093,1,0,0,1225.0,1.0,0.9760956175298805,245,251,251,1,1,1
human_nontata_promoters,j_ge_0p9,28368,3937,0.90625,1,0,0,1195.0,1.0,0.952191235059761,239,251,251,1,1,1
human_nontata_promoters,j_ge_0p9,28487,4283,0.9491525292396545,1,0,0,1225.0,1.0,0.9760956175298805,245,251,251,1,1,1
human_nontata_promoters,j_ge_0p9,28319,3824,0.9055117964744568,1,0,0,1195.0,1.0,0.952191235059761,239,251,251,1,1,1
human_nontata_promoters,j_ge_0p9,28587,4651,0.9137254953384399,1,0,0,1200.0,1.0,0.9561752988047809,240,251,251,1,1,1
human_nontata_promoters,j_ge_0p9,27198,266,0.9362549781799316,1,0,0,1215.0,1.0,0.9681274900398407,243,251,251,1,1,1
human_nontata_promoters,j_ge_0p9,31046,11904,0.913385808467865,1,0,0,1200.0,1.0,0.9561752988047809,240,251,251,1,1,1
human_nontata_promoters,j_ge_0p9,30535,10416,0.9268292784690857,1,0,0,1210.0,1.0,0.9641434262948207,242,251,251,1,1,1
human_nontata_promoters,j_ge_0p9,27201,272,0.9362549781799316,1,0,0,1215.0,1.0,0.9681274900398407,243,251,251,1,1,1
human_nontata_promoters,j_ge_0p9,29504,7369,0.90625,1,0,0,1195.0,1.0,0.952191235059761,239,251,251,1,1,1
human_nontata_promoters,j_ge_0p9,30382,10025,0.90625,1,0,0,1195.0,1.0,0.952191235059761,239,251,251,1,1,1
human_nontata_promoters,j_ge_0p9,31041,11893,0.9163346886634827,1,0,0,1200.0,1.0,0.9561752988047809,240,251,251,1,1,1
human_nontata_promoters,j_ge_0p9,29677,7796,0.9750000238418579,1,0,0,1240.0,1.0,0.9880478087649402,248,251,251,1,1,1
human_nontata_promoters,j_ge_0p9,28680,4910,0.991769552230835,1,0,0,1250.0,1.0,0.9960159362549801,250,251,251,1,1,1
human_nontata_promoters,j_ge_0p9,30327,9799,0.9672130942344666,1,0,0,1235.0,1.0,0.9840637450199203,247,251,251,1,1,1
human_nontata_promoters,j_ge_0p9,30011,8810,0.9137254953384399,1,0,0,1200.0,1.0,0.9561752988047809,240,251,251,1,1,1
human_nontata_promoters,j_ge_0p9,30385,10028,0.9918367266654968,1,0,0,1250.0,1.0,0.9960159362549801,250,251,251,1,1,1
human_nontata_promoters,j_ge_0p9,28148,3216,0.9670782089233398,1,0,0,1235.0,1.0,0.9840637450199203,247,251,251,1,1,1
human_nontata_promoters,j_ge_0p9,27414,825,0.9677419066429138,1,0,0,1235.0,1.0,0.9840637450199203,247,251,251,1,1,1
human_nontata_promoters,j_ge_0p9,27989,2697,0.9590163826942444,1,0,0,1230.0,1.0,0.9800796812749004,246,251,251,1,1,1
human_nontata_promoters,j_ge_0p9,34833,23108,0.934959352016449,1,1,1,1246.0,0.9960159362549801,0.9960159362549801,251,251,251,1,1,1
human_nontata_promoters,j_ge_0p9,27683,1675,0.9918367266654968,1,0,0,1250.0,1.0,0.9960159362549801,250,251,251,1,1,1
human_nontata_promoters,j_ge_0p9,28397,4032,0.9137254953384399,1,0,0,1200.0,1.0,0.9561752988047809,240,251,251,1,1,1
human_nontata_promoters,j_ge_0p9,30347,9862,0.9510204195976257,1,0,0,1225.0,1.0,0.9760956175298805,245,251,251,1,1,1
human_nontata_promoters,j_ge_0p9,27988,2693,0.9846153855323792,1,0,0,1245.0,1.0,0.9920318725099602,249,251,251,1,1,1
human_nontata_promoters,j_ge_0p9,30332,9826,0.9834024906158447,1,0,0,1245.0,1.0,0.9920318725099602,249,251,251,1,1,1
human_nontata_promoters,j_ge_0p9,29974,8678,0.9674796462059021,1,0,0,1235.0,1.0,0.9840637450199203,247,251,251,1,1,1
human_nontata_promoters,j_ge_0p9,27245,377,0.9837398529052734,1,0,0,1245.0,1.0,0.9920318725099602,249,251,251,1,1,1
human_nontata_promoters,j_ge_0p9,28107,3093,0.9520000219345093,1,0,0,1225.0,1.0,0.9760956175298805,245,251,251,1,1,1
human_nontata_promoters,j_ge_0p9,30394,10057,0.9288537502288818,1,0,0,1210.0,1.0,0.9641434262948207,242,251,251,1,1,1
human_nontata_promoters,j_ge_0p9,29481,7298,0.9203187227249146,1,0,0,1205.0,1.0,0.9601593625498008,241,251,251,1,1,1
human_nontata_promoters,j_ge_0p9,28075,2963,0.9402390718460083,1,0,0,1215.0,1.0,0.9681274900398407,243,251,251,1,1,1
human_nontata_promoters,j_ge_0p9,28837,5345,0.9217391014099121,1,0,0,1210.0,1.0,0.9641434262948207,242,251,251,1,1,1
human_nontata_promoters,j_ge_0p9,27759,1906,0.9595141410827637,1,0,0,1230.0,1.0,0.9800796812749004,246,251,251,1,1,1
human_nontata_promoters,j_ge_0p9,30846,11330,0.9677419066429138,1,0,0,1235.0,1.0,0.9840637450199203,247,251,251,1,1,1
human_nontata_promoters,j_ge_0p9,30339,9844,0.9387755393981934,1,0,0,1215.0,1.0,0.9681274900398407,243,251,251,1,1,1
human_nontata_promoters,j_ge_0p9,30542,10435,0.9399999976158142,1,0,0,1215.0,1.0,0.9681274900398407,243,251,251,1,1,1
human_nontata_promoters,j_ge_0p9,30384,10022,0.9212598204612732,1,0,0,1205.0,1.0,0.9601593625498008,241,251,251,1,1,1
human_nontata_promoters,j_ge_0p9,27783,2017,0.9032257795333862,1,0,0,1195.0,1.0,0.952191235059761,239,251,251,1,1,1
human_nontata_promoters,j_ge_0p9,29868,8384,0.9677419066429138,1,0,0,1235.0,1.0,0.9840637450199203,247,251,251,1,1,1
human_nontata_promoters,j_ge_0p9,30504,10353,0.935742974281311,1,0,0,1215.0,1.0,0.9681274900398407,243,251,251,1,1,1
human_nontata_promoters,j_ge_0p9,30319,9778,0.9832636117935181,1,0,0,1245.0,1.0,0.9920318725099602,249,251,251,1,1,1
human_nontata_promoters,j_ge_0p9,27274,439,0.9336099624633789,1,0,0,1215.0,1.0,0.9681274900398407,243,251,251,1,1,1
human_nontata_promoters,j_ge_0p9,28349,3913,0.9058823585510254,1,0,0,1195.0,1.0,0.952191235059761,239,251,251,1,1,1
human_nontata_promoters,j_ge_0p9,27856,2263,0.9282868504524231,1,0,0,1210.0,1.0,0.9641434262948207,242,251,251,1,1,1
human_nontata_promoters,j_ge_0p9,29795,8165,0.991769552230835,1,0,0,1250.0,1.0,0.9960159362549801,250,251,251,1,1,1
human_nontata_promoters,j_ge_0p9,30837,11311,0.9440000057220459,1,0,0,1220.0,1.0,0.9721115537848606,244,251,251,1,1,1
human_nontata_promoters,j_ge_0p9,29688,7832,0.934959352016449,1,0,0,1215.0,1.0,0.9681274900398407,243,251,251,1,1,1
human_nontata_promoters,j_ge_0p9,30916,11509,0.9126983880996704,1,0,0,1200.0,1.0,0.9561752988047809,240,251,251,1,1,1
human_nontata_promoters,j_ge_0p9,27399,784,0.9047619104385376,1,0,0,1145.0,1.0,0.9123505976095617,229,251,251,1,1,1
human_nontata_promoters,j_ge_0p9,30382,10024,0.9365079402923584,1,0,0,1215.0,1.0,0.9681274900398407,243,251,251,1,1,1
human_nontata_promoters,j_ge_0p9,30472,10274,0.9516128897666931,1,0,0,1225.0,1.0,0.9760956175298805,245,251,251,1,1,1
human_nontata_promoters,j_ge_0p9,30688,10899,0.9051383137702942,1,0,0,1195.0,1.0,0.952191235059761,239,251,251,1,1,1
human_nontata_promoters,j_ge_0p9,30190,9345,0.9011857509613037,1,0,0,1190.0,1.0,0.9482071713147411,238,251,251,1,1,1
human_nontata_promoters,j_ge_0p9,28525,4413,0.9676113128662109,1,0,0,1235.0,1.0,0.9840637450199203,247,251,251,1,1,1
human_nontata_promoters,j_ge_0p9,29223,6543,0.9282868504524231,1,0,0,1210.0,1.0,0.9641434262948207,242,251,251,1,1,1
human_nontata_promoters,j_ge_0p9,29407,7064,0.9634146094322205,1,0,0,1230.0,1.0,0.9800796812749004,246,251,251,1,1,1
human_nontata_promoters,j_ge_0p9,29110,6185,0.90625,1,0,0,1195.0,1.0,0.952191235059761,239,251,251,1,1,1
human_nontata_promoters,j_ge_0p9,27299,539,0.9757084846496582,1,0,0,1240.0,1.0,0.9880478087649402,248,251,251,1,1,1
human_nontata_promoters,j_ge_0p9,27412,814,0.9067796468734741,1,0,0,1200.0,1.0,0.9561752988047809,240,251,251,1,1,1
human_nontata_promoters,j_ge_0p9,29805,8191,0.9670782089233398,1,0,0,1235.0,1.0,0.9840637450199203,247,251,251,1,1,1
human_nontata_promoters,j_ge_0p9,30367,9953,0.9352226853370667,1,0,0,1215.0,1.0,0.9681274900398407,243,251,251,1,1,1
human_nontata_promoters,j_ge_0p9,30307,9741,0.9362549781799316,1,0,0,1215.0,1.0,0.9681274900398407,243,251,251,1,1,1
human_nontata_promoters,j_ge_0p9,28486,4282,0.957446813583374,1,0,0,1230.0,1.0,0.9800796812749004,246,251,251,1,1,1
human_nontata_promoters,j_ge_0p9,27779,1996,0.9676113128662109,1,0,0,1235.0,1.0,0.9840637450199203,247,251,251,1,1,1
human_nontata_promoters,j_ge_0p9,28090,3023,0.9916666746139526,1,0,0,1250.0,1.0,0.9960159362549801,250,251,251,1,1,1
human_nontata_promoters,j_ge_0p9,30622,10682,0.9595141410827637,1,0,0,1230.0,1.0,0.9800796812749004,246,251,251,1,1,1
human_nontata_promoters,j_ge_0p9,30303,9736,0.9756097793579102,1,0,0,1240.0,1.0,0.9880478087649402,248,251,251,1,1,1
human_nontata_promoters,j_ge_0p9,30402,10065,0.9918367266654968,1,0,0,1250.0,1.0,0.9960159362549801,250,251,251,1,1,1
human_nontata_promoters,j_ge_0p9,29950,8612,0.9442231059074402,1,0,0,1220.0,1.0,0.9721115537848606,244,251,251,1,1,1
human_nontata_promoters,j_ge_0p9,28346,3902,0.9714285731315613,1,0,0,1230.0,1.0,0.9800796812749004,246,251,251,1,1,1
human_nontata_promoters,j_ge_0p9,30875,11410,0.9399999976158142,1,0,0,1215.0,1.0,0.9681274900398407,243,251,251,1,1,1
human_nontata_promoters,j_ge_0p9,27872,2309,0.9435483813285828,1,0,0,1220.0,1.0,0.9721115537848606,244,251,251,1,1,1
human_nontata_promoters,j_ge_0p9,27325,598,0.9520000219345093,1,0,0,1225.0,1.0,0.9760956175298805,245,251,251,1,1,1
human_nontata_promoters,j_ge_0p9,27790,2044,0.9440000057220459,1,0,0,1220.0,1.0,0.9721115537848606,244,251,251,1,1,1
human_nontata_promoters,j_ge_0p9,28665,4859,0.9677419066429138,1,0,0,1235.0,1.0,0.9840637450199203,247,251,251,1,1,1
human_nontata_promoters,j_ge_0p9,30341,9841,0.9508196711540222,1,0,0,1225.0,1.0,0.9760956175298805,245,251,251,1,1,1
human_nontata_promoters,j_ge_0p9,30421,10123,0.9836734533309937,1,0,0,1245.0,1.0,0.9920318725099602,249,251,251,1,1,1
human_nontata_promoters,j_ge_0p9,30310,9753,0.9715447425842285,1,0,0,1235.0,1.0,0.9840637450199203,247,251,251,1,1,1
human_nontata_promoters,j_ge_0p9,29457,7232,0.9212598204612732,1,0,0,1205.0,1.0,0.9601593625498008,241,251,251,1,1,1
human_nontata_promoters,j_ge_0p9,30994,11769,0.9440000057220459,1,0,0,1220.0,1.0,0.9721115537848606,244,251,251,1,1,1
human_nontata_promoters,j_ge_0p9,30305,9744,0.9676113128662109,1,0,0,1235.0,1.0,0.9840637450199203,247,251,251,1,1,1
human_nontata_promoters,j_ge_0p9,28181,3329,0.9429824352264404,1,0,0,1220.0,1.0,0.9721115537848606,244,251,251,1,1,1
human_nontata_promoters,j_ge_0p9,28783,5208,0.9440000057220459,1,0,0,1220.0,1.0,0.9721115537848606,244,251,251,1,1,1
human_nontata_promoters,j_ge_0p9,30302,9733,0.9094488024711609,1,0,0,1195.0,1.0,0.952191235059761,239,251,251,1,1,1
human_nontata_promoters,j_ge_0p9,30300,9731,0.9322709441184998,1,0,0,1210.0,1.0,0.9641434262948207,242,251,251,1,1,1
human_nontata_promoters,j_ge_0p9,27639,1526,0.9428571462631226,1,0,0,1220.0,1.0,0.9721115537848606,244,251,251,1,1,1
human_nontata_promoters,j_ge_0p9,29663,7754,0.9593495726585388,1,0,0,1225.0,1.0,0.9760956175298805,245,251,251,1,1,1
human_nontata_promoters,j_ge_0p9,29543,7443,0.9196786880493164,1,0,0,1205.0,1.0,0.9601593625498008,241,251,251,1,1,1
human_nontata_promoters,j_ge_0p9,30394,10062,0.9918367266654968,1,0,0,1250.0,1.0,0.9960159362549801,250,251,251,1,1,1
human_nontata_promoters,j_ge_0p9,28628,4774,0.90625,1,0,0,1195.0,1.0,0.952191235059761,239,251,251,1,1,1
human_nontata_promoters,j_ge_0p9,29408,7069,0.9435483813285828,1,0,0,1220.0,1.0,0.9721115537848606,244,251,251,1,1,1
human_nontata_promoters,j_ge_0p9,29317,6732,0.9440000057220459,1,0,0,1220.0,1.0,0.9721115537848606,244,251,251,1,1,1
human_nontata_promoters,j_ge_0p9,28524,4413,0.9160000085830688,1,0,0,1180.0,1.0,0.9402390438247012,236,251,251,1,1,1
human_nontata_promoters,j_ge_0p9,29010,5912,0.9430894255638123,1,0,0,1220.0,1.0,0.9721115537848606,244,251,251,1,1,1
human_nontata_promoters,j_ge_0p9,30654,10811,0.9098039269447327,1,0,0,1195.0,1.0,0.952191235059761,239,251,251,1,1,1
human_nontata_promoters,j_ge_0p9,27348,656,0.9918367266654968,1,0,0,1250.0,1.0,0.9960159362549801,250,251,251,1,1,1
human_nontata_promoters,j_ge_0p9,30301,9740,0.9285714030265808,1,0,0,1210.0,1.0,0.9641434262948207,242,251,251,1,1,1
human_nontata_promoters,j_ge_0p9,29221,6538,0.9212598204612732,1,0,0,1205.0,1.0,0.9601593625498008,241,251,251,1,1,1
human_nontata_promoters,j_ge_0p9,30399,10066,0.9365079402923584,1,0,0,1215.0,1.0,0.9681274900398407,243,251,251,1,1,1
human_nontata_promoters,j_ge_0p9,27355,684,0.9563318490982056,1,0,0,1230.0,1.0,0.9800796812749004,246,251,251,1,1,1
human_nontata_promoters,j_ge_0p9,30414,10108,0.9288537502288818,1,0,0,1210.0,1.0,0.9641434262948207,242,251,251,1,1,1
human_nontata_promoters,j_ge_0p9,30124,9161,0.9078341126441956,1,0,0,1205.0,1.0,0.9601593625498008,241,251,251,1,1,1
human_nontata_promoters,j_ge_0p9,29040,6012,0.991416335105896,1,0,0,1250.0,1.0,0.9960159362549801,250,251,251,1,1,1
human_nontata_promoters,j_ge_0p9,30871,11406,0.9674796462059021,1,0,0,1235.0,1.0,0.9840637450199203,247,251,251,1,1,1
human_nontata_promoters,j_ge_0p9,27372,720,0.9836734533309937,1,0,0,1245.0,1.0,0.9920318725099602,249,251,251,1,1,1
human_nontata_promoters,j_ge_0p9,28304,3804,0.9757084846496582,1,0,0,1240.0,1.0,0.9880478087649402,248,251,251,1,1,1
human_nontata_promoters,j_ge_0p9,30309,9749,0.9209486246109009,1,0,0,1205.0,1.0,0.9601593625498008,241,251,251,1,1,1
